train_number,station_code,average_delay_minutes,pct_right_time,pct_slight_delay,pct_significant_delay,pct_cancelled_unknown,train_name,station_name
11013,AD,36.0,43.33,43.33,13.33,0.01,Coimbatore Express,ADONI
11013,ATP,28.0,56.67,33.33,10.0,0.0,Coimbatore Express,ANANTAPUR
11013,BNC,30.0,26.67,63.33,10.0,0.0,Coimbatore Express,BANGALORE CANT
11013,CBE,10.999,86.67,13.33,0.0,0.0,Coimbatore Express,COIMBATORE JN
11013,DMM,18.0,83.33,6.67,10.0,0.0,Coimbatore Express,DHARMAVARAM JN
11013,DPJ,61.0,3.33,53.33,43.33,0.01,Coimbatore Express,DHARMAPURI
11013,DUD,63.0,10.0,60.0,30.0,0.0,Coimbatore Express,DUDHANI
11013,ED,26.0,40.0,43.33,16.67,0.0,Coimbatore Express,ERODE JN
11013,GBD,31.299,36.67,53.33,10.0,0.0,Coimbatore Express,GAURIBIDANUR
11013,GTL,29.0,56.67,33.33,10.0,0.0,Coimbatore Express,GUNTAKAL JN
11013,GUR,67.0,6.67,56.67,36.67,0.0,Coimbatore Express,GANAGAPUR ROAD
11013,HSRA,44.599999999999994,10.0,70.0,20.0,0.0,Coimbatore Express,HOSUR
11013,HUP,33.063900000000004,36.67,50.0,13.33,0.0,Coimbatore Express,HINDUPUR
11013,KLBG,66.0,6.67,56.67,36.67,0.0,Coimbatore Express,KALABURAGI JN
11013,KSN,29.0,63.33,23.33,13.33,0.01,Coimbatore Express,KRISHNA
11013,KWV,60.0,3.33,70.0,26.67,0.0,Coimbatore Express,KURDUVADI
11013,KYN,30.0,60.0,26.67,13.33,0.0,Coimbatore Express,KALYAN JN
11013,LTT,20.0649,80.0,6.67,13.33,0.0,Coimbatore Express,LOKMANYATILAK T
11013,MALM,31.0,60.0,26.67,13.33,0.0,Coimbatore Express,MANTHRALAYAM RD
11013,PUNE,47.6,0.0,80.0,20.0,0.0,Coimbatore Express,PUNE JN
11013,RC,28.0,63.33,23.33,13.33,0.01,Coimbatore Express,RAICHUR
11013,SA,32.8361,43.33,40.0,16.67,0.0,Coimbatore Express,SALEM JN
11013,SBC,14.0,83.33,10.0,6.67,0.0,Coimbatore Express,KSR BANGALORE CY JN
11013,SDB,54.0,13.33,70.0,16.67,0.0,Coimbatore Express,SHAHABAD
11013,SSPN,28.299,46.67,43.33,10.0,0.0,Coimbatore Express,SAI P NILAYAM
11013,SUR,51.0,20.0,63.33,16.67,0.0,Coimbatore Express,SOLAPUR JN
11013,TNA,26.0,76.67,10.0,13.33,0.0,Coimbatore Express,THANE
11013,TUP,31.0,23.33,63.33,13.33,0.01,Coimbatore Express,TIRUPPUR
11013,WADI,26.0,70.0,16.67,13.33,0.0,Coimbatore Express,WADI
11013,YG,31.0,60.0,26.67,13.33,0.0,Coimbatore Express,YADGIR
11014,AD,40.0,20.0,70.0,10.0,0.0,Coimbatore Express,ADONI
11014,ATP,19.0,70.0,26.67,3.33,0.0,Coimbatore Express,ANANTAPUR
11014,BNC,34.0,30.0,63.33,6.67,0.0,Coimbatore Express,BANGALORE CANT
11014,CBE,1.0,100.0,0.0,0.0,0.0,Coimbatore Express,COIMBATORE JN
11014,DD,8.0,93.33,3.33,3.33,0.01,Coimbatore Express,DAUND JN
11014,DMM,14.7649,80.0,16.67,3.33,0.0,Coimbatore Express,DHARMAVARAM JN
11014,DPJ,23.0,43.33,53.33,3.33,0.01,Coimbatore Express,DHARMAPURI
11014,DUD,28.7622,33.33,63.33,3.33,0.0,Coimbatore Express,DUDHANI
11014,ED,9.0,93.33,6.67,0.0,0.0,Coimbatore Express,ERODE JN
11014,GBD,50.0,3.33,76.67,20.0,0.0,Coimbatore Express,GAURIBIDANUR
11014,GTL,39.0,10.0,80.0,10.0,0.0,Coimbatore Express,GUNTAKAL JN
11014,GUR,20.0,56.67,40.0,3.33,0.0,Coimbatore Express,GANAGAPUR ROAD
11014,HSRA,31.0,23.33,73.33,3.33,0.01,Coimbatore Express,HOSUR
11014,HUP,40.0,16.67,70.0,13.33,0.0,Coimbatore Express,HINDUPUR
11014,KLBG,19.0,66.67,30.0,3.33,0.0,Coimbatore Express,KALABURAGI JN
11014,KSN,45.0,16.67,16.67,6.67,59.99,Coimbatore Express,KRISHNA
11014,KWV,37.0,20.0,76.67,3.33,0.0,Coimbatore Express,KURDUVADI
11014,KYN,60.0,10.0,63.33,26.67,0.0,Coimbatore Express,KALYAN JN
11014,LTT,44.0,56.67,16.67,26.67,0.0,Coimbatore Express,LOKMANYATILAK T
11014,MALM,32.0,43.33,50.0,6.67,0.0,Coimbatore Express,MANTHRALAYAM RD
11014,PUNE,20.0,43.33,53.33,3.33,0.01,Coimbatore Express,PUNE JN
11014,RC,27.5361,43.33,50.0,6.67,0.0,Coimbatore Express,RAICHUR
11014,SA,14.0,83.33,13.33,3.33,0.01,Coimbatore Express,SALEM JN
11014,SBC,36.0,23.33,63.33,13.33,0.01,Coimbatore Express,KSR BANGALORE CY JN
11014,SDB,14.0,73.33,23.33,3.33,0.01,Coimbatore Express,SHAHABAD
11014,SSPN,24.0,60.0,33.33,6.67,0.0,Coimbatore Express,SAI P NILAYAM
11014,SUR,27.0,50.0,46.67,3.33,0.0,Coimbatore Express,SOLAPUR JN
11014,TNA,61.0,6.67,66.67,26.67,0.0,Coimbatore Express,THANE
11014,TUP,12.001000000000001,83.33,16.67,0.0,0.0,Coimbatore Express,TIRUPPUR
11014,WADI,13.0,76.67,20.0,3.33,0.0,Coimbatore Express,WADI
11014,YG,39.0,16.67,73.33,10.0,0.0,Coimbatore Express,YADGIR
11027,BGVN,29.0,15.38,76.92,7.69,0.01,Mumbai Chennai Mail,BHIGWAN
11027,BVQ,18.0,61.54,38.46,0.0,0.0,Mumbai Chennai Mail,BHILAVDI
11027,CCH,18.0,38.46,61.54,0.0,0.0,Mumbai Chennai Mail,CHINCHVAD
11027,DD,27.0,23.08,69.23,7.69,0.0,Mumbai Chennai Mail,DAUND JN
11027,DLGN,51.0,0.0,84.62,15.38,0.0,Mumbai Chennai Mail,DHALGAON
11027,DR,1.0,100.0,0.0,0.0,0.0,Mumbai Chennai Mail,DADAR
11027,JEUR,41.0,0.0,84.62,15.38,0.0,Mumbai Chennai Mail,JEUR
11027,JTRD,44.0,0.0,84.62,15.38,0.0,Mumbai Chennai Mail,JATH ROAD
11027,KDG,31.0,7.69,84.62,7.69,0.0,Mumbai Chennai Mail,KEDGAON
11027,KEM,44.0,0.0,84.62,15.38,0.0,Mumbai Chennai Mail,KEM
11027,KOV,19.0,61.54,38.46,0.0,0.0,Mumbai Chennai Mail,KIRLOSKARVADI
11027,KRD,26.0,46.15,46.15,7.69,0.01,Mumbai Chennai Mail,KARAD
11027,KRG,38.0,0.0,84.62,15.38,0.0,Mumbai Chennai Mail,KOREGAON
11027,KVK,55.0,0.0,76.92,23.08,0.0,Mumbai Chennai Mail,KAVATHE MAHANKL
11027,KWV,46.0,0.0,84.62,15.38,0.0,Mumbai Chennai Mail,KURDUVADI
11027,KYN,14.0,61.54,38.46,0.0,0.0,Mumbai Chennai Mail,KALYAN JN
11027,LNL,17.0,53.85,46.15,0.0,0.0,Mumbai Chennai Mail,LONAVALA
11027,MRJ,12.0,76.92,23.08,0.0,0.0,Mumbai Chennai Mail,MIRAJ JN
11027,MSDG,34.0,15.38,69.23,15.38,0.01,Mumbai Chennai Mail,MHASODA DONGAR
11027,MSR,29.0,15.38,76.92,7.69,0.01,Mumbai Chennai Mail,MASUR
11027,PUNE,21.0,61.54,30.77,7.69,0.0,Mumbai Chennai Mail,PUNE JN
11027,PVR,34.151700000000005,23.08,69.23,7.69,0.0,Mumbai Chennai Mail,PANDHARPUR
11027,SGLA,35.0,7.69,76.92,15.38,0.01,Mumbai Chennai Mail,SANGOLA
11027,SLI,16.0,69.23,30.77,0.0,0.0,Mumbai Chennai Mail,SANGLI
11027,STR,2.0,84.62,15.38,0.0,0.0,Mumbai Chennai Mail,SATARA
11027,TGN,20.0,30.77,69.23,0.0,0.0,Mumbai Chennai Mail,TALEGAON
11027,TKR,21.0,61.54,38.46,0.0,0.0,Mumbai Chennai Mail,TAKARI
11027,TNA,3.0,100.0,0.0,0.0,0.0,Mumbai Chennai Mail,THANE
11027,URI,28.0,15.38,76.92,7.69,0.01,Mumbai Chennai Mail,URULI
11028,BGVN,13.0,46.15,53.85,0.0,0.0,Mumbai Chennai Mail,BHIGWAN
11028,BVQ,7.0,76.92,23.08,0.0,0.0,Mumbai Chennai Mail,BHILAVDI
11028,CCH,34.693,7.69,92.31,0.0,0.0,Mumbai Chennai Mail,CHINCHVAD
11028,DD,6.0,84.62,15.38,0.0,0.0,Mumbai Chennai Mail,DAUND JN
11028,DLGN,18.538,61.54,38.46,0.0,0.0,Mumbai Chennai Mail,DHALGAON
11028,DR,15.0,69.23,30.77,0.0,0.0,Mumbai Chennai Mail,DADAR
11028,JEUR,30.0,30.77,69.23,0.0,0.0,Mumbai Chennai Mail,JEUR
11028,JTRD,20.0,30.77,69.23,0.0,0.0,Mumbai Chennai Mail,JATH ROAD
11028,KDG,10.0,76.92,23.08,0.0,0.0,Mumbai Chennai Mail,KEDGAON
11028,KEM,26.0,38.46,61.54,0.0,0.0,Mumbai Chennai Mail,KEM
11028,KOV,8.0,76.92,23.08,0.0,0.0,Mumbai Chennai Mail,KIRLOSKARVADI
11028,KRD,19.0,46.15,53.85,0.0,0.0,Mumbai Chennai Mail,KARAD
11028,KRG,13.0,76.92,23.08,0.0,0.0,Mumbai Chennai Mail,KOREGAON
11028,KVK,8.0,100.0,0.0,0.0,0.0,Mumbai Chennai Mail,KAVATHE MAHANKL
11028,KWV,33.0,23.08,76.92,0.0,0.0,Mumbai Chennai Mail,KURDUVADI
11028,KYN,29.0,23.08,76.92,0.0,0.0,Mumbai Chennai Mail,KALYAN JN
11028,LNL,10.0,69.23,30.77,0.0,0.0,Mumbai Chennai Mail,LONAVALA
11028,MRJ,0.0,100.0,0.0,0.0,0.0,Mumbai Chennai Mail,MIRAJ JN
11028,MSDG,27.769000000000002,30.77,69.23,0.0,0.0,Mumbai Chennai Mail,MHASODA DONGAR
11028,MSR,21.0,30.77,69.23,0.0,0.0,Mumbai Chennai Mail,MASUR
11028,PUNE,18.0,53.85,46.15,0.0,0.0,Mumbai Chennai Mail,PUNE JN
11028,PVR,5.0,100.0,0.0,0.0,0.0,Mumbai Chennai Mail,PANDHARPUR
11028,SGLA,26.0,7.69,92.31,0.0,0.0,Mumbai Chennai Mail,SANGOLA
11028,SLI,6.0,92.31,7.69,0.0,0.0,Mumbai Chennai Mail,SANGLI
11028,STR,0.0,100.0,0.0,0.0,0.0,Mumbai Chennai Mail,SATARA
11028,TGN,29.0,7.69,92.31,0.0,0.0,Mumbai Chennai Mail,TALEGAON
11028,TKR,11.0,76.92,23.08,0.0,0.0,Mumbai Chennai Mail,TAKARI
11028,TNA,29.0,15.38,84.62,0.0,0.0,Mumbai Chennai Mail,THANE
11028,URI,15.0,61.54,38.46,0.0,0.0,Mumbai Chennai Mail,URULI
12001,AGC,17.0,80.0,13.33,6.67,0.0,Shatabdi,AGRA CANTT
12001,BINA,6.0,90.0,6.67,3.33,0.0,Shatabdi,BINA JN
12001,BPL,0.0,93.33,6.67,0.0,0.0,Shatabdi,BHOPAL JN
12001,DHO,16.0,80.0,13.33,6.67,0.0,Shatabdi,DHAULPUR
12001,GWL,25.0,60.0,33.33,6.67,0.0,Shatabdi,GWALIOR
12001,LAR,17.0,70.0,26.67,3.33,0.0,Shatabdi,LALITPUR
12001,MRA,28.0,43.33,50.0,6.67,0.0,Shatabdi,MORENA
12001,MTJ,22.0,73.33,20.0,6.67,0.0,Shatabdi,MATHURA JN
12001,NDLS,11.0,83.33,10.0,6.67,0.0,Shatabdi,NEW DELHI
12001,RKMP,3.0,93.33,6.67,0.0,0.0,Shatabdi,RANI KAMLAPATI
12001,VGLJ,18.0,80.0,13.33,6.67,0.0,Shatabdi,V LAKSHMIBAI JHANSI
12002,AGC,22.0,3.33,96.67,0.0,0.0,Shatabdi,AGRA CANTT
12002,BINA,9.0,83.33,16.67,0.0,0.0,Shatabdi,BINA JN
12002,BPL,13.0,66.67,33.33,0.0,0.0,Shatabdi,BHOPAL JN
12002,DHO,14.0,66.67,33.33,0.0,0.0,Shatabdi,DHAULPUR
12002,GWL,25.999,36.67,63.33,0.0,0.0,Shatabdi,GWALIOR
12002,LAR,21.001,53.33,46.67,0.0,0.0,Shatabdi,LALITPUR
12002,MRA,17.0,46.67,53.33,0.0,0.0,Shatabdi,MORENA
12002,MTJ,17.0,40.0,60.0,0.0,0.0,Shatabdi,MATHURA JN
12002,NDLS,1.0,100.0,0.0,0.0,0.0,Shatabdi,NEW DELHI
12002,RKMP,3.0,83.33,16.67,0.0,0.0,Shatabdi,RANI KAMLAPATI
12002,VGLJ,13.0,80.0,20.0,0.0,0.0,Shatabdi,V LAKSHMIBAI JHANSI
12009,ADI,0.0,92.0,8.0,0.0,0.0,Shatabdi,AHMEDABAD JN
12009,ANND,8.0,92.0,8.0,0.0,0.0,Shatabdi,ANAND JN
12009,BH,13.0,72.0,28.0,0.0,0.0,Shatabdi,BHARUCH JN
12009,BRC,7.0,96.0,4.0,0.0,0.0,Shatabdi,VADODARA JN
12009,BVI,13.0,72.0,28.0,0.0,0.0,Shatabdi,BORIVALI
12009,MMCT,1.0,100.0,0.0,0.0,0.0,Shatabdi,MUMBAI CENTRAL
12009,ND,7.0,96.0,4.0,0.0,0.0,Shatabdi,NADIAD JN
12009,ST,10.0,84.0,16.0,0.0,0.0,Shatabdi,SURAT
12009,VAPI,19.0,16.0,84.0,0.0,0.0,Shatabdi,VAPI
12010,ADI,0.0,100.0,0.0,0.0,0.0,Shatabdi,AHMEDABAD JN
12010,ANND,5.0,96.0,4.0,0.0,0.0,Shatabdi,ANAND JN
12010,BH,0.0,100.0,0.0,0.0,0.0,Shatabdi,BHARUCH JN
12010,BRC,5.0,96.0,4.0,0.0,0.0,Shatabdi,VADODARA JN
12010,BVI,21.0,12.0,88.0,0.0,0.0,Shatabdi,BORIVALI
12010,MMCT,2.0,96.0,4.0,0.0,0.0,Shatabdi,MUMBAI CENTRAL
12010,ND,9.0,84.0,16.0,0.0,0.0,Shatabdi,NADIAD JN
12010,ST,3.0,100.0,0.0,0.0,0.0,Shatabdi,SURAT
12010,VAPI,0.0,100.0,0.0,0.0,0.0,Shatabdi,VAPI
12019,ASN,16.0,64.0,36.0,0.0,0.0,Shatabdi,ASANSOL JN
12019,BKSC,1.0,100.0,0.0,0.0,0.0,Shatabdi,BOKARO STL CITY
12019,CRP,4.0,96.0,4.0,0.0,0.0,Shatabdi,CHANDRAPURA
12019,DGR,12.0,80.0,20.0,0.0,0.0,Shatabdi,DURGAPUR
12019,DHN,3.0,100.0,0.0,0.0,0.0,Shatabdi,DHANBAD JN
12019,HWH,1.0,100.0,0.0,0.0,0.0,Shatabdi,HOWRAH JN
12019,MURI,6.0,92.0,8.0,0.0,0.0,Shatabdi,MURI
12019,RNC,0.0,96.0,4.0,0.0,0.0,Shatabdi,RANCHI
12019,RNG,14.0,72.0,28.0,0.0,0.0,Shatabdi,RANIGANJ
12020,ASN,18.0,72.0,24.0,4.0,0.0,Shatabdi,ASANSOL JN
12020,BKSC,10.6,88.0,12.0,0.0,0.0,Shatabdi,BOKARO STL CITY
12020,CRP,6.0,88.0,12.0,0.0,0.0,Shatabdi,CHANDRAPURA
12020,DGR,17.52,72.0,24.0,4.0,0.0,Shatabdi,DURGAPUR
12020,DHN,6.0,92.0,8.0,0.0,0.0,Shatabdi,DHANBAD JN
12020,HWH,7.0,80.0,16.0,4.0,0.0,Shatabdi,HOWRAH JN
12020,MURI,0.0,100.0,0.0,0.0,0.0,Shatabdi,MURI
12020,RNC,2.0,96.0,4.0,0.0,0.0,Shatabdi,RANCHI
12020,RNG,15.0,60.0,36.0,4.0,0.0,Shatabdi,RANIGANJ
12049,AGC,1.0,100.0,0.0,0.0,0.0,Gatimaan Express,AGRA CANTT
12049,GWL,2.0,96.15,3.85,0.0,0.0,Gatimaan Express,GWALIOR
12049,NZM,0.0,92.31,7.69,0.0,0.0,Gatimaan Express,H NIZAMUDDIN
12049,VGLJ,0.0,100.0,0.0,0.0,0.0,Gatimaan Express,V LAKSHMIBAI JHANSI
12050,AGC,15.0,76.92,23.08,0.0,0.0,Gatimaan Express,AGRA CANTT
12050,GWL,19.0,42.31,57.69,0.0,0.0,Gatimaan Express,GWALIOR
12050,NZM,0.0,100.0,0.0,0.0,0.0,Gatimaan Express,H NIZAMUDDIN
12050,VGLJ,2.0,92.31,7.69,0.0,0.0,Gatimaan Express,V LAKSHMIBAI JHANSI
12137,AGC,26.0,69.04,21.64,9.32,0.0,Punjab Mail,AGRA CANTT
12137,BAB,35.0,38.08,52.88,9.04,0.0,Punjab Mail,BABINA
12137,BAQ,42.0,7.12,83.01,9.86,0.01,Punjab Mail,GANJ BASODA
12137,BAU,35.0,26.3,67.12,6.58,0.0,Punjab Mail,BURHANPUR
12137,BGZ,61.0,4.93,67.95,27.12,0.0,Punjab Mail,BAHADURGARH
12137,BHS,37.0,17.81,73.7,8.49,0.0,Punjab Mail,VIDISHA
12137,BINA,18.0,80.82,12.05,7.12,0.01,Punjab Mail,BINA JN
12137,BLZ,52.253600000000006,10.14,55.34,34.52,0.0,Punjab Mail,BUDHLADA
12137,BPF,37.0,12.6,80.27,7.12,0.01,Punjab Mail,BANAPURA
12137,BPL,26.0,53.15,42.19,4.66,0.0,Punjab Mail,BHOPAL JN
12137,BRZ,64.0,10.41,56.16,33.42,0.01,Punjab Mail,BARETA
12137,BSL,35.0,29.04,64.38,6.58,0.0,Punjab Mail,BHUSAVAL JN
12137,BTI,49.0,40.55,39.45,20.0,0.0,Punjab Mail,BHATINDA JN
12137,CSMT,12.0,96.16,0.82,3.01,0.01,Punjab Mail,C SHIVAJI TERM MUMBAI
12137,CSN,40.0,12.6,81.1,6.03,0.27,Punjab Mail,CHALISGAON JN
12137,DAA,35.0,40.27,49.59,10.14,0.0,Punjab Mail,DATIA
12137,DBA,35.621300000000005,24.93,63.56,11.51,0.0,Punjab Mail,DABRA
12137,DHO,21.0,79.45,12.05,8.49,0.01,Punjab Mail,DHAULPUR
12137,DKZ,49.0,21.64,62.19,16.16,0.01,Punjab Mail,DELHI KISHANGNJ
12137,DR,17.0,94.52,2.47,3.01,0.0,Punjab Mail,DADAR
12137,ET,16.0,86.03,9.32,4.66,0.0,Punjab Mail,ITARSI JN
12137,FDB,26.0,75.89,14.52,9.59,0.0,Punjab Mail,FARIDABAD
12137,FDK,66.0,25.21,40.27,34.52,0.0,Punjab Mail,FARIDKOT
12137,FZR,39.0,53.42,31.23,15.34,0.01,Punjab Mail,FIROZPUR CANT
12137,GJUT,42.7864,27.67,45.75,26.58,0.0,Punjab Mail,GANGSAR JAITU
12137,GNA,57.0,30.14,45.21,24.66,0.0,Punjab Mail,GONEANA BHAI JAGTA
12137,GWL,55.0,5.75,79.45,14.79,0.01,Punjab Mail,GWALIOR
12137,HD,28.0,44.93,49.32,5.75,0.0,Punjab Mail,HARDA
12137,JHL,62.0,13.42,55.07,31.51,0.0,Punjab Mail,JAKHAL JN
12137,JIND,64.0,7.67,62.19,30.14,0.0,Punjab Mail,JIND JN
12137,JL,40.0,16.71,76.44,6.85,0.0,Punjab Mail,JALGAON JN
12137,KKN,20.0,74.25,21.37,4.38,0.0,Punjab Mail,KHIRKIYA
12137,KKP,45.5317,25.75,43.56,30.68,0.0,Punjab Mail,KOT KAPURA
12137,KNW,16.0,89.32,6.85,3.84,0.0,Punjab Mail,KHANDWA
12137,KSRA,27.0,39.73,55.89,3.84,0.54,Punjab Mail,KASARA
12137,KSV,48.0,4.93,81.1,13.97,0.0,Punjab Mail,KOSI KALAN
12137,KYN,29.0,22.19,73.97,3.56,0.28,Punjab Mail,KALYAN JN
12137,LAR,28.0,53.15,38.63,8.22,0.0,Punjab Mail,LALITPUR
12137,MAUR,70.0,6.58,55.07,38.36,0.0,Punjab Mail,MAUR
12137,MMR,33.0,28.49,66.03,5.21,0.27,Punjab Mail,MANMAD JN
12137,MRA,56.0,1.1,81.64,17.26,0.0,Punjab Mail,MORENA
12137,MSZ,68.0,7.95,55.62,36.44,0.0,Punjab Mail,MANSA
12137,MTJ,41.0,21.37,65.75,12.88,0.0,Punjab Mail,MATHURA JN
12137,NDLS,43.0,35.07,51.51,13.42,0.0,Punjab Mail,NEW DELHI
12137,NDPM,19.0,78.9,16.44,4.66,0.0,Punjab Mail,NARMADAPURAM
12137,NK,31.810900000000004,26.3,67.67,5.48,0.55,Punjab Mail,NASIK ROAD
12137,NRW,65.0,7.12,60.82,32.05,0.01,Punjab Mail,NARWANA JN
12137,NZM,36.0,50.41,38.36,11.23,0.0,Punjab Mail,H NIZAMUDDIN
12137,RKM,28.0,64.11,26.3,9.59,0.0,Punjab Mail,RAJA KI MANDI
12137,RKMP,19.0,74.25,21.1,4.66,0.0,Punjab Mail,RANI KAMLAPATI
12137,ROK,64.0,3.84,66.03,30.14,0.0,Punjab Mail,ROHTAK JN
12137,SSB,55.0,14.52,62.74,22.74,0.0,Punjab Mail,SHAKURBASTI
12137,TUN,52.433499999999995,7.12,59.73,33.15,0.0,Punjab Mail,TOHANA
12137,VGLJ,30.0,55.07,36.99,7.95,0.0,Punjab Mail,V LAKSHMIBAI JHANSI
12138,AGC,48.0,1.64,80.0,18.36,0.0,Punjab Mail,AGRA CANTT
12138,BAB,33.0,48.77,38.36,12.6,0.27,Punjab Mail,BABINA
12138,BAQ,43.0,35.89,45.75,18.36,0.0,Punjab Mail,GANJ BASODA
12138,BAU,31.5372,56.44,21.92,21.64,0.0,Punjab Mail,BURHANPUR
12138,BGZ,18.0,67.4,27.4,5.21,0.0,Punjab Mail,BAHADURGARH
12138,BHS,51.0,14.79,64.38,20.82,0.01,Punjab Mail,VIDISHA
12138,BINA,34.0,63.01,21.64,15.34,0.01,Punjab Mail,BINA JN
12138,BLZ,16.0,84.93,13.42,1.64,0.01,Punjab Mail,BUDHLADA
12138,BPF,61.0,5.21,67.4,27.4,0.0,Punjab Mail,BANAPURA
12138,BPL,36.092,38.36,41.64,20.0,0.0,Punjab Mail,BHOPAL JN
12138,BRZ,18.0,79.45,18.9,1.64,0.01,Punjab Mail,BARETA
12138,BSL,52.0,28.49,49.32,22.19,0.0,Punjab Mail,BHUSAVAL JN
12138,BTI,6.0,96.71,2.74,0.55,0.0,Punjab Mail,BHATINDA JN
12138,CSMT,36.0,61.37,17.81,19.73,1.09,Punjab Mail,C SHIVAJI TERM MUMBAI
12138,CSN,57.0,20.0,55.89,24.11,0.0,Punjab Mail,CHALISGAON JN
12138,DAA,48.0,6.85,75.89,16.99,0.27,Punjab Mail,DATIA
12138,DBA,37.0,38.63,47.95,13.15,0.27,Punjab Mail,DABRA
12138,DHO,27.0,56.71,33.7,9.59,0.0,Punjab Mail,DHAULPUR
12138,DKZ,17.0,76.44,18.36,5.21,0.0,Punjab Mail,DELHI KISHANGNJ
12138,DR,51.0,29.86,48.77,21.37,0.0,Punjab Mail,DADAR
12138,ET,50.0,29.86,46.3,23.84,0.0,Punjab Mail,ITARSI JN
12138,FDB,25.0,64.38,22.19,13.42,0.01,Punjab Mail,FARIDABAD
12138,FDK,12.0,93.15,6.58,0.27,0.0,Punjab Mail,FARIDKOT
12138,FZR,0.0,98.08,1.64,0.27,0.0,Punjab Mail,FIROZPUR CANT
12138,GJUT,14.0,86.03,13.15,0.82,0.0,Punjab Mail,GANGSAR JAITU
12138,GNA,13.0,86.3,12.6,1.1,0.0,Punjab Mail,GONEANA BHAI JAGTA
12138,GWL,27.485300000000002,52.05,36.44,11.51,0.0,Punjab Mail,GWALIOR
12138,HD,70.0,1.1,66.85,32.05,0.0,Punjab Mail,HARDA
12138,JHL,15.0,85.75,12.33,1.92,0.0,Punjab Mail,JAKHAL JN
12138,JIND,17.090200000000003,73.15,23.01,3.84,0.0,Punjab Mail,JIND JN
12138,JL,49.0,35.62,43.29,21.1,0.0,Punjab Mail,JALGAON JN
12138,KKN,75.0,0.0,63.29,36.71,0.0,Punjab Mail,KHIRKIYA
12138,KKP,16.0,69.04,30.41,0.55,0.0,Punjab Mail,KOT KAPURA
12138,KNW,39.0,61.37,17.53,21.1,0.0,Punjab Mail,KHANDWA
12138,KSV,29.0,63.56,20.0,16.44,0.0,Punjab Mail,KOSI KALAN
12138,KYN,47.0,41.92,37.53,20.55,0.0,Punjab Mail,KALYAN JN
12138,LAR,43.0,22.47,61.37,15.89,0.27,Punjab Mail,LALITPUR
12138,MAUR,13.0,90.96,8.22,0.82,0.0,Punjab Mail,MAUR
12138,MMR,65.0,8.77,64.66,26.58,0.0,Punjab Mail,MANMAD JN
12138,MRA,23.0,69.04,20.82,10.14,0.0,Punjab Mail,MORENA
12138,MSZ,15.0,86.58,12.6,0.82,0.0,Punjab Mail,MANSA
12138,MTJ,42.0,14.52,67.4,18.08,0.0,Punjab Mail,MATHURA JN
12138,NDLS,15.0,81.64,12.88,5.48,0.0,Punjab Mail,NEW DELHI
12138,NDPM,49.0,32.88,42.19,24.93,0.0,Punjab Mail,NARMADAPURAM
12138,NK,62.0,10.41,63.56,26.03,0.0,Punjab Mail,NASIK ROAD
12138,NRW,21.0,57.81,38.9,3.29,0.0,Punjab Mail,NARWANA JN
12138,RKM,54.0,0.55,78.08,21.37,0.0,Punjab Mail,RAJA KI MANDI
12138,RKMP,46.0,37.26,40.0,22.74,0.0,Punjab Mail,RANI KAMLAPATI
12138,ROK,15.0,75.34,20.27,4.38,0.01,Punjab Mail,ROHTAK JN
12138,SSB,14.0,81.92,13.97,4.11,0.0,Punjab Mail,SHAKURBASTI
12138,TUN,15.0,84.66,12.88,2.47,0.0,Punjab Mail,TOHANA
12138,VGLJ,27.0,63.56,25.21,10.96,0.27,Punjab Mail,V LAKSHMIBAI JHANSI
12163,AD,27.0,45.48,47.12,7.4,0.0,Chennai Express,ADONI
12163,AJJ,33.0,26.58,66.3,7.12,0.0,Chennai Express,ARAKKONAM
12163,GTL,24.0,53.97,37.26,8.77,0.0,Chennai Express,GUNTAKAL JN
12163,GY,25.0,56.99,34.79,8.22,0.0,Chennai Express,GOOTY JN
12163,HX,22.0,60.0,33.15,6.85,0.0,Chennai Express,CUDDAPAH
12163,KLBG,38.0654,17.26,70.96,11.78,0.0,Chennai Express,KALABURAGI JN
12163,KOU,45.0,0.0,3.01,0.0,96.99,Chennai Express,KODURU
12163,KYN,24.0,42.74,53.15,4.11,0.0,Chennai Express,KALYAN JN
12163,LNL,35.0,3.01,86.3,5.21,5.48,Chennai Express,LONAVALA
12163,LTT,12.0,89.32,7.4,3.29,0.0,Chennai Express,LOKMANYATILAK T
12163,MALM,30.0,39.73,52.05,8.22,0.0,Chennai Express,MANTHRALAYAM RD
12163,MAS,6.0,89.59,4.93,4.93,0.55,Chennai Express,CHENNAI CENTRAL
12163,PER,44.0,17.81,67.12,14.52,0.55,Chennai Express,PERAMBUR
12163,PUNE,38.0,3.56,87.67,8.77,0.0,Chennai Express,PUNE JN
12163,PUT,19.0,70.14,24.11,5.75,0.0,Chennai Express,PUTTUR
12163,RC,27.9842,44.11,47.95,7.95,0.0,Chennai Express,RAICHUR
12163,RJP,28.0,45.21,47.12,7.67,0.0,Chennai Express,RAZAMPETA
12163,RU,18.0,73.97,20.27,5.75,0.01,Chennai Express,RENIGUNTA JN
12163,SADP,24.0,55.62,37.81,6.58,0.0,Chennai Express,SAIDAPUR
12163,SUR,31.0,32.88,58.63,8.49,0.0,Chennai Express,SOLAPUR JN
12163,TNA,11.0,90.14,6.85,3.01,0.0,Chennai Express,THANE
12163,TRT,18.0,69.86,24.11,6.03,0.0,Chennai Express,TIRUTTANI
12163,TU,23.0,59.18,33.7,7.12,0.0,Chennai Express,TADIPATRI
12163,WADI,18.0,71.51,22.19,6.3,0.0,Chennai Express,WADI
12163,YA,24.0,54.25,38.63,7.12,0.0,Chennai Express,YERRAGUNTLA
12163,YG,23.0,59.18,33.97,6.85,0.0,Chennai Express,YADGIR
12164,AD,39.0,0.0,90.0,10.0,0.0,Chennai Express,ADONI
12164,AJJ,13.0,73.33,26.67,0.0,0.0,Chennai Express,ARAKKONAM
12164,GTL,40.0,0.0,93.33,6.67,0.0,Chennai Express,GUNTAKAL JN
12164,GY,27.0,16.67,83.33,0.0,0.0,Chennai Express,GOOTY JN
12164,HX,31.998999999999995,16.67,83.33,0.0,0.0,Chennai Express,CUDDAPAH
12164,KLBG,6.0,93.33,6.67,0.0,0.0,Chennai Express,KALABURAGI JN
12164,KOU,26.0,26.67,73.33,0.0,0.0,Chennai Express,KODURU
12164,KYN,51.0,0.0,80.0,20.0,0.0,Chennai Express,KALYAN JN
12164,LNL,34.0,10.0,73.33,16.67,0.0,Chennai Express,LONAVALA
12164,LTT,9.0,80.0,16.67,3.33,0.0,Chennai Express,LOKMANYATILAK T
12164,MALM,42.300000000000004,0.0,90.0,10.0,0.0,Chennai Express,MANTHRALAYAM RD
12164,MAS,1.0,100.0,0.0,0.0,0.0,Chennai Express,CHENNAI CENTRAL
12164,PUNE,24.7639,46.67,50.0,3.33,0.0,Chennai Express,PUNE JN
12164,PUT,19.0,36.67,63.33,0.0,0.0,Chennai Express,PUTTUR
12164,RC,31.0,10.0,83.33,6.67,0.0,Chennai Express,RAICHUR
12164,RJP,34.0,0.0,100.0,0.0,0.0,Chennai Express,RAZAMPETA
12164,RU,23.0,26.67,73.33,0.0,0.0,Chennai Express,RENIGUNTA JN
12164,SADP,25.0,33.33,63.33,3.33,0.01,Chennai Express,SAIDAPUR
12164,SUR,20.0,43.33,53.33,3.33,0.01,Chennai Express,SOLAPUR JN
12164,TNA,54.0,0.0,76.67,23.33,0.0,Chennai Express,THANE
12164,TRT,12.0,76.67,23.33,0.0,0.0,Chennai Express,TIRUTTANI
12164,TU,30.0,13.33,86.67,0.0,0.0,Chennai Express,TADIPATRI
12164,WADI,8.0,90.0,6.67,3.33,0.0,Chennai Express,WADI
12164,YA,32.0,16.67,83.33,0.0,0.0,Chennai Express,YERRAGUNTLA
12164,YG,25.0,40.0,53.33,6.67,0.0,Chennai Express,YADGIR
12201,ANKL,53.0,37.5,25.0,37.5,0.0,Garib Rath,ANKOLA
12201,BYNR,20.0,50.0,37.5,12.5,0.0,Garib Rath,MOOKAMBIKA ROAD
12201,CAN,26.0,50.0,37.5,12.5,0.0,Garib Rath,KANNUR
12201,CGY,20.0,75.0,12.5,12.5,0.0,Garib Rath,CHANGANASERI
12201,CLT,18.0,75.0,12.5,12.5,0.0,Garib Rath,KOZHIKODE
12201,CNGR,21.125,75.0,12.5,12.5,0.0,Garib Rath,CHENGANNUR
12201,ERN,24.875,62.5,25.0,12.5,0.0,Garib Rath,ERNAKULAM TOWN
12201,KAWR,51.0,37.5,25.0,37.5,0.0,Garib Rath,KARWAR
12201,KGQ,23.0,75.0,12.5,12.5,0.0,Garib Rath,KASARAGOD
12201,KTYM,20.0,75.0,12.5,12.5,0.0,Garib Rath,KOTTAYAM
12201,KYJ,22.0,75.0,12.5,12.5,0.0,Garib Rath,KAYANKULAM JN
12201,LTT,4.0,87.5,12.5,0.0,0.0,Garib Rath,LOKMANYATILAK T
12201,MAJN,21.125,75.0,12.5,12.5,0.0,Garib Rath,MANGALORE JN
12201,MAO,41.0,37.5,37.5,25.0,0.0,Garib Rath,MADGAON
12201,PNVL,13.0,62.5,37.5,0.0,0.0,Garib Rath,PANVEL
12201,QLN,24.875,62.5,25.0,12.5,0.0,Garib Rath,KOLLAM JN
12201,RN,58.0,12.5,37.5,50.0,0.0,Garib Rath,RATNAGIRI
12201,SRR,21.0,75.0,12.5,12.5,0.0,Garib Rath,SHORANUR JN
12201,TCR,21.0,75.0,12.5,12.5,0.0,Garib Rath,THRISUR
12201,TIR,23.0,50.0,37.5,12.5,0.0,Garib Rath,TIRUR
12201,TNA,11.0,87.5,12.5,0.0,0.0,Garib Rath,THANE
12201,TRVL,21.125,75.0,12.5,12.5,0.0,Garib Rath,TIRUVALLA
12201,TVCN,10.75,87.5,12.5,0.0,0.0,Garib Rath,TRIVANDRUM NORTH
12201,UD,24.0,50.0,37.5,12.5,0.0,Garib Rath,UDUPI
12202,ANKL,45.0,0.0,66.67,33.33,0.0,Garib Rath,ANKOLA
12202,BYNR,42.8883,0.0,88.89,11.11,0.0,Garib Rath,MOOKAMBIKA ROAD
12202,CAN,50.0,0.0,88.89,11.11,0.0,Garib Rath,KANNUR
12202,CGY,15.0,55.56,44.44,0.0,0.0,Garib Rath,CHANGANASERI
12202,CLT,25.0,11.11,88.89,0.0,0.0,Garib Rath,KOZHIKODE
12202,CNGR,14.0,66.67,33.33,0.0,0.0,Garib Rath,CHENGANNUR
12202,ERN,11.0,66.67,33.33,0.0,0.0,Garib Rath,ERNAKULAM TOWN
12202,KAWR,48.0,0.0,77.78,22.22,0.0,Garib Rath,KARWAR
12202,KGQ,55.0,0.0,77.78,22.22,0.0,Garib Rath,KASARAGOD
12202,KTYM,18.0,33.33,66.67,0.0,0.0,Garib Rath,KOTTAYAM
12202,KYJ,12.0,77.78,22.22,0.0,0.0,Garib Rath,KAYANKULAM JN
12202,LTT,17.0,55.56,33.33,11.11,0.0,Garib Rath,LOKMANYATILAK T
12202,MAJN,34.0,0.0,88.89,11.11,0.0,Garib Rath,MANGALORE JN
12202,MAO,35.0,11.11,77.78,11.11,0.0,Garib Rath,MADGAON
12202,PNVL,41.0,11.11,77.78,11.11,0.0,Garib Rath,PANVEL
12202,QLN,8.0,88.89,11.11,0.0,0.0,Garib Rath,KOLLAM JN
12202,RN,66.0,11.11,22.22,66.67,0.0,Garib Rath,RATNAGIRI
12202,SRR,13.0,55.56,44.44,0.0,0.0,Garib Rath,SHORANUR JN
12202,TCR,20.0,44.44,55.56,0.0,0.0,Garib Rath,THRISUR
12202,TIR,22.0,22.22,77.78,0.0,0.0,Garib Rath,TIRUR
12202,TNA,45.0,11.11,66.67,22.22,0.0,Garib Rath,THANE
12202,TRVL,14.0,55.56,44.44,0.0,0.0,Garib Rath,TIRUVALLA
12202,TVCN,1.0,100.0,0.0,0.0,0.0,Garib Rath,TRIVANDRUM NORTH
12202,UD,44.0,0.0,88.89,11.11,0.0,Garib Rath,UDUPI
12235,ANVT,0.0,100.0,0.0,0.0,0.0,Duronto Express,ANAND VIHAR TRM
12235,ARA,38.0,0.0,100.0,0.0,0.0,Duronto Express,ARA
12235,BXR,51.0,0.0,75.0,25.0,0.0,Duronto Express,BUXAR
12235,CNB,13.0,50.0,50.0,0.0,0.0,Duronto Express,KANPUR CENTRAL
12235,DDU,1.0,100.0,0.0,0.0,0.0,Duronto Express,PT DEEN DAYAL UPADHYAY JN
12235,JAJ,3.0,100.0,0.0,0.0,0.0,Duronto Express,JHAJHA
12235,JSME,12.0,75.0,25.0,0.0,0.0,Duronto Express,JASIDIH JN
12235,KIUL,29.5,25.0,75.0,0.0,0.0,Duronto Express,KIUL JN
12235,MDP,6.0,75.0,25.0,0.0,0.0,Duronto Express,MADHUPUR JN
12235,MKA,35.0,0.0,100.0,0.0,0.0,Duronto Express,MOKAMEH JN
12235,PNBE,18.0,50.0,50.0,0.0,0.0,Duronto Express,PATNA JN
12235,PRYJ,6.0,100.0,0.0,0.0,0.0,Duronto Express,PRAYAGRAJ JN
12236,ANVT,56.0,25.0,25.0,50.0,0.0,Duronto Express,ANAND VIHAR TRM
12236,ARA,157.0,25.0,25.0,50.0,0.0,Duronto Express,ARA
12236,BXR,152.0,25.0,25.0,50.0,0.0,Duronto Express,BUXAR
12236,CNB,56.0,25.0,25.0,50.0,0.0,Duronto Express,KANPUR CENTRAL
12236,DDU,147.0,25.0,25.0,50.0,0.0,Duronto Express,PT DEEN DAYAL UPADHYAY JN
12236,JAJ,143.0,50.0,0.0,50.0,0.0,Duronto Express,JHAJHA
12236,JSME,152.0,50.0,0.0,50.0,0.0,Duronto Express,JASIDIH JN
12236,KIUL,76.75,0.0,25.0,75.0,0.0,Duronto Express,KIUL JN
12236,MDP,126.0,50.0,0.0,50.0,0.0,Duronto Express,MADHUPUR JN
12236,MKA,76.75,0.0,25.0,75.0,0.0,Duronto Express,MOKAMEH JN
12236,PNBE,63.5,0.0,50.0,50.0,0.0,Duronto Express,PATNA JN
12236,PRYJ,159.0,25.0,25.0,50.0,0.0,Duronto Express,PRAYAGRAJ JN
12245,BBS,111.0,0.0,18.18,81.82,0.0,Duronto Express,BHUBANESWAR
12245,BZA,69.36789999999999,4.55,31.82,63.64,0.0,Duronto Express,VIJAYAWADA JN
12245,HWH,13.0,86.36,9.09,4.55,0.0,Duronto Express,HOWRAH JN
12245,RU,97.0,18.18,27.27,54.55,0.0,Duronto Express,RENIGUNTA JN
12245,SMVB,77.0,40.91,27.27,31.82,0.0,Duronto Express,SMVT BENGALURU
12245,VZM,93.0,13.64,31.82,54.55,0.0,Duronto Express,VIZIANAGRAM JN
12246,BBS,41.0,12.26,76.25,11.11,0.38,Duronto Express,BHUBANESWAR
12246,BZA,22.0,43.68,50.19,5.75,0.38,Duronto Express,VIJAYAWADA JN
12246,HWH,34.764700000000005,50.96,23.75,24.9,0.38,Duronto Express,HOWRAH JN
12246,RU,13.0,69.35,28.35,1.92,0.38,Duronto Express,RENIGUNTA JN
12246,SMVB,0.0,93.87,4.98,0.77,0.38,Duronto Express,SMVT BENGALURU
12246,VZM,15.0,72.41,24.14,3.07,0.38,Duronto Express,VIZIANAGRAM JN
12259,BKN,7.0,70.59,23.53,5.88,0.0,Sealdah Duronto,BIKANER JN
12259,CNB,11.0,76.47,23.53,0.0,0.0,Sealdah Duronto,KANPUR CENTRAL
12259,CUR,41.0,29.41,47.06,23.53,0.0,Sealdah Duronto,CHURU
12259,DDU,4.0,94.12,5.88,0.0,0.0,Sealdah Duronto,PT DEEN DAYAL UPADHYAY JN
12259,DHN,4.0,94.12,5.88,0.0,0.0,Sealdah Duronto,DHANBAD JN
12259,KQR,11.0,82.35,17.65,0.0,0.0,Sealdah Duronto,KODERMA
12259,LHU,24.0,64.71,29.41,5.88,0.0,Sealdah Duronto,LOHARU
12259,NDLS,14.0,64.71,29.41,5.88,0.0,Sealdah Duronto,NEW DELHI
12259,RTGH,50.823299999999996,5.88,64.71,29.41,0.0,Sealdah Duronto,RATANGARH JN
12259,SDAH,0.0,100.0,0.0,0.0,0.0,Sealdah Duronto,SEALDAH
12259,SDGH,57.0,0.0,70.59,29.41,0.0,Sealdah Duronto,SRI DUNGARGARH
12259,SDLP,28.0,64.71,11.76,23.53,0.0,Sealdah Duronto,SADULPUR JN
12260,BKN,0.0,100.0,0.0,0.0,0.0,Sealdah Duronto,BIKANER JN
12260,CNB,25.0,50.0,43.75,6.25,0.0,Sealdah Duronto,KANPUR CENTRAL
12260,CUR,15.9375,81.25,12.5,6.25,0.0,Sealdah Duronto,CHURU
12260,DDU,23.0,68.75,18.75,12.5,0.0,Sealdah Duronto,PT DEEN DAYAL UPADHYAY JN
12260,DHN,33.0,43.75,43.75,12.5,0.0,Sealdah Duronto,DHANBAD JN
12260,KQR,26.75,56.25,31.25,12.5,0.0,Sealdah Duronto,KODERMA
12260,LHU,24.0,37.5,56.25,6.25,0.0,Sealdah Duronto,LOHARU
12260,NDLS,8.0,93.75,0.0,6.25,0.0,Sealdah Duronto,NEW DELHI
12260,RTGH,21.5625,62.5,31.25,6.25,0.0,Sealdah Duronto,RATANGARH JN
12260,SDAH,55.0,81.25,6.25,12.5,0.0,Sealdah Duronto,SEALDAH
12260,SDGH,15.0,68.75,25.0,6.25,0.0,Sealdah Duronto,SRI DUNGARGARH
12260,SDLP,24.0,31.25,62.5,6.25,0.0,Sealdah Duronto,SADULPUR JN
12261,AK,448.0,0.96,0.96,4.31,93.77,Howrah Duronto,AKOLA JN
12261,BSL,305.0,11.48,31.1,57.42,0.0,Howrah Duronto,BHUSAVAL JN
12261,BSP,298.0,25.36,20.1,54.55,0.0,Howrah Duronto,BILASPUR JN
12261,CSMT,231.0,46.41,6.22,47.37,0.0,Howrah Duronto,C SHIVAJI TERM MUMBAI
12261,HWH,586.0,0.48,0.0,99.04,0.48,Howrah Duronto,HOWRAH JN
12261,KYN,261.0,36.36,10.53,52.63,0.48,Howrah Duronto,KALYAN JN
12261,NGP,305.0,27.75,16.75,55.5,0.0,Howrah Duronto,NAGPUR
12261,TATA,530.0,0.48,0.0,99.04,0.48,Howrah Duronto,TATANAGAR JN
12262,AK,411.0,6.25,0.0,68.75,25.0,Howrah Duronto,AKOLA JN
12262,BSL,84.8125,6.25,0.0,93.75,0.0,Howrah Duronto,BHUSAVAL JN
12262,BSP,301.0,18.75,0.0,81.25,0.0,Howrah Duronto,BILASPUR JN
12262,CSMT,468.0,6.25,0.0,93.75,0.0,Howrah Duronto,C SHIVAJI TERM MUMBAI
12262,HWH,92.0,62.5,6.25,31.25,0.0,Howrah Duronto,HOWRAH JN
12262,KYN,482.0,6.25,0.0,93.75,0.0,Howrah Duronto,KALYAN JN
12262,NGP,84.8125,6.25,0.0,93.75,0.0,Howrah Duronto,NAGPUR
12262,TATA,147.0,6.25,43.75,50.0,0.0,Howrah Duronto,TATANAGAR JN
12295,AJJ,29.0,63.33,23.33,13.33,0.01,Sanghamitra Express,ARAKKONAM
12295,ARA,23.0,56.67,36.67,6.67,0.0,Sanghamitra Express,ARA
12295,BPQ,32.0,70.0,13.33,16.67,0.0,Sanghamitra Express,BALHARSHAH
12295,BWT,31.0,43.33,46.67,10.0,0.0,Sanghamitra Express,BANGARAPET
12295,BXR,19.0,70.0,26.67,3.33,0.0,Sanghamitra Express,BUXAR
12295,BZA,54.0,3.33,76.67,20.0,0.0,Sanghamitra Express,VIJAYAWADA JN
12295,BZU,64.0,6.67,63.33,30.0,0.0,Sanghamitra Express,BETUL
12295,CD,35.0,60.0,23.33,16.67,0.0,Sanghamitra Express,CHANDRAPUR
12295,DDU,12.0,96.67,0.0,3.33,0.0,Sanghamitra Express,PT DEEN DAYAL UPADHYAY JN
12295,DLN,0.0,90.0,6.67,3.33,0.0,Sanghamitra Express,DILDARNAGAR JN
12295,DNR,4.0,90.0,3.33,6.67,0.0,Sanghamitra Express,DANAPUR
12295,ET,26.0,80.0,6.67,13.33,0.0,Sanghamitra Express,ITARSI JN
12295,GDR,46.0,10.0,70.0,20.0,0.0,Sanghamitra Express,GUDUR JN
12295,GDYA,73.0,0.0,53.33,46.67,0.0,Sanghamitra Express,GHORADONGRI
12295,JBP,43.0,36.67,46.67,16.67,0.0,Sanghamitra Express,JABALPUR
12295,JTJ,30.0,60.0,26.67,13.33,0.0,Sanghamitra Express,JOLARPETTAI
12295,KJM,19.5351,70.0,23.33,6.67,0.0,Sanghamitra Express,KRISHNARAJAPURM
12295,KMT,38.0,60.0,20.0,20.0,0.0,Sanghamitra Express,KHAMMAM
12295,KPD,24.0,80.0,6.67,13.33,0.0,Sanghamitra Express,KATPADI JN
12295,KPN,30.0,63.33,26.67,10.0,0.0,Sanghamitra Express,KUPPAM
12295,KTE,60.0,0.0,83.33,16.67,0.0,Sanghamitra Express,KATNI
12295,MYR,70.0,0.0,83.33,16.67,0.0,Sanghamitra Express,MAIHAR
12295,MZP,29.0,43.33,50.0,6.67,0.0,Sanghamitra Express,MIRZAPUR
12295,NGP,31.0,63.33,20.0,16.67,0.0,Sanghamitra Express,NAGPUR
12295,NLR,60.0,0.0,80.0,20.0,0.0,Sanghamitra Express,NELLORE
12295,NU,54.0,6.67,76.67,16.67,0.0,Sanghamitra Express,NARSINGHPUR
12295,OGL,61.0,3.33,73.33,23.33,0.01,Sanghamitra Express,ONGOLE
12295,PCOI,70.0,10.0,40.0,50.0,0.0,Sanghamitra Express,PRAYAGRAJ CHHEOKI
12295,PER,33.0,60.0,26.67,13.33,0.0,Sanghamitra Express,PERAMBUR
12295,PPI,29.0649,50.0,36.67,13.33,0.0,Sanghamitra Express,PIPARIYA
12295,RDM,57.0,13.33,63.33,23.33,0.01,Sanghamitra Express,RAMGUNDAM
12295,SEGM,44.0,36.67,46.67,16.67,0.0,Sanghamitra Express,SEVAGRAM
12295,SKZR,38.0,3.33,30.0,3.33,63.34,Sanghamitra Express,SIRPUR KAGAZNGR
12295,SMVB,19.0,76.67,16.67,6.67,0.0,Sanghamitra Express,SMVT BENGALURU
12295,STA,62.0,0.0,83.33,16.67,0.0,Sanghamitra Express,SATNA
12295,WL,62.0,0.0,80.0,20.0,0.0,Sanghamitra Express,WARANGAL
12296,AJJ,32.0,26.67,66.67,6.67,0.0,Sanghamitra Express,ARAKKONAM
12296,ARA,23.0,43.33,46.67,10.0,0.0,Sanghamitra Express,ARA
12296,BPQ,10.0,83.33,16.67,0.0,0.0,Sanghamitra Express,BALHARSHAH
12296,BWT,49.0,20.0,66.67,13.33,0.0,Sanghamitra Express,BANGARAPET
12296,BXR,34.0,16.67,73.33,10.0,0.0,Sanghamitra Express,BUXAR
12296,BZA,23.0,46.67,46.67,6.67,0.0,Sanghamitra Express,VIJAYAWADA JN
12296,BZU,27.0,36.67,53.33,10.0,0.0,Sanghamitra Express,BETUL
12296,CD,47.3639,6.67,70.0,23.33,0.0,Sanghamitra Express,CHANDRAPUR
12296,DDU,21.0,66.67,23.33,10.0,0.0,Sanghamitra Express,PT DEEN DAYAL UPADHYAY JN
12296,DLN,45.0,3.33,76.67,20.0,0.0,Sanghamitra Express,DILDARNAGAR JN
12296,DNR,5.0,90.0,10.0,0.0,0.0,Sanghamitra Express,DANAPUR
12296,ET,8.0,83.33,13.33,3.33,0.01,Sanghamitra Express,ITARSI JN
12296,GDR,14.0,80.0,13.33,6.67,0.0,Sanghamitra Express,GUDUR JN
12296,GDYA,13.0,80.0,13.33,6.67,0.0,Sanghamitra Express,GHORADONGRI
12296,JBP,38.0,23.33,63.33,13.33,0.01,Sanghamitra Express,JABALPUR
12296,JTJ,31.0,56.67,30.0,13.33,0.0,Sanghamitra Express,JOLARPETTAI
12296,KJM,45.0,20.0,66.67,13.33,0.0,Sanghamitra Express,KRISHNARAJAPURM
12296,KMT,57.0,3.33,63.33,33.33,0.01,Sanghamitra Express,KHAMMAM
12296,KPD,37.0,46.67,40.0,13.33,0.0,Sanghamitra Express,KATPADI JN
12296,KPN,46.0,30.0,56.67,13.33,0.0,Sanghamitra Express,KUPPAM
12296,KTE,47.0,3.33,76.67,20.0,0.0,Sanghamitra Express,KATNI
12296,MYR,29.0,30.0,60.0,10.0,0.0,Sanghamitra Express,MAIHAR
12296,MZP,21.0,60.0,30.0,10.0,0.0,Sanghamitra Express,MIRZAPUR
12296,NGP,22.0,53.33,36.67,10.0,0.0,Sanghamitra Express,NAGPUR
12296,NLR,25.0,46.67,46.67,6.67,0.0,Sanghamitra Express,NELLORE
12296,NU,41.8361,13.33,70.0,16.67,0.0,Sanghamitra Express,NARSINGHPUR
12296,OGL,29.0,36.67,53.33,10.0,0.0,Sanghamitra Express,ONGOLE
12296,PCOI,28.0,43.33,46.67,10.0,0.0,Sanghamitra Express,PRAYAGRAJ CHHEOKI
12296,PER,32.537800000000004,26.67,66.67,6.67,0.0,Sanghamitra Express,PERAMBUR
12296,PPI,42.8351,10.0,73.33,16.67,0.0,Sanghamitra Express,PIPARIYA
12296,RDM,43.0,0.0,86.67,13.33,0.0,Sanghamitra Express,RAMGUNDAM
12296,SEGM,41.0,13.33,63.33,23.33,0.01,Sanghamitra Express,SEVAGRAM
12296,SKZR,39.0,3.33,23.33,10.0,63.34,Sanghamitra Express,SIRPUR KAGAZNGR
12296,SMVB,10.0,86.67,0.0,13.33,0.0,Sanghamitra Express,SMVT BENGALURU
12296,STA,20.0,56.67,36.67,6.67,0.0,Sanghamitra Express,SATNA
12296,WL,51.0,6.67,73.33,20.0,0.0,Sanghamitra Express,WARANGAL
12301,ASN,16.0,56.0,44.0,0.0,0.0,Howrah Rajdhani,ASANSOL JN
12301,CNB,19.0,76.0,20.0,4.0,0.0,Howrah Rajdhani,KANPUR CENTRAL
12301,DDU,15.0,92.0,4.0,4.0,0.0,Howrah Rajdhani,PT DEEN DAYAL UPADHYAY JN
12301,DHN,3.0,100.0,0.0,0.0,0.0,Howrah Rajdhani,DHANBAD JN
12301,GAYA,0.0,92.0,4.0,4.0,0.0,Howrah Rajdhani,GAYA JN
12301,HWH,0.0,100.0,0.0,0.0,0.0,Howrah Rajdhani,HOWRAH JN
12301,NDLS,22.0,76.0,20.0,4.0,0.0,Howrah Rajdhani,NEW DELHI
12301,PNME,6.0,100.0,0.0,0.0,0.0,Howrah Rajdhani,PARASNATH
12301,PRYJ,15.0,92.0,4.0,4.0,0.0,Howrah Rajdhani,PRAYAGRAJ JN
12302,ASN,40.0,50.0,38.46,11.54,0.0,Howrah Rajdhani,ASANSOL JN
12302,CNB,22.0,84.62,7.69,7.69,0.0,Howrah Rajdhani,KANPUR CENTRAL
12302,DDU,20.0,84.62,7.69,7.69,0.0,Howrah Rajdhani,PT DEEN DAYAL UPADHYAY JN
12302,DHN,20.0,88.46,3.85,7.69,0.0,Howrah Rajdhani,DHANBAD JN
12302,GAYA,23.0,73.08,19.23,7.69,0.0,Howrah Rajdhani,GAYA JN
12302,HWH,30.0,84.62,3.85,11.54,0.0,Howrah Rajdhani,HOWRAH JN
12302,NDLS,0.0,96.15,0.0,3.85,0.0,Howrah Rajdhani,NEW DELHI
12302,PNME,34.0,46.15,46.15,7.69,0.01,Howrah Rajdhani,PARASNATH
12302,PRYJ,22.0,76.92,15.38,7.69,0.01,Howrah Rajdhani,PRAYAGRAJ JN
12305,BWN,19.0,0.0,100.0,0.0,0.0,Kolkata Rajdhani,BARDDHAMAN JN
12305,CNB,21.0,40.0,60.0,0.0,0.0,Kolkata Rajdhani,KANPUR CENTRAL
12305,DDU,11.0,60.0,40.0,0.0,0.0,Kolkata Rajdhani,PT DEEN DAYAL UPADHYAY JN
12305,HWH,2.0,100.0,0.0,0.0,0.0,Kolkata Rajdhani,HOWRAH JN
12305,JSME,31.0,20.0,80.0,0.0,0.0,Kolkata Rajdhani,JASIDIH JN
12305,MDP,26.0,20.0,80.0,0.0,0.0,Kolkata Rajdhani,MADHUPUR JN
12305,NDLS,16.0,60.0,40.0,0.0,0.0,Kolkata Rajdhani,NEW DELHI
12305,PNBE,2.0,100.0,0.0,0.0,0.0,Kolkata Rajdhani,PATNA JN
12305,PRYJ,12.0,60.0,40.0,0.0,0.0,Kolkata Rajdhani,PRAYAGRAJ JN
12306,BWN,0.0,100.0,0.0,0.0,0.0,Kolkata Rajdhani,BARDDHAMAN JN
12306,CNB,4.0,100.0,0.0,0.0,0.0,Kolkata Rajdhani,KANPUR CENTRAL
12306,DDU,0.0,100.0,0.0,0.0,0.0,Kolkata Rajdhani,PT DEEN DAYAL UPADHYAY JN
12306,HWH,0.0,100.0,0.0,0.0,0.0,Kolkata Rajdhani,HOWRAH JN
12306,JSME,1.0,100.0,0.0,0.0,0.0,Kolkata Rajdhani,JASIDIH JN
12306,MDP,2.0,100.0,0.0,0.0,0.0,Kolkata Rajdhani,MADHUPUR JN
12306,NDLS,1.0,100.0,0.0,0.0,0.0,Kolkata Rajdhani,NEW DELHI
12306,PNBE,1.0,100.0,0.0,0.0,0.0,Kolkata Rajdhani,PATNA JN
12306,PRYJ,4.0,100.0,0.0,0.0,0.0,Kolkata Rajdhani,PRAYAGRAJ JN
12313,ASN,14.0,76.67,23.33,0.0,0.0,Sealdah Rajdhani,ASANSOL JN
12313,CNB,17.0,76.67,20.0,3.33,0.0,Sealdah Rajdhani,KANPUR CENTRAL
12313,DDU,12.0,93.33,3.33,3.33,0.01,Sealdah Rajdhani,PT DEEN DAYAL UPADHYAY JN
12313,DGR,8.0,93.33,6.67,0.0,0.0,Sealdah Rajdhani,DURGAPUR
12313,DHN,2.0,96.67,3.33,0.0,0.0,Sealdah Rajdhani,DHANBAD JN
12313,GAYA,9.0,96.67,0.0,3.33,0.0,Sealdah Rajdhani,GAYA JN
12313,NDLS,11.0,83.33,13.33,3.33,0.01,Sealdah Rajdhani,NEW DELHI
12313,SDAH,0.0,100.0,0.0,0.0,0.0,Sealdah Rajdhani,SEALDAH
12314,ASN,34.299,26.67,63.33,10.0,0.0,Sealdah Rajdhani,ASANSOL JN
12314,CNB,23.0,80.0,13.33,6.67,0.0,Sealdah Rajdhani,KANPUR CENTRAL
12314,DDU,0.0,93.33,0.0,6.67,0.0,Sealdah Rajdhani,PT DEEN DAYAL UPADHYAY JN
12314,DGR,40.0,13.33,76.67,10.0,0.0,Sealdah Rajdhani,DURGAPUR
12314,DHN,0.0,90.0,3.33,6.67,0.0,Sealdah Rajdhani,DHANBAD JN
12314,GAYA,24.0,83.33,10.0,6.67,0.0,Sealdah Rajdhani,GAYA JN
12314,NDLS,9.0,96.67,0.0,3.33,0.0,Sealdah Rajdhani,NEW DELHI
12314,SDAH,19.0,86.67,3.33,10.0,0.0,Sealdah Rajdhani,SEALDAH
12367,AHA,18.0,52.6,40.82,1.37,5.21,Vikramshila Express,ABHAIPUR
12367,ANVT,37.0,71.51,6.85,17.26,4.38,Vikramshila Express,ANAND VIHAR TRM
12367,ARA,55.0,4.11,68.49,23.01,4.39,Vikramshila Express,ARA
12367,BARH,38.0,7.4,83.29,4.93,4.38,Vikramshila Express,BARH
12367,BGP,8.0,93.42,0.55,1.64,4.39,Vikramshila Express,BHAGALPUR
12367,BKP,41.0,6.85,81.37,7.4,4.38,Vikramshila Express,BAKHTIYARPUR JN
12367,BRYA,21.0,59.73,33.15,2.74,4.38,Vikramshila Express,BARHIYA
12367,BUP,11.0,85.75,7.67,1.37,5.21,Vikramshila Express,BARIARPUR
12367,BXR,65.0,2.74,59.73,33.15,4.38,Vikramshila Express,BUXAR
12367,CNB,53.0,28.77,45.75,21.1,4.38,Vikramshila Express,KANPUR CENTRAL
12367,DDU,27.445100000000004,54.52,25.21,15.89,4.38,Vikramshila Express,PT DEEN DAYAL UPADHYAY JN
12367,DRH,18.0,48.49,44.93,1.37,5.21,Vikramshila Express,DHARHARA
12367,FUT,48.0,2.47,79.18,13.97,4.38,Vikramshila Express,FATUHA JN
12367,HTZ,24.0,43.84,48.77,3.01,4.38,Vikramshila Express,HATHIDAH JN
12367,JMP,16.0,65.21,28.22,1.37,5.2,Vikramshila Express,JAMALPUR JN
12367,KIUL,14.0,79.18,13.97,2.47,4.38,Vikramshila Express,KIUL JN
12367,KJH,20.0,44.66,48.77,1.37,5.2,Vikramshila Express,KAJRA
12367,KOO,39.9097,3.29,81.92,10.41,4.38,Vikramshila Express,KHUSROPUR
12367,LKR,14.180399999999999,74.52,18.9,2.19,4.38,Vikramshila Express,LUCKEESARAI JN
12367,MKA,30.0,21.92,69.86,3.84,4.38,Vikramshila Express,MOKAMEH JN
12367,PNBE,38.0,18.08,67.95,9.59,4.38,Vikramshila Express,PATNA JN
12367,PNC,48.0,3.29,76.99,15.34,4.38,Vikramshila Express,PATNA SAHEB
12367,PRYJ,101.0,2.19,3.01,5.21,89.59,Vikramshila Express,PRAYAGRAJ JN
12367,SGG,12.0,81.64,11.78,1.37,5.21,Vikramshila Express,SULTANGANJ
12368,AHA,26.0,73.33,13.33,13.33,0.01,Vikramshila Express,ABHAIPUR
12368,ANVT,0.0,100.0,0.0,0.0,0.0,Vikramshila Express,ANAND VIHAR TRM
12368,ARA,35.0,46.67,33.33,20.0,0.0,Vikramshila Express,ARA
12368,BARH,67.0,0.0,70.0,30.0,0.0,Vikramshila Express,BARH
12368,BGP,10.0,80.0,10.0,10.0,0.0,Vikramshila Express,BHAGALPUR
12368,BKP,54.6649,0.0,66.67,33.33,0.0,Vikramshila Express,BAKHTIYARPUR JN
12368,BRYA,75.0,0.0,56.67,43.33,0.0,Vikramshila Express,BARHIYA
12368,BUP,41.0,23.33,60.0,16.67,0.0,Vikramshila Express,BARIARPUR
12368,BXR,30.0,56.67,23.33,20.0,0.0,Vikramshila Express,BUXAR
12368,CNB,44.3639,16.67,60.0,23.33,0.0,Vikramshila Express,KANPUR CENTRAL
12368,DDU,25.062199999999997,63.33,23.33,13.33,0.0,Vikramshila Express,PT DEEN DAYAL UPADHYAY JN
12368,DRH,26.0,73.33,13.33,13.33,0.01,Vikramshila Express,DHARHARA
12368,FUT,63.0,0.0,66.67,33.33,0.0,Vikramshila Express,FATUHA JN
12368,HTZ,59.9649,0.0,56.67,43.33,0.0,Vikramshila Express,HATHIDAH JN
12368,JMP,34.0,53.33,30.0,16.67,0.0,Vikramshila Express,JAMALPUR JN
12368,KIUL,24.0,73.33,13.33,13.33,0.01,Vikramshila Express,KIUL JN
12368,KJH,22.0622,73.33,13.33,13.33,0.0,Vikramshila Express,KAJRA
12368,KOO,64.0,0.0,70.0,30.0,0.0,Vikramshila Express,KHUSROPUR
12368,LKR,67.0,3.33,66.67,30.0,0.0,Vikramshila Express,LUCKEESARAI JN
12368,MKA,71.0,0.0,63.33,36.67,0.0,Vikramshila Express,MOKAMEH JN
12368,PNBE,54.0,10.0,63.33,26.67,0.0,Vikramshila Express,PATNA JN
12368,PNC,56.0,10.0,63.33,26.67,0.0,Vikramshila Express,PATNA SAHEB
12368,SGG,34.0,50.0,33.33,16.67,0.0,Vikramshila Express,SULTANGANJ
12423,BJU,34.53509999999999,20.0,73.33,6.67,0.0,Dibrugarh Rajdhani,BARAUNI JN
12423,CNB,17.0,60.0,33.33,6.67,0.0,Dibrugarh Rajdhani,KANPUR CENTRAL
12423,CPK,34.299,26.67,63.33,10.0,0.0,Dibrugarh Rajdhani,CHAPARMUKH JN
12423,DBRG,2.0,96.67,3.33,0.0,0.0,Dibrugarh Rajdhani,DIBRUGARH
12423,DDU,10.0,83.33,16.67,0.0,0.0,Dibrugarh Rajdhani,PT DEEN DAYAL UPADHYAY JN
12423,DMV,22.0,50.0,46.67,3.33,0.0,Dibrugarh Rajdhani,DIMAPUR
12423,DNR,11.0,86.67,6.67,6.67,0.0,Dibrugarh Rajdhani,DANAPUR
12423,DPU,25.5351,50.0,43.33,6.67,0.0,Dibrugarh Rajdhani,DIPHU
12423,GHY,25.0,43.33,53.33,3.33,0.01,Dibrugarh Rajdhani,GUWAHATI
12423,KIR,5.0,90.0,6.67,3.33,0.0,Dibrugarh Rajdhani,KATIHAR JN
12423,KNE,21.536099999999998,63.33,30.0,6.67,0.0,Dibrugarh Rajdhani,KISHANGANJ
12423,KOJ,19.0,63.33,30.0,6.67,0.0,Dibrugarh Rajdhani,KOKRAJHAR
12423,LMG,33.0,30.0,60.0,10.0,0.0,Dibrugarh Rajdhani,LUMDING JN
12423,MNE,15.0,66.67,30.0,3.33,0.0,Dibrugarh Rajdhani,MANSI JN
12423,MXN,21.0,50.0,46.67,3.33,0.0,Dibrugarh Rajdhani,MARIANI JN
12423,NBQ,13.0,70.0,26.67,3.33,0.0,Dibrugarh Rajdhani,NEW BONGAIGAON
12423,NCB,30.0,30.0,63.33,6.67,0.0,Dibrugarh Rajdhani,NEW COOCH BEHAR
12423,NDLS,11.0,83.33,13.33,3.33,0.01,Dibrugarh Rajdhani,NEW DELHI
12423,NJP,17.0,63.33,30.0,6.67,0.0,Dibrugarh Rajdhani,NEW JALPAIGURI
12423,NNA,8.0,90.0,6.67,3.33,0.0,Dibrugarh Rajdhani,NAUGACHIA
12423,NTSK,13.0,73.33,23.33,3.33,0.01,Dibrugarh Rajdhani,NEW TINSUKIA JN
12423,PPTA,7.0,90.0,6.67,3.33,0.0,Dibrugarh Rajdhani,PATLIPUTRA
12423,PRYJ,12.0,80.0,13.33,6.67,0.0,Dibrugarh Rajdhani,PRAYAGRAJ JN
12423,RNY,22.7622,53.33,43.33,3.33,0.0,Dibrugarh Rajdhani,RANGIYA JN
12424,BJU,7.0,93.33,3.33,3.33,0.01,Dibrugarh Rajdhani,BARAUNI JN
12424,CNB,13.0,90.0,6.67,3.33,0.0,Dibrugarh Rajdhani,KANPUR CENTRAL
12424,CPK,22.5351,60.0,33.33,6.67,0.0,Dibrugarh Rajdhani,CHAPARMUKH JN
12424,DBRG,15.0,70.0,16.67,13.33,0.0,Dibrugarh Rajdhani,DIBRUGARH
12424,DDU,8.0,96.67,0.0,3.33,0.0,Dibrugarh Rajdhani,PT DEEN DAYAL UPADHYAY JN
12424,DMV,26.301000000000002,53.33,36.67,10.0,0.0,Dibrugarh Rajdhani,DIMAPUR
12424,DNR,0.0,96.67,0.0,3.33,0.0,Dibrugarh Rajdhani,DANAPUR
12424,DPU,26.0,70.0,20.0,10.0,0.0,Dibrugarh Rajdhani,DIPHU
12424,GHY,30.0,53.33,40.0,6.67,0.0,Dibrugarh Rajdhani,GUWAHATI
12424,KIR,15.0,83.33,13.33,3.33,0.01,Dibrugarh Rajdhani,KATIHAR JN
12424,KNE,36.76390000000001,6.67,90.0,3.33,0.0,Dibrugarh Rajdhani,KISHANGANJ
12424,KOJ,30.0,33.33,63.33,3.33,0.01,Dibrugarh Rajdhani,KOKRAJHAR
12424,LMG,23.0,70.0,23.33,6.67,0.0,Dibrugarh Rajdhani,LUMDING JN
12424,MNE,17.0,83.33,13.33,3.33,0.01,Dibrugarh Rajdhani,MANSI JN
12424,MXN,27.0,66.67,23.33,10.0,0.0,Dibrugarh Rajdhani,MARIANI JN
12424,NBQ,19.0,80.0,16.67,3.33,0.0,Dibrugarh Rajdhani,NEW BONGAIGAON
12424,NCB,15.0,83.33,13.33,3.33,0.01,Dibrugarh Rajdhani,NEW COOCH BEHAR
12424,NDLS,0.0,100.0,0.0,0.0,0.0,Dibrugarh Rajdhani,NEW DELHI
12424,NJP,24.0,56.67,40.0,3.33,0.0,Dibrugarh Rajdhani,NEW JALPAIGURI
12424,NNA,21.0,56.67,40.0,3.33,0.0,Dibrugarh Rajdhani,NAUGACHIA
12424,NTSK,49.0,23.33,63.33,13.33,0.01,Dibrugarh Rajdhani,NEW TINSUKIA JN
12424,PPTA,9.0,96.67,0.0,3.33,0.0,Dibrugarh Rajdhani,PATLIPUTRA
12424,PRYJ,17.0,83.33,13.33,3.33,0.01,Dibrugarh Rajdhani,PRAYAGRAJ JN
12424,RNY,34.0,36.67,56.67,6.67,0.0,Dibrugarh Rajdhani,RANGIYA JN
12433,AGC,7.0,88.89,11.11,0.0,0.0,Rajdhani,AGRA CANTT
12433,BPL,7.0,77.78,22.22,0.0,0.0,Rajdhani,BHOPAL JN
12433,BPQ,13.0,66.67,33.33,0.0,0.0,Rajdhani,BALHARSHAH
12433,BZA,14.0,44.44,55.56,0.0,0.0,Rajdhani,VIJAYAWADA JN
12433,GWL,13.0,66.67,33.33,0.0,0.0,Rajdhani,GWALIOR
12433,MAS,2.0,100.0,0.0,0.0,0.0,Rajdhani,CHENNAI CENTRAL
12433,NGP,16.0,77.78,22.22,0.0,0.0,Rajdhani,NAGPUR
12433,NZM,2.0,88.89,11.11,0.0,0.0,Rajdhani,H NIZAMUDDIN
12433,VGLJ,5.0,100.0,0.0,0.0,0.0,Rajdhani,V LAKSHMIBAI JHANSI
12433,WL,18.0,33.33,66.67,0.0,0.0,Rajdhani,WARANGAL
12434,AGC,10.0,77.78,22.22,0.0,0.0,Rajdhani,AGRA CANTT
12434,BPL,10.0,100.0,0.0,0.0,0.0,Rajdhani,BHOPAL JN
12434,BPQ,1.0,100.0,0.0,0.0,0.0,Rajdhani,BALHARSHAH
12434,BZA,16.0,66.67,33.33,0.0,0.0,Rajdhani,VIJAYAWADA JN
12434,GWL,10.333,88.89,11.11,0.0,0.0,Rajdhani,GWALIOR
12434,MAS,10.333,88.89,11.11,0.0,0.0,Rajdhani,CHENNAI CENTRAL
12434,NGP,6.0,77.78,22.22,0.0,0.0,Rajdhani,NAGPUR
12434,NZM,0.0,100.0,0.0,0.0,0.0,Rajdhani,H NIZAMUDDIN
12434,VGLJ,4.0,100.0,0.0,0.0,0.0,Rajdhani,V LAKSHMIBAI JHANSI
12434,WL,7.0,88.89,11.11,0.0,0.0,Rajdhani,WARANGAL
12509,AJJ,33.9149,25.0,66.67,8.33,0.0,Guwahati Sbc Express,ARAKKONAM
12509,BALU,82.0,0.0,16.67,83.33,0.0,Guwahati Sbc Express,BALUGAN
12509,BAM,77.0,0.0,25.0,75.0,0.0,Guwahati Sbc Express,BRAHMAPUR
12509,BBS,79.0,0.0,25.0,75.0,0.0,Guwahati Sbc Express,BHUBANESWAR
12509,BHC,90.0,0.0,0.0,100.0,0.0,Guwahati Sbc Express,BHADRAKH
12509,BHP,249.0,0.0,0.0,100.0,0.0,Guwahati Sbc Express,BOLPUR S NIKTN
12509,BLS,174.0,0.0,0.0,100.0,0.0,Guwahati Sbc Express,BALASORE
12509,BOE,222.0,0.0,0.0,100.0,0.0,Guwahati Sbc Express,BARSOI JN
12509,BPRD,230.0,0.0,0.0,100.0,0.0,Guwahati Sbc Express,BARPETA ROAD
12509,BWT,23.0,41.67,50.0,8.33,0.0,Guwahati Sbc Express,BANGARAPET
12509,BZA,55.0,8.33,50.0,41.67,0.0,Guwahati Sbc Express,VIJAYAWADA JN
12509,CHE,71.0,8.33,25.0,66.67,0.0,Guwahati Sbc Express,SRIKAKULAM ROAD
12509,CTC,0.0,100.0,0.0,0.0,0.0,Guwahati Sbc Express,CUTTACK
12509,DKAE,240.0,0.0,0.0,100.0,0.0,Guwahati Sbc Express,DANKUNI
12509,DQG,221.0,0.0,0.0,100.0,0.0,Guwahati Sbc Express,DHUPGURI
12509,GHY,208.0,0.0,8.33,91.67,0.0,Guwahati Sbc Express,GUWAHATI
12509,JJKR,90.0,0.0,0.0,100.0,0.0,Guwahati Sbc Express,JAJPUR K ROAD
12509,JPE,219.0,0.0,0.0,100.0,0.0,Guwahati Sbc Express,JALPAIGURI ROAD
12509,JTJ,15.0,66.67,25.0,8.33,0.0,Guwahati Sbc Express,JOLARPETTAI
12509,KGP,205.0,0.0,0.0,100.0,0.0,Guwahati Sbc Express,KHARAGPUR JN
12509,KJM,23.0,33.33,58.33,8.33,0.01,Guwahati Sbc Express,KRISHNARAJAPURM
12509,KNE,238.0,0.0,0.0,100.0,0.0,Guwahati Sbc Express,KISHANGANJ
12509,KOJ,252.0,0.0,0.0,100.0,0.0,Guwahati Sbc Express,KOKRAJHAR
12509,KPD,11.0,83.33,16.67,0.0,0.0,Guwahati Sbc Express,KATPADI JN
12509,KUR,79.0,8.33,16.67,75.0,0.0,Guwahati Sbc Express,KHURDA ROAD JN
12509,KYQ,225.0,0.0,0.0,100.0,0.0,Guwahati Sbc Express,KAMAKHYA
12509,MLDT,197.0,0.0,0.0,100.0,0.0,Guwahati Sbc Express,MALDA TOWN
12509,NBQ,222.0,0.0,0.0,100.0,0.0,Guwahati Sbc Express,NEW BONGAIGAON
12509,NCB,225.0,0.0,0.0,100.0,0.0,Guwahati Sbc Express,NEW COOCH BEHAR
12509,NFK,208.0,0.0,0.0,100.0,0.0,Guwahati Sbc Express,NEW FARAKKA JN
12509,NJP,241.0,0.0,0.0,100.0,0.0,Guwahati Sbc Express,NEW JALPAIGURI
12509,NOQ,232.0,0.0,0.0,100.0,0.0,Guwahati Sbc Express,NEW ALIPURDAUR
12509,OGL,38.9122,8.33,83.33,8.33,0.0,Guwahati Sbc Express,ONGOLE
12509,PER,31.0,25.0,58.33,16.67,0.0,Guwahati Sbc Express,PERAMBUR
12509,PSA,65.0,8.33,41.67,50.0,0.0,Guwahati Sbc Express,PALASA
12509,RJY,70.0,8.33,50.0,41.67,0.0,Guwahati Sbc Express,RAJAMUNDRY
12509,RNY,248.0,0.0,0.0,100.0,0.0,Guwahati Sbc Express,RANGIYA JN
12509,RPH,245.0,0.0,0.0,100.0,0.0,Guwahati Sbc Express,RAMPUR HAT
12509,SMVB,6.0,91.67,8.33,0.0,0.0,Guwahati Sbc Express,SMVT BENGALURU
12509,VSKP,48.0,33.33,41.67,25.0,0.0,Guwahati Sbc Express,VISAKHAPATNAM
12509,VZM,62.0,25.0,25.0,50.0,0.0,Guwahati Sbc Express,VIZIANAGRAM JN
12510,AJJ,201.0,7.69,0.0,92.31,0.0,Sbc Guwahati Express,ARAKKONAM
12510,BALU,126.0,0.0,7.69,92.31,0.0,Sbc Guwahati Express,BALUGAN
12510,BAM,123.0,0.0,7.69,92.31,0.0,Sbc Guwahati Express,BRAHMAPUR
12510,BBS,124.0,0.0,7.69,92.31,0.0,Sbc Guwahati Express,BHUBANESWAR
12510,BHC,97.0,0.0,23.08,76.92,0.0,Sbc Guwahati Express,BHADRAKH
12510,BHP,24.0,53.85,30.77,15.38,0.0,Sbc Guwahati Express,BOLPUR S NIKTN
12510,BLS,77.76759999999999,0.0,23.08,76.92,0.0,Sbc Guwahati Express,BALASORE
12510,BOE,19.0,38.46,61.54,0.0,0.0,Sbc Guwahati Express,BARSOI JN
12510,BPRD,14.0,61.54,38.46,0.0,0.0,Sbc Guwahati Express,BARPETA ROAD
12510,BWT,198.0,7.69,7.69,84.62,0.0,Sbc Guwahati Express,BANGARAPET
12510,BZA,158.0,0.0,15.38,84.62,0.0,Sbc Guwahati Express,VIJAYAWADA JN
12510,CHE,112.0,0.0,15.38,84.62,0.0,Sbc Guwahati Express,SRIKAKULAM ROAD
12510,CTC,131.0,0.0,15.38,84.62,0.0,Sbc Guwahati Express,CUTTACK
12510,DKAE,58.0,0.0,53.85,46.15,0.0,Sbc Guwahati Express,DANKUNI
12510,DQG,29.0,7.69,92.31,0.0,0.0,Sbc Guwahati Express,DHUPGURI
12510,GHY,2.0,100.0,0.0,0.0,0.0,Sbc Guwahati Express,GUWAHATI
12510,JJKR,97.0,0.0,23.08,76.92,0.0,Sbc Guwahati Express,JAJPUR K ROAD
12510,JPE,22.0,38.46,61.54,0.0,0.0,Sbc Guwahati Express,JALPAIGURI ROAD
12510,JTJ,182.0,7.69,7.69,84.62,0.0,Sbc Guwahati Express,JOLARPETTAI
12510,KGP,78.0,0.0,46.15,53.85,0.0,Sbc Guwahati Express,KHARAGPUR JN
12510,KJM,208.0,0.0,15.38,84.62,0.0,Sbc Guwahati Express,KRISHNARAJAPURM
12510,KNE,20.0,69.23,30.77,0.0,0.0,Sbc Guwahati Express,KISHANGANJ
12510,KOJ,7.0,92.31,7.69,0.0,0.0,Sbc Guwahati Express,KOKRAJHAR
12510,KPD,187.0,7.69,7.69,84.62,0.0,Sbc Guwahati Express,KATPADI JN
12510,KUR,119.0,0.0,15.38,84.62,0.0,Sbc Guwahati Express,KHURDA ROAD JN
12510,KYQ,0.0,100.0,0.0,0.0,0.0,Sbc Guwahati Express,KAMAKHYA
12510,MLDT,12.0,76.92,15.38,7.69,0.01,Sbc Guwahati Express,MALDA TOWN
12510,NBQ,3.0,100.0,0.0,0.0,0.0,Sbc Guwahati Express,NEW BONGAIGAON
12510,NCB,21.0,23.08,76.92,0.0,0.0,Sbc Guwahati Express,NEW COOCH BEHAR
12510,NFK,21.0,69.23,15.38,15.38,0.01,Sbc Guwahati Express,NEW FARAKKA JN
12510,NJP,8.0,76.92,23.08,0.0,0.0,Sbc Guwahati Express,NEW JALPAIGURI
12510,NOQ,18.0,30.77,69.23,0.0,0.0,Sbc Guwahati Express,NEW ALIPURDAUR
12510,PER,200.0,0.0,7.69,92.31,0.0,Sbc Guwahati Express,PERAMBUR
12510,PSA,110.0,0.0,15.38,84.62,0.0,Sbc Guwahati Express,PALASA
12510,RJY,161.0,0.0,15.38,84.62,0.0,Sbc Guwahati Express,RAJAMUNDRY
12510,RNY,8.0,92.31,7.69,0.0,0.0,Sbc Guwahati Express,RANGIYA JN
12510,RPH,19.0,69.23,15.38,15.38,0.01,Sbc Guwahati Express,RAMPUR HAT
12510,SMVB,169.0,15.38,0.0,84.62,0.0,Sbc Guwahati Express,SMVT BENGALURU
12510,VSKP,133.0,0.0,15.38,84.62,0.0,Sbc Guwahati Express,VISAKHAPATNAM
12510,VZM,124.0,0.0,7.69,92.31,0.0,Sbc Guwahati Express,VIZIANAGRAM JN
12621,AGC,49.0,43.01,37.26,19.73,0.0,Tamil Nadu Exp,AGRA CANTT
12621,BPL,23.0234,67.4,20.82,11.78,0.0,Tamil Nadu Exp,BHOPAL JN
12621,BPQ,22.0,53.97,38.9,6.3,0.83,Tamil Nadu Exp,BALHARSHAH
12621,BZA,17.0,59.18,37.26,3.01,0.55,Tamil Nadu Exp,VIJAYAWADA JN
12621,ET,29.0,67.95,20.27,11.78,0.0,Tamil Nadu Exp,ITARSI JN
12621,GWL,51.0,15.07,66.3,18.63,0.0,Tamil Nadu Exp,GWALIOR
12621,KMT,17.0,62.47,33.42,3.29,0.82,Tamil Nadu Exp,KHAMMAM
12621,MAS,0.0,96.99,2.74,0.27,0.0,Tamil Nadu Exp,CHENNAI CENTRAL
12621,NDLS,54.0,44.93,35.89,19.18,0.0,Tamil Nadu Exp,NEW DELHI
12621,NGP,37.0,26.58,63.29,9.59,0.54,Tamil Nadu Exp,NAGPUR
12621,NZM,53.0,47.95,33.42,18.63,0.0,Tamil Nadu Exp,H NIZAMUDDIN
12621,VGLJ,34.0,51.78,36.99,11.23,0.0,Tamil Nadu Exp,V LAKSHMIBAI JHANSI
12621,WL,28.0,32.6,61.64,4.93,0.83,Tamil Nadu Exp,WARANGAL
12622,AGC,37.0,25.21,67.4,7.4,0.0,Tamil Nadu Exp,AGRA CANTT
12622,BPL,39.0,59.18,27.4,13.42,0.0,Tamil Nadu Exp,BHOPAL JN
12622,BPQ,46.0,61.92,22.19,15.62,0.27,Tamil Nadu Exp,BALHARSHAH
12622,BZA,67.0,25.75,53.15,21.1,0.0,Tamil Nadu Exp,VIJAYAWADA JN
12622,ET,35.0,78.36,7.95,13.7,0.0,Tamil Nadu Exp,ITARSI JN
12622,GWL,31.0,61.64,29.04,9.32,0.0,Tamil Nadu Exp,GWALIOR
12622,KMT,82.0,5.75,59.73,34.25,0.27,Tamil Nadu Exp,KHAMMAM
12622,MAS,36.0,79.45,7.4,13.15,0.0,Tamil Nadu Exp,CHENNAI CENTRAL
12622,NDLS,16.0,93.97,1.37,4.66,0.0,Tamil Nadu Exp,NEW DELHI
12622,NGP,45.0,58.36,28.22,13.42,0.0,Tamil Nadu Exp,NAGPUR
12622,VGLJ,37.0,53.42,36.71,9.86,0.01,Tamil Nadu Exp,V LAKSHMIBAI JHANSI
12622,WL,64.0,23.56,55.07,21.1,0.27,Tamil Nadu Exp,WARANGAL
12625,AGC,43.0,58.36,23.01,18.63,0.0,Kerala Express,AGRA CANTT
12625,AWY,27.0,24.93,70.96,4.11,0.0,Kerala Express,ALUVA
12625,BINA,25.0,70.96,20.27,8.77,0.0,Kerala Express,BINA JN
12625,BPL,28.0,57.26,34.52,8.22,0.0,Kerala Express,BHOPAL JN
12625,BPQ,18.0,75.62,18.36,5.21,0.81,Kerala Express,BALHARSHAH
12625,BZA,20.0,57.53,36.71,4.93,0.83,Kerala Express,VIJAYAWADA JN
12625,CBE,17.0,65.48,31.23,3.29,0.0,Kerala Express,COIMBATORE JN
12625,CD,19.0,65.75,27.95,5.48,0.82,Kerala Express,CHANDRAPUR
12625,CGY,21.0,41.64,56.71,1.64,0.01,Kerala Express,CHANGANASERI
12625,CNGR,17.0,53.42,45.48,1.1,0.0,Kerala Express,CHENGANNUR
12625,CTO,17.0,65.21,31.78,3.01,0.0,Kerala Express,CHITTOOR
12625,ED,20.0,53.42,43.29,3.29,0.0,Kerala Express,ERODE JN
12625,ERN,25.0,31.23,65.48,3.29,0.0,Kerala Express,ERNAKULAM TOWN
12625,ET,28.0,54.52,36.99,8.49,0.0,Kerala Express,ITARSI JN
12625,FDB,45.0,60.82,18.36,20.82,0.0,Kerala Express,FARIDABAD
12625,GDR,19.0,53.7,42.47,3.01,0.82,Kerala Express,GUDUR JN
12625,GWL,45.0,39.45,43.29,17.26,0.0,Kerala Express,GWALIOR
12625,JTJ,12.0,89.86,7.4,2.74,0.0,Kerala Express,JOLARPETTAI
12625,KPD,9.0,93.7,4.11,2.19,0.0,Kerala Express,KATPADI JN
12625,KTYM,28.202800000000003,33.7,63.84,2.47,0.0,Kerala Express,KOTTAYAM
12625,KYJ,18.104,64.93,33.97,1.1,0.0,Kerala Express,KAYANKULAM JN
12625,MTJ,60.0,13.15,63.29,23.56,0.0,Kerala Express,MATHURA JN
12625,MVLK,17.0,58.36,40.55,1.1,0.0,Kerala Express,MAVELIKARA
12625,NDLS,50.0,62.74,16.44,20.82,0.0,Kerala Express,NEW DELHI
12625,NGP,50.0,6.3,71.78,21.1,0.82,Kerala Express,NAGPUR
12625,NLR,27.0,26.85,68.49,3.84,0.82,Kerala Express,NELLORE
12625,NZM,60.0,47.67,27.67,24.66,0.0,Kerala Express,H NIZAMUDDIN
12625,OTP,17.0,70.14,26.85,3.01,0.0,Kerala Express,OTTAPPALAM
12625,PGT,26.0,25.48,71.23,3.29,0.0,Kerala Express,PALAKKAD JN
12625,QLN,10.0,87.12,12.05,0.82,0.01,Kerala Express,KOLLAM JN
12625,RDM,48.0,18.9,52.6,27.67,0.83,Kerala Express,RAMGUNDAM
12625,RU,31.0,15.34,80.82,3.84,0.0,Kerala Express,RENIGUNTA JN
12625,SA,18.0,58.36,38.36,3.29,0.0,Kerala Express,SALEM JN
12625,SEGM,38.0,15.07,72.05,12.05,0.83,Kerala Express,SEVAGRAM
12625,TCR,30.0,10.14,85.48,4.38,0.0,Kerala Express,THRISUR
12625,TPTY,20.0,56.16,40.82,3.01,0.01,Kerala Express,TIRUPATI
12625,TRVL,21.0,38.63,60.0,1.37,0.0,Kerala Express,TIRUVALLA
12625,TUP,18.0,61.1,35.62,3.29,0.0,Kerala Express,TIRUPPUR
12625,TVC,7.0,94.52,4.93,0.55,0.0,Kerala Express,TRIVANDRUM CNTL
12625,VAK,8.0,89.59,9.59,0.82,0.0,Kerala Express,VARKALA
12625,VARD,23.0,36.71,60.82,2.47,0.0,Kerala Express,VAIKAM ROAD
12625,VGLJ,38.0,44.66,41.64,13.7,0.0,Kerala Express,V LAKSHMIBAI JHANSI
12625,WL,84.0,1.1,15.62,82.47,0.81,Kerala Express,WARANGAL
12626,AGC,68.0,5.75,77.53,16.16,0.56,Kerala Express,AGRA CANTT
12626,AWY,121.0,5.75,60.55,33.7,0.0,Kerala Express,ALUVA
12626,BINA,68.0,65.75,15.62,18.63,0.0,Kerala Express,BINA JN
12626,BPL,80.0,42.74,36.99,20.27,0.0,Kerala Express,BHOPAL JN
12626,BPQ,35.2698,46.58,29.86,23.29,0.27,Kerala Express,BALHARSHAH
12626,BZA,98.0,26.85,43.84,29.04,0.27,Kerala Express,VIJAYAWADA JN
12626,CBE,110.0,37.81,27.4,34.25,0.54,Kerala Express,COIMBATORE JN
12626,CD,116.0,1.92,58.36,39.45,0.27,Kerala Express,CHANDRAPUR
12626,CGY,113.0,42.47,26.58,30.96,0.0,Kerala Express,CHANGANASERI
12626,CNGR,114.0,39.45,29.04,31.51,0.0,Kerala Express,CHENGANNUR
12626,CTO,105.0,36.99,28.22,34.79,0.0,Kerala Express,CHITTOOR
12626,ED,105.0,46.58,19.45,33.97,0.0,Kerala Express,ERODE JN
12626,ERN,116.0,18.08,49.04,32.88,0.0,Kerala Express,ERNAKULAM TOWN
12626,ET,76.0,54.25,26.03,19.73,0.0,Kerala Express,ITARSI JN
12626,GDR,107.0,23.56,39.73,36.44,0.27,Kerala Express,GUDUR JN
12626,GWL,64.0,39.45,43.56,16.44,0.55,Kerala Express,GWALIOR
12626,JTJ,37.5346,57.26,9.32,33.42,0.0,Kerala Express,JOLARPETTAI
12626,KPD,98.0,54.52,12.88,32.6,0.0,Kerala Express,KATPADI JN
12626,KTYM,113.0,39.45,29.04,31.51,0.0,Kerala Express,KOTTAYAM
12626,KYJ,117.0,32.05,36.99,30.96,0.0,Kerala Express,KAYANKULAM JN
12626,MTJ,63.0,13.7,70.96,15.34,0.0,Kerala Express,MATHURA JN
12626,MVLK,115.0,38.36,30.41,31.23,0.0,Kerala Express,MAVELIKARA
12626,NDLS,35.0,84.38,3.84,11.78,0.0,Kerala Express,NEW DELHI
12626,NGP,88.0,30.96,48.22,20.55,0.27,Kerala Express,NAGPUR
12626,NLR,103.0,24.38,41.1,34.25,0.27,Kerala Express,NELLORE
12626,OTP,117.0,16.71,49.32,33.97,0.0,Kerala Express,OTTAPPALAM
12626,PGT,108.0,44.66,23.01,32.33,0.0,Kerala Express,PALAKKAD JN
12626,QLN,123.0,16.99,51.78,31.23,0.0,Kerala Express,KOLLAM JN
12626,RDM,118.0,1.37,57.26,41.1,0.27,Kerala Express,RAMGUNDAM
12626,RU,107.0,33.15,31.23,35.62,0.0,Kerala Express,RENIGUNTA JN
12626,SA,105.0,49.04,16.99,33.97,0.0,Kerala Express,SALEM JN
12626,SEGM,103.0,9.32,60.27,30.14,0.27,Kerala Express,SEVAGRAM
12626,TCR,110.0,20.0,49.04,30.96,0.0,Kerala Express,THRISUR
12626,TPTY,114.0,13.7,49.59,36.71,0.0,Kerala Express,TIRUPATI
12626,TRVL,113.0,42.19,26.3,31.51,0.0,Kerala Express,TIRUVALLA
12626,TUP,42.9301,42.19,22.74,35.07,0.0,Kerala Express,TIRUPPUR
12626,TVC,93.0,63.29,10.41,26.3,0.0,Kerala Express,TRIVANDRUM CNTL
12626,TVP,107.0,55.89,17.26,26.85,0.0,Kerala Express,TRIVANDRUM PETT
12626,VAK,126.0,13.15,53.42,33.42,0.01,Kerala Express,VARKALA
12626,VARD,112.0,38.63,29.86,31.51,0.0,Kerala Express,VAIKAM ROAD
12626,VGLJ,64.0,53.15,28.77,17.53,0.55,Kerala Express,V LAKSHMIBAI JHANSI
12626,WL,128.0,1.37,47.12,51.23,0.28,Kerala Express,WARANGAL
12631,CGL,7.0,96.16,3.29,0.55,0.0,Nellai Express,CHENGALPATTU
12631,CVP,17.0,56.44,42.47,1.1,0.0,Nellai Express,KOVILPATTI
12631,DG,13.0,72.05,26.58,1.37,0.0,Nellai Express,DINDIGUL JN
12631,MDU,13.0,68.22,30.68,1.1,0.0,Nellai Express,MADURAI JN
12631,MLMR,11.0,82.47,16.99,0.55,0.0,Nellai Express,MELMARUVATTUR
12631,MS,3.0,99.45,0.27,0.27,0.01,Nellai Express,CHENNAI EGMORE
12631,SDN,16.0,58.36,40.27,1.37,0.0,Nellai Express,SHOLAVANDAN
12631,SRT,15.0,60.55,38.36,1.1,0.0,Nellai Express,SATUR
12631,TBM,6.0,97.26,2.19,0.55,0.0,Nellai Express,TAMBARAM
12631,TEN,0.0,98.63,0.82,0.55,0.0,Nellai Express,TIRUNELVELI JN
12631,TMV,17.0,59.45,40.0,0.55,0.0,Nellai Express,TINDIVANAM
12631,TPJ,11.0,78.36,20.55,1.1,0.0,Nellai Express,TIRUCHCHIRAPALI
12631,VM,10.0,82.74,16.71,0.55,0.0,Nellai Express,VILLUPURAM JN
12631,VPT,16.0,61.64,37.53,0.82,0.01,Nellai Express,VIRUDUNAGAR JN
12631,VRI,12.0,75.62,23.56,0.82,0.0,Nellai Express,VRIDHACHALAM JN
12632,CGL,19.0,44.38,53.42,1.92,0.28,Nellai Express,CHENGALPATTU
12632,CVP,8.0,96.16,3.84,0.0,0.0,Nellai Express,KOVILPATTI
12632,DG,9.0,85.21,14.79,0.0,0.0,Nellai Express,DINDIGUL JN
12632,MBM,9.0,89.32,9.04,1.1,0.54,Nellai Express,MAMBALAM
12632,MDU,11.0,78.9,21.1,0.0,0.0,Nellai Express,MADURAI JN
12632,MLMR,20.0,37.53,60.55,1.64,0.28,Nellai Express,MELMARUVATTUR
12632,MS,0.0,94.52,3.01,2.19,0.28,Nellai Express,CHENNAI EGMORE
12632,SDN,13.0,71.23,28.77,0.0,0.0,Nellai Express,SHOLAVANDAN
12632,SRT,9.0,90.96,9.04,0.0,0.0,Nellai Express,SATUR
12632,TBM,24.0,27.12,69.59,2.74,0.55,Nellai Express,TAMBARAM
12632,TEN,3.0,99.18,0.82,0.0,0.0,Nellai Express,TIRUNELVELI JN
12632,TMV,19.0,39.18,58.9,1.64,0.28,Nellai Express,TINDIVANAM
12632,TPJ,7.0,91.78,8.22,0.0,0.0,Nellai Express,TIRUCHCHIRAPALI
12632,VM,16.0,54.79,43.56,1.64,0.01,Nellai Express,VILLUPURAM JN
12632,VPT,7.0,96.16,3.84,0.0,0.0,Nellai Express,VIRUDUNAGAR JN
12632,VRI,22.0,36.16,62.74,1.1,0.0,Nellai Express,VRIDHACHALAM JN
12637,ABI,19.0,44.66,54.52,0.82,0.0,Pandian Exp,AMBATURAI
12637,CGL,0.0,98.9,1.1,0.0,0.0,Pandian Exp,CHENGALPATTU
12637,DG,17.0,55.62,43.56,0.82,0.0,Pandian Exp,DINDIGUL JN
12637,KQN,21.0,33.7,65.21,1.1,0.0,Pandian Exp,KODAIKANAL ROAD
12637,MDU,0.0,98.36,1.64,0.0,0.0,Pandian Exp,MADURAI JN
12637,MLMR,1.2311,16.16,0.27,0.0,83.56,Pandian Exp,MELMARUVATTUR
12637,MPA,14.0,63.29,36.44,0.27,0.0,Pandian Exp,MANAPARAI
12637,MS,2.0,99.45,0.55,0.0,0.0,Pandian Exp,CHENNAI EGMORE
12637,TBM,4.0,99.18,0.82,0.0,0.0,Pandian Exp,TAMBARAM
12637,TPJ,8.0,84.93,14.79,0.27,0.01,Pandian Exp,TIRUCHCHIRAPALI
12637,VM,6.0,95.07,4.66,0.27,0.0,Pandian Exp,VILLUPURAM JN
12637,VRI,7.0,96.44,3.29,0.27,0.0,Pandian Exp,VRIDHACHALAM JN
12638,ABI,10.0,91.78,8.22,0.0,0.0,Pandian Exp,AMBATURAI
12638,CGL,18.0,49.04,48.77,1.92,0.27,Pandian Exp,CHENGALPATTU
12638,DG,7.0,96.44,3.56,0.0,0.0,Pandian Exp,DINDIGUL JN
12638,KQN,6.0,95.89,4.11,0.0,0.0,Pandian Exp,KODAIKANAL ROAD
12638,MBM,7.0,93.15,5.75,0.82,0.28,Pandian Exp,MAMBALAM
12638,MDU,1.0,100.0,0.0,0.0,0.0,Pandian Exp,MADURAI JN
12638,MLMR,16.0,10.41,5.75,0.55,83.29,Pandian Exp,MELMARUVATTUR
12638,MPA,8.0,93.7,6.3,0.0,0.0,Pandian Exp,MANAPARAI
12638,MS,0.0,95.07,3.84,1.1,0.0,Pandian Exp,CHENNAI EGMORE
12638,TBM,23.0,32.33,64.93,2.47,0.27,Pandian Exp,TAMBARAM
12638,TPJ,6.0,95.89,4.11,0.0,0.0,Pandian Exp,TIRUCHCHIRAPALI
12638,VM,12.0,84.38,14.79,0.82,0.01,Pandian Exp,VILLUPURAM JN
12638,VRI,21.0,36.99,62.47,0.55,0.0,Pandian Exp,VRIDHACHALAM JN
12673,AJJ,16.0,55.34,44.38,0.27,0.01,Cheran Express,ARAKKONAM
12673,AVD,0.0,0.27,0.0,0.0,99.73,Cheran Express,AVADI
12673,CBE,0.0,96.16,3.56,0.27,0.01,Cheran Express,COIMBATORE JN
12673,CBF,13.0,70.68,28.49,0.82,0.01,Cheran Express,COIMBATORE NRTH
12673,ED,25.0,21.37,76.44,2.19,0.0,Cheran Express,ERODE JN
12673,JTJ,16.4381,70.96,27.67,1.37,0.0,Cheran Express,JOLARPETTAI
12673,KPD,17.0,48.49,49.86,1.64,0.01,Cheran Express,KATPADI JN
12673,MAS,2.0,98.9,0.27,0.0,0.83,Cheran Express,CHENNAI CENTRAL
12673,SA,25.0,23.01,74.79,2.19,0.01,Cheran Express,SALEM JN
12673,TUP,24.0,22.74,75.34,1.92,0.0,Cheran Express,TIRUPPUR
12674,AJJ,28.0,17.26,80.55,2.19,0.0,Cheran Express,ARAKKONAM
12674,CBE,5.0,97.26,2.47,0.27,0.0,Cheran Express,COIMBATORE JN
12674,ED,21.0,35.34,64.11,0.55,0.0,Cheran Express,ERODE JN
12674,JTJ,7.0,93.15,6.3,0.55,0.0,Cheran Express,JOLARPETTAI
12674,KPD,14.0,74.79,24.38,0.82,0.01,Cheran Express,KATPADI JN
12674,MAS,0.0,94.52,3.56,1.37,0.55,Cheran Express,CHENNAI CENTRAL
12674,PER,32.0,9.86,86.58,3.01,0.55,Cheran Express,PERAMBUR
12674,SA,24.0,27.67,71.51,0.82,0.0,Cheran Express,SALEM JN
12674,TUP,12.7155,81.92,17.53,0.55,0.0,Cheran Express,TIRUPPUR
12679,AB,26.0,6.67,93.33,0.0,0.0,Coimbatore Intercity,AMBUR
12679,AJJ,16.0,60.0,40.0,0.0,0.0,Coimbatore Intercity,ARAKKONAM
12679,BQI,29.0,16.67,76.67,6.67,0.0,Coimbatore Intercity,BOMMIDI
12679,CBE,1.0,90.0,10.0,0.0,0.0,Coimbatore Intercity,COIMBATORE JN
12679,CBF,28.0,16.67,76.67,6.67,0.0,Coimbatore Intercity,COIMBATORE NRTH
12679,ED,23.0,26.67,66.67,6.67,0.0,Coimbatore Intercity,ERODE JN
12679,JTJ,15.0,63.33,36.67,0.0,0.0,Coimbatore Intercity,JOLARPETTAI
12679,KPD,20.0,16.67,83.33,0.0,0.0,Coimbatore Intercity,KATPADI JN
12679,MAP,28.0,16.67,76.67,6.67,0.0,Coimbatore Intercity,MORAPPUR
12679,MAS,2.0,100.0,0.0,0.0,0.0,Coimbatore Intercity,CHENNAI CENTRAL
12679,SA,22.0,36.67,56.67,6.67,0.0,Coimbatore Intercity,SALEM JN
12679,SLY,24.0,33.33,63.33,3.33,0.01,Coimbatore Intercity,SAMALPATTI
12679,TUP,28.0,23.33,66.67,10.0,0.0,Coimbatore Intercity,TIRUPPUR
12680,AB,7.0,90.0,10.0,0.0,0.0,Coimbatore Intercity,AMBUR
12680,AJJ,6.0,96.67,3.33,0.0,0.0,Coimbatore Intercity,ARAKKONAM
12680,BQI,5.0,93.33,6.67,0.0,0.0,Coimbatore Intercity,BOMMIDI
12680,CBE,1.0,100.0,0.0,0.0,0.0,Coimbatore Intercity,COIMBATORE JN
12680,ED,6.0,96.67,3.33,0.0,0.0,Coimbatore Intercity,ERODE JN
12680,JTJ,4.0,93.33,6.67,0.0,0.0,Coimbatore Intercity,JOLARPETTAI
12680,KPD,6.0,93.33,6.67,0.0,0.0,Coimbatore Intercity,KATPADI JN
12680,MAP,4.0,93.33,6.67,0.0,0.0,Coimbatore Intercity,MORAPPUR
12680,MAS,2.0,100.0,0.0,0.0,0.0,Coimbatore Intercity,CHENNAI CENTRAL
12680,PER,12.0,76.67,23.33,0.0,0.0,Coimbatore Intercity,PERAMBUR
12680,SA,7.0,86.67,13.33,0.0,0.0,Coimbatore Intercity,SALEM JN
12680,SLY,6.0,93.33,6.67,0.0,0.0,Coimbatore Intercity,SAMALPATTI
12680,TUP,3.0,100.0,0.0,0.0,0.0,Coimbatore Intercity,TIRUPPUR
12681,AJJ,15.0,60.0,40.0,0.0,0.0,Kovai Express,ARAKKONAM
12681,CBE,0.0,100.0,0.0,0.0,0.0,Kovai Express,COIMBATORE JN
12681,CBF,7.0,80.0,20.0,0.0,0.0,Kovai Express,COIMBATORE NRTH
12681,ED,13.0,80.0,20.0,0.0,0.0,Kovai Express,ERODE JN
12681,KPD,11.0,80.0,20.0,0.0,0.0,Kovai Express,KATPADI JN
12681,MAS,4.0,100.0,0.0,0.0,0.0,Kovai Express,CHENNAI CENTRAL
12681,SA,0.0,100.0,0.0,0.0,0.0,Kovai Express,SALEM JN
12681,TUP,8.0,80.0,20.0,0.0,0.0,Kovai Express,TIRUPPUR
12682,AJJ,0.0,100.0,0.0,0.0,0.0,Kovai Express,ARAKKONAM
12682,CBE,3.0,100.0,0.0,0.0,0.0,Kovai Express,COIMBATORE JN
12682,ED,43.0,0.0,100.0,0.0,0.0,Kovai Express,ERODE JN
12682,KPD,1.0,100.0,0.0,0.0,0.0,Kovai Express,KATPADI JN
12682,MAS,9.0,100.0,0.0,0.0,0.0,Kovai Express,CHENNAI CENTRAL
12682,PER,11.0,80.0,20.0,0.0,0.0,Kovai Express,PERAMBUR
12682,SA,41.0,0.0,100.0,0.0,0.0,Kovai Express,SALEM JN
12682,TUP,16.0,40.0,60.0,0.0,0.0,Kovai Express,TIRUPPUR
12839,AKP,106.0,10.0,30.0,60.0,0.0,Howrah Mail,ANAKAPALLE
12839,ANV,114.0,0.0,33.33,66.67,0.0,Howrah Mail,ANNAVARAM
12839,BALU,98.08245,0.0,16.67,83.33,0.0,Howrah Mail,BALUGAN
12839,BAM,111.85,0.0,10.0,90.0,0.0,Howrah Mail,BRAHMAPUR
12839,BBS,111.0,0.0,26.67,73.33,0.0,Howrah Mail,BHUBANESWAR
12839,BHC,81.0,16.67,40.0,43.33,0.0,Howrah Mail,BHADRAKH
12839,BLS,87.0,0.0,46.67,53.33,0.0,Howrah Mail,BALASORE
12839,BPP,133.0,0.0,20.0,80.0,0.0,Howrah Mail,BAPATLA
12839,BZA,85.1311,3.33,43.33,53.33,0.005,Howrah Mail,VIJAYAWADA JN
12839,CAP,119.0,0.0,20.0,80.0,0.0,Howrah Mail,CHATRAPUR
12839,CHE,98.0,10.0,33.33,56.67,0.0,Howrah Mail,SRIKAKULAM ROAD
12839,CLX,133.0,0.0,20.0,80.0,0.0,Howrah Mail,CHIRALA
12839,CPP,106.0,6.67,26.67,66.67,0.0,Howrah Mail,CHIPURUPALLE
12839,CTC,104.0,0.0,26.67,73.33,0.0,Howrah Mail,CUTTACK
12839,EE,114.46805,3.33,10.0,86.67,0.0,Howrah Mail,ELURU
12839,GDR,90.0,30.0,26.67,43.33,0.0,Howrah Mail,GUDUR JN
12839,HWH,45.0,36.67,46.67,16.67,0.0,Howrah Mail,HOWRAH JN
12839,IPM,135.0,0.0,13.33,86.67,0.0,Howrah Mail,ICHCHPURAM
12839,JJKR,90.0,6.67,36.67,56.67,0.0,Howrah Mail,JAJPUR K ROAD
12839,KGP,68.0,10.0,50.0,40.0,0.0,Howrah Mail,KHARAGPUR JN
12839,KUR,104.0,3.33,23.33,73.33,0.01,Howrah Mail,KHURDA ROAD JN
12839,MAS,73.0,40.0,13.33,46.67,0.0,Howrah Mail,CHENNAI CENTRAL
12839,NDD,145.0,0.0,13.33,86.67,0.0,Howrah Mail,NIDADAVOLU JN
12839,NLR,113.0,13.33,23.33,63.33,0.01,Howrah Mail,NELLORE
12839,NWP,99.0,6.67,33.33,60.0,0.0,Howrah Mail,NAUPADA JN
12839,OGL,101.43245,0.0,26.67,73.33,0.0,Howrah Mail,ONGOLE
12839,PSA,104.0,6.67,33.33,60.0,0.0,Howrah Mail,PALASA
12839,RJY,140.0,0.0,13.33,86.67,0.0,Howrah Mail,RAJAMUNDRY
12839,SLO,132.0,0.0,13.33,86.67,0.0,Howrah Mail,SAMALKOT JN
12839,SPT,135.0,0.0,13.33,86.67,0.0,Howrah Mail,SOMPETA
12839,TDD,113.46755,0.0,13.33,86.67,0.0,Howrah Mail,TADEPALLIGUDEM
12839,TEL,127.0,0.0,26.67,73.33,0.0,Howrah Mail,TENALI JN
12839,TUNI,112.0,3.33,33.33,63.33,0.01,Howrah Mail,TUNI
12839,VSKP,103.0,13.33,30.0,56.67,0.0,Howrah Mail,VISAKHAPATNAM
12839,VZM,79.13195,16.67,30.0,53.33,0.0,Howrah Mail,VIZIANAGRAM JN
12840,AKP,128.0,14.25,9.32,76.16,0.27,Howrah Mail,ANAKAPALLE
12840,ANV,124.0,13.97,12.05,73.7,0.28,Howrah Mail,ANNAVARAM
12840,BALU,108.0,2.19,53.15,44.38,0.28,Howrah Mail,BALUGAN
12840,BAM,99.0,7.12,52.6,40.0,0.28,Howrah Mail,BRAHMAPUR
12840,BBS,121.0,3.84,40.82,55.07,0.27,Howrah Mail,BHUBANESWAR
12840,BHC,87.0,41.64,17.26,40.82,0.28,Howrah Mail,BHADRAKH
12840,BLS,101.0,23.84,29.32,46.58,0.26,Howrah Mail,BALASORE
12840,BPP,85.0,18.08,45.48,36.16,0.28,Howrah Mail,BAPATLA
12840,BZA,84.0,23.84,39.73,36.16,0.27,Howrah Mail,VIJAYAWADA JN
12840,CAP,103.0,2.47,54.52,42.74,0.27,Howrah Mail,CHATRAPUR
12840,CHE,91.0,20.27,40.55,38.9,0.28,Howrah Mail,SRIKAKULAM ROAD
12840,CLX,84.0,17.53,47.95,34.25,0.27,Howrah Mail,CHIRALA
12840,CPP,91.0,17.81,42.47,39.45,0.27,Howrah Mail,CHIPURUPALLE
12840,CTC,124.0,4.93,36.99,57.26,0.82,Howrah Mail,CUTTACK
12840,EE,94.0,16.44,38.36,44.93,0.27,Howrah Mail,ELURU
12840,GDR,73.0,33.97,33.97,31.78,0.28,Howrah Mail,GUDUR JN
12840,HWH,129.0,18.63,10.68,69.59,1.1,Howrah Mail,HOWRAH JN
12840,IPM,88.0,31.23,30.68,37.81,0.28,Howrah Mail,ICHCHPURAM
12840,JJKR,127.0,3.84,37.26,58.63,0.27,Howrah Mail,JAJPUR K ROAD
12840,KGP,123.0,10.14,30.96,58.63,0.27,Howrah Mail,KHARAGPUR JN
12840,KUR,117.0,4.66,43.01,52.05,0.28,Howrah Mail,KHURDA ROAD JN
12840,MAS,56.0,61.92,11.51,26.3,0.27,Howrah Mail,CHENNAI CENTRAL
12840,NDD,103.0,13.97,30.68,55.07,0.28,Howrah Mail,NIDADAVOLU JN
12840,NLR,81.0,14.79,52.05,32.88,0.28,Howrah Mail,NELLORE
12840,NWP,96.0,15.62,42.74,41.37,0.27,Howrah Mail,NAUPADA JN
12840,OGL,82.0,17.53,48.22,33.97,0.28,Howrah Mail,ONGOLE
12840,PSA,77.0,47.4,17.26,35.07,0.27,Howrah Mail,PALASA
12840,RJY,96.9454,8.22,20.82,70.68,0.275,Howrah Mail,RAJAMUNDRY
12840,SLO,121.0,16.44,10.14,73.15,0.27,Howrah Mail,SAMALKOT JN
12840,SPT,83.0,41.64,21.37,36.71,0.28,Howrah Mail,SOMPETA
12840,SRC,158.0,6.3,13.42,80.0,0.28,Howrah Mail,SANTRAGACHI JN
12840,TDD,99.0,14.79,36.16,48.77,0.28,Howrah Mail,TADEPALLIGUDEM
12840,TEL,61.329,31.78,33.42,34.52,0.275,Howrah Mail,TENALI JN
12840,TUNI,124.0,14.25,11.78,73.7,0.27,Howrah Mail,TUNI
12840,VSKP,79.0,40.55,23.01,36.16,0.28,Howrah Mail,VISAKHAPATNAM
12840,VZM,89.0,21.64,39.73,38.36,0.27,Howrah Mail,VIZIANAGRAM JN
12841,BAM,63.0,6.67,50.0,43.33,0.0,Coromandel Express,BRAHMAPUR
12841,BBS,49.0,23.33,50.0,26.67,0.0,Coromandel Express,BHUBANESWAR
12841,BHC,33.599,46.67,33.33,20.0,0.0,Coromandel Express,BHADRAKH
12841,BLS,53.0,10.0,60.0,30.0,0.0,Coromandel Express,BALASORE
12841,BZA,45.0,40.0,33.33,26.67,0.0,Coromandel Express,VIJAYAWADA JN
12841,CTC,48.0,20.0,50.0,30.0,0.0,Coromandel Express,CUTTACK
12841,EE,71.0,3.33,63.33,33.33,0.01,Coromandel Express,ELURU
12841,HWH,18.0,53.33,30.0,6.67,10.0,Coromandel Express,HOWRAH JN
12841,JJKR,36.0,46.67,33.33,20.0,0.0,Coromandel Express,JAJPUR K ROAD
12841,KGP,34.0,23.33,60.0,16.67,0.0,Coromandel Express,KHARAGPUR JN
12841,KUR,71.0,3.33,50.0,46.67,0.0,Coromandel Express,KHURDA ROAD JN
12841,MAS,21.0,66.67,10.0,23.33,0.0,Coromandel Express,CHENNAI CENTRAL
12841,RJY,56.4351,0.0,63.33,36.67,0.0,Coromandel Express,RAJAMUNDRY
12841,SHM,0.7000000000000001,10.0,0.0,0.0,90.0,Coromandel Express,SHALIMAR
12841,SRC,20.0,63.33,26.67,10.0,0.0,Coromandel Express,SANTRAGACHI JN
12841,TDD,71.0,6.67,60.0,33.33,0.0,Coromandel Express,TADEPALLIGUDEM
12841,VSKP,48.0,50.0,23.33,26.67,0.0,Coromandel Express,VISAKHAPATNAM
12842,BAM,45.135099999999994,20.0,53.33,26.67,0.0,Coromandel Express,BRAHMAPUR
12842,BBS,77.0,0.0,56.67,43.33,0.0,Coromandel Express,BHUBANESWAR
12842,BHC,45.0,40.0,36.67,23.33,0.0,Coromandel Express,BHADRAKH
12842,BLS,58.0,13.33,63.33,23.33,0.01,Coromandel Express,BALASORE
12842,BZA,56.0,16.67,60.0,23.33,0.0,Coromandel Express,VIJAYAWADA JN
12842,CTC,80.0,0.0,53.33,46.67,0.0,Coromandel Express,CUTTACK
12842,EE,68.0,3.33,70.0,26.67,0.0,Coromandel Express,ELURU
12842,HWH,63.0,53.33,10.0,26.67,10.0,Coromandel Express,HOWRAH JN
12842,JJKR,104.0,0.0,13.33,86.67,0.0,Coromandel Express,JAJPUR K ROAD
12842,KGP,89.0,0.0,56.67,43.33,0.0,Coromandel Express,KHARAGPUR JN
12842,KUR,79.0,0.0,60.0,40.0,0.0,Coromandel Express,KHURDA ROAD JN
12842,MAS,31.0,76.67,10.0,13.33,0.0,Coromandel Express,CHENNAI CENTRAL
12842,OGL,50.0,36.67,43.33,20.0,0.0,Coromandel Express,ONGOLE
12842,RJY,100.0,0.0,16.67,83.33,0.0,Coromandel Express,RAJAMUNDRY
12842,SHM,53.0,3.33,0.0,6.67,90.0,Coromandel Express,SHALIMAR
12842,SRC,51.0,36.67,33.33,30.0,0.0,Coromandel Express,SANTRAGACHI JN
12842,TDD,75.0,3.33,56.67,40.0,0.0,Coromandel Express,TADEPALLIGUDEM
12842,VSKP,35.0,60.0,23.33,16.67,0.0,Coromandel Express,VISAKHAPATNAM
12903,ASR,39.0,63.33,16.67,20.0,0.0,Golden Temple Mail,AMRITSAR JN
12903,BDTS,0.0,100.0,0.0,0.0,0.0,Golden Temple Mail,BANDRA TERMINUS
12903,BEAS,45.0,70.0,6.67,23.33,0.0,Golden Temple Mail,BEAS
12903,BRC,30.0,80.0,6.67,13.33,0.0,Golden Temple Mail,VADODARA JN
12903,BTE,50.0,43.33,36.67,20.0,0.0,Golden Temple Mail,BHARATPUR JN
12903,BVI,10.999,86.67,13.33,0.0,0.0,Golden Temple Mail,BORIVALI
12903,BWM,26.0,76.67,6.67,16.67,0.0,Golden Temple Mail,BHAWANI MANDI
12903,BXN,46.0,53.33,26.67,20.0,0.0,Golden Temple Mail,BAYANA JN
12903,DHD,33.0,53.33,33.33,13.33,0.01,Golden Temple Mail,DAHOD
12903,FDB,37.0,80.0,0.0,20.0,0.0,Golden Temple Mail,FARIDABAD
12903,GDA,28.0,76.67,10.0,13.33,0.0,Golden Temple Mail,GODHRA JN
12903,GGC,49.0,43.33,36.67,20.0,0.0,Golden Temple Mail,GANGAPUR CITY
12903,GZB,53.0,63.33,13.33,23.33,0.01,Golden Temple Mail,GHAZIABAD
12903,HAN,48.0,43.33,36.67,20.0,0.0,Golden Temple Mail,HINDAUN CITY
12903,JUC,44.0,66.67,13.33,20.0,0.0,Golden Temple Mail,JALANDHAR CITY
12903,KOTA,34.0,66.67,16.67,16.67,0.0,Golden Temple Mail,KOTA JN
12903,LDH,51.0,43.33,36.67,20.0,0.0,Golden Temple Mail,LUDHIANA JN
12903,MGN,34.0,53.33,33.33,13.33,0.01,Golden Temple Mail,MEGHNAGAR
12903,MOZ,63.0,40.0,36.67,23.33,0.0,Golden Temple Mail,MUZAFFARNAGAR
12903,MTC,57.0,50.0,30.0,20.0,0.0,Golden Temple Mail,MEERUT CITY
12903,MTJ,37.0,76.67,3.33,20.0,0.0,Golden Temple Mail,MATHURA JN
12903,MUT,60.0,50.0,26.67,23.33,0.0,Golden Temple Mail,MEERUT CANT
12903,NAD,20.0,86.67,0.0,13.33,0.0,Golden Temple Mail,NAGDA JN
12903,NZM,26.6,70.0,10.0,20.0,0.0,Golden Temple Mail,H NIZAMUDDIN
12903,RMA,30.0,76.67,6.67,16.67,0.0,Golden Temple Mail,RAMGANJ MANDI
12903,RTM,25.0,86.67,0.0,13.33,0.0,Golden Temple Mail,RATLAM JN
12903,SGZ,24.0,70.0,16.67,13.33,0.0,Golden Temple Mail,SHAMGARH
12903,SKF,61.0,50.0,26.67,23.33,0.0,Golden Temple Mail,SAKHOTI TANDA
12903,SMVJ,51.0,33.33,46.67,20.0,0.0,Golden Temple Mail,SHRI MAHAVEERJI
12903,SRE,43.0,70.0,10.0,20.0,0.0,Golden Temple Mail,SAHARANPUR
12903,ST,25.0,70.0,23.33,6.67,0.0,Golden Temple Mail,SURAT
12903,SWM,42.0,56.67,23.33,20.0,0.0,Golden Temple Mail,SAWAI MADHOPUR
12903,UMB,49.0,60.0,20.0,20.0,0.0,Golden Temple Mail,AMBALA CANT JN
12903,YJUD,44.0,70.0,10.0,20.0,0.0,Golden Temple Mail,YAMUNANAGAR JAGADHRI
12904,ASR,2.0,100.0,0.0,0.0,0.0,Golden Temple Mail,AMRITSAR JN
12904,BDTS,16.299,86.67,3.33,10.0,0.0,Golden Temple Mail,BANDRA TERMINUS
12904,BEAS,13.0,80.0,20.0,0.0,0.0,Golden Temple Mail,BEAS
12904,BRC,23.0,66.67,16.67,16.67,0.0,Golden Temple Mail,VADODARA JN
12904,BTE,28.0,70.0,13.33,16.67,0.0,Golden Temple Mail,BHARATPUR JN
12904,BVI,27.0,40.0,46.67,13.33,0.0,Golden Temple Mail,BORIVALI
12904,BWM,38.0,56.67,23.33,20.0,0.0,Golden Temple Mail,BHAWANI MANDI
12904,BXN,35.0,53.33,30.0,16.67,0.0,Golden Temple Mail,BAYANA JN
12904,DHD,39.0,30.0,50.0,20.0,0.0,Golden Temple Mail,DAHOD
12904,FDB,31.0,73.33,10.0,16.67,0.0,Golden Temple Mail,FARIDABAD
12904,GDA,24.835100000000004,70.0,13.33,16.67,0.0,Golden Temple Mail,GODHRA JN
12904,GGC,34.0,56.67,26.67,16.67,0.0,Golden Temple Mail,GANGAPUR CITY
12904,GZB,22.0,56.67,30.0,13.33,0.0,Golden Temple Mail,GHAZIABAD
12904,HAN,35.0,50.0,33.33,16.67,0.0,Golden Temple Mail,HINDAUN CITY
12904,JUC,9.0,76.67,23.33,0.0,0.0,Golden Temple Mail,JALANDHAR CITY
12904,KOTA,32.0,56.67,26.67,16.67,0.0,Golden Temple Mail,KOTA JN
12904,LDH,13.0,70.0,30.0,0.0,0.0,Golden Temple Mail,LUDHIANA JN
12904,MGN,37.0,26.67,53.33,20.0,0.0,Golden Temple Mail,MEGHNAGAR
12904,MOZ,9.0,83.33,10.0,6.67,0.0,Golden Temple Mail,MUZAFFARNAGAR
12904,MTC,16.0,73.33,16.67,10.0,0.0,Golden Temple Mail,MEERUT CITY
12904,MTJ,27.0,73.33,10.0,16.67,0.0,Golden Temple Mail,MATHURA JN
12904,MUT,13.0,76.67,16.67,6.67,0.0,Golden Temple Mail,MEERUT CANT
12904,NAD,22.0622,73.33,13.33,13.33,0.0,Golden Temple Mail,NAGDA JN
12904,NZM,17.0,80.0,3.33,16.67,0.0,Golden Temple Mail,H NIZAMUDDIN
12904,RMA,35.0,60.0,23.33,16.67,0.0,Golden Temple Mail,RAMGANJ MANDI
12904,RTM,30.599,56.67,23.33,20.0,0.0,Golden Temple Mail,RATLAM JN
12904,SGZ,44.0,30.0,50.0,20.0,0.0,Golden Temple Mail,SHAMGARH
12904,SKF,16.5351,80.0,13.33,6.67,0.0,Golden Temple Mail,SAKHOTI TANDA
12904,SMVJ,36.0,46.67,36.67,16.67,0.0,Golden Temple Mail,SHRI MAHAVEERJI
12904,SRE,9.0,80.0,16.67,3.33,0.0,Golden Temple Mail,SAHARANPUR
12904,ST,22.0,73.33,10.0,16.67,0.0,Golden Temple Mail,SURAT
12904,SWM,35.0,56.67,26.67,16.67,0.0,Golden Temple Mail,SAWAI MADHOPUR
12904,UMB,9.0,76.67,23.33,0.0,0.0,Golden Temple Mail,AMBALA CANT JN
12904,YJUD,14.0,66.67,33.33,0.0,0.0,Golden Temple Mail,YAMUNANAGAR JAGADHRI
12925,ASR,16.0,78.9,13.42,7.67,0.01,Paschim Express,AMRITSAR JN
12925,BDMJ,35.0,2.19,6.03,0.55,91.23,Paschim Express,BHODWAL MAJRI
12925,BDTS,1.0,22.74,0.0,0.0,77.26,Paschim Express,BANDRA TERMINUS
12925,BEAS,19.0,70.68,21.64,7.67,0.01,Paschim Express,BEAS
12925,BH,15.0,68.22,29.59,2.19,0.0,Paschim Express,BHARUCH JN
12925,BL,30.0,14.52,82.19,3.29,0.0,Paschim Express,VALSAD
12925,BRC,11.4706,88.49,9.59,1.92,0.0,Paschim Express,VADODARA JN
12925,BTE,19.0,55.89,41.37,2.74,0.0,Paschim Express,BHARATPUR JN
12925,BVI,16.0,56.99,43.01,0.0,0.0,Paschim Express,BORIVALI
12925,BXN,18.0,68.49,27.4,4.11,0.0,Paschim Express,BAYANA JN
12925,CDG,15.0,75.07,21.37,3.56,0.0,Paschim Express,CHANDIGARH
12925,DHD,13.3735,81.64,16.71,1.64,0.0,Paschim Express,DAHOD
12925,DRD,19.0,44.11,55.07,0.82,0.0,Paschim Express,DAHANU ROAD
12925,FDB,12.8082,85.48,11.78,2.74,0.0,Paschim Express,FARIDABAD
12925,GDA,0.0,95.07,3.56,1.37,0.0,Paschim Express,GODHRA JN
12925,GGC,13.0,81.64,14.79,3.56,0.01,Paschim Express,GANGAPUR CITY
12925,HAN,17.0,70.41,25.48,4.11,0.0,Paschim Express,HINDAUN CITY
12925,JRC,20.0,65.21,27.95,6.85,0.0,Paschim Express,JALANDHAR CANT
12925,JUC,19.0,68.49,25.21,6.3,0.0,Paschim Express,JALANDHAR CITY
12925,KKDE,38.0,10.96,79.45,9.59,0.0,Paschim Express,KURUKSHETRA JN
12925,KOTA,11.0,85.48,12.05,2.47,0.0,Paschim Express,KOTA JN
12925,KUH,13.0,73.97,24.38,1.37,0.28,Paschim Express,KHACHROD
12925,KUN,33.0,24.66,67.4,7.95,0.0,Paschim Express,KARNAL
12925,LDH,14.0,84.66,11.23,4.11,0.0,Paschim Express,LUDHIANA JN
12925,MGN,12.0,80.55,17.53,1.92,0.0,Paschim Express,MEGHNAGAR
12925,MMCT,4.0,74.79,2.47,0.0,22.74,Paschim Express,MUMBAI CENTRAL
12925,MTJ,10.0,90.96,7.67,1.37,0.0,Paschim Express,MATHURA JN
12925,NAD,7.0,96.99,1.64,1.37,0.0,Paschim Express,NAGDA JN
12925,NDLS,13.0,80.0,16.99,3.01,0.0,Paschim Express,NEW DELHI
12925,NVS,33.872099999999996,14.79,82.74,2.47,0.0,Paschim Express,NAVSARI
12925,NZM,17.0,64.38,32.88,2.74,0.0,Paschim Express,H NIZAMUDDIN
12925,PGW,19.0,71.23,21.92,6.85,0.0,Paschim Express,PHAGWARA JN
12925,PNP,27.0,39.45,55.34,5.21,0.0,Paschim Express,PANIPAT JN
12925,RMA,10.0,92.05,6.03,1.92,0.0,Paschim Express,RAMGANJ MANDI
12925,RTM,13.0,80.27,17.81,1.92,0.0,Paschim Express,RATLAM JN
12925,SASN,22.0,49.59,46.3,4.11,0.0,Paschim Express,SAHIBZADA ASNGR
12925,SGZ,0.0,93.42,4.93,1.64,0.0,Paschim Express,SHAMGARH
12925,SMVJ,0.3183,1.64,0.55,0.0,97.81,Paschim Express,SHRI MAHAVEERJI
12925,SNP,21.0,53.97,43.01,3.01,0.01,Paschim Express,SONIPAT JN
12925,ST,10.0,89.04,9.59,1.37,0.0,Paschim Express,SURAT
12925,SWM,22.0,50.96,44.38,4.66,0.0,Paschim Express,SAWAI MADHOPUR
12925,SZM,18.4556,67.12,29.86,3.01,0.0,Paschim Express,SUBZI MANDI
12925,UMB,13.0,83.56,13.15,3.29,0.0,Paschim Express,AMBALA CANT JN
12925,VAPI,24.0,29.59,68.77,1.64,0.0,Paschim Express,VAPI
12926,ASR,9.0,94.79,3.29,1.92,0.0,Paschim Express,AMRITSAR JN
12926,BDMJ,19.0,4.11,4.38,0.27,91.24,Paschim Express,BHODWAL MAJRI
12926,BDTS,5.0,20.55,0.55,1.1,77.8,Paschim Express,BANDRA TERMINUS
12926,BEAS,22.0,51.78,46.3,1.92,0.0,Paschim Express,BEAS
12926,BH,18.0,82.19,14.25,3.56,0.0,Paschim Express,BHARUCH JN
12926,BL,25.0,49.59,44.66,5.75,0.0,Paschim Express,VALSAD
12926,BRC,12.5858,87.67,8.77,3.56,0.0,Paschim Express,VADODARA JN
12926,BTE,16.0694,79.45,15.07,5.48,0.0,Paschim Express,BHARATPUR JN
12926,BVI,29.0,40.55,51.23,8.22,0.0,Paschim Express,BORIVALI
12926,BXN,18.0,83.29,11.23,5.48,0.0,Paschim Express,BAYANA JN
12926,CDG,11.0,94.79,2.19,3.01,0.01,Paschim Express,CHANDIGARH
12926,DHD,18.0,81.37,14.52,4.11,0.0,Paschim Express,DAHOD
12926,DRD,28.0,47.95,43.84,8.22,0.0,Paschim Express,DAHANU ROAD
12926,FDB,48.0,6.85,84.38,8.77,0.0,Paschim Express,FARIDABAD
12926,GDA,14.0,93.42,3.29,3.29,0.0,Paschim Express,GODHRA JN
12926,GGC,22.0,72.05,21.64,6.3,0.01,Paschim Express,GANGAPUR CITY
12926,HAN,16.6069,78.63,15.34,6.03,0.0,Paschim Express,HINDAUN CITY
12926,JRC,20.0,60.27,36.71,3.01,0.01,Paschim Express,JALANDHAR CANT
12926,JUC,17.0,71.23,26.03,2.74,0.0,Paschim Express,JALANDHAR CITY
12926,KKDE,20.0,71.78,24.38,3.84,0.0,Paschim Express,KURUKSHETRA JN
12926,KOTA,29.0,53.7,36.71,9.59,0.0,Paschim Express,KOTA JN
12926,KUH,17.0,89.04,7.4,3.56,0.0,Paschim Express,KHACHROD
12926,KUN,22.0,60.82,35.34,3.56,0.28,Paschim Express,KARNAL
12926,LDH,22.0,55.89,39.73,4.38,0.0,Paschim Express,LUDHIANA JN
12926,MGN,18.0,83.84,12.05,4.11,0.0,Paschim Express,MEGHNAGAR
12926,MMCT,16.0,63.56,7.12,6.03,23.29,Paschim Express,MUMBAI CENTRAL
12926,MTJ,18.0,84.11,10.68,5.21,0.0,Paschim Express,MATHURA JN
12926,NAD,13.0,93.7,2.74,3.56,0.0,Paschim Express,NAGDA JN
12926,NDLS,21.0,66.58,28.49,4.93,0.0,Paschim Express,NEW DELHI
12926,NVS,17.0,81.64,13.7,4.66,0.0,Paschim Express,NAVSARI
12926,PGW,24.688699999999997,46.85,49.86,3.29,0.0,Paschim Express,PHAGWARA JN
12926,PNP,25.0,50.41,45.48,4.11,0.0,Paschim Express,PANIPAT JN
12926,RMA,29.0,51.51,39.45,9.04,0.0,Paschim Express,RAMGANJ MANDI
12926,RTM,15.0,88.77,7.4,3.84,0.0,Paschim Express,RATLAM JN
12926,SASN,12.0,91.78,5.75,2.47,0.0,Paschim Express,SAHIBZADA ASNGR
12926,SGZ,26.0,56.71,36.16,7.12,0.01,Paschim Express,SHAMGARH
12926,SMVJ,14.0,1.64,0.55,0.0,97.81,Paschim Express,SHRI MAHAVEERJI
12926,SNP,28.0,41.92,53.42,4.66,0.0,Paschim Express,SONIPAT JN
12926,ST,15.0,86.58,9.32,4.11,0.0,Paschim Express,SURAT
12926,SWM,24.0,61.64,31.51,6.85,0.0,Paschim Express,SAWAI MADHOPUR
12926,SZM,34.0,23.01,70.96,6.03,0.0,Paschim Express,SUBZI MANDI
12926,UMB,11.0,92.33,4.38,3.29,0.0,Paschim Express,AMBALA CANT JN
12926,VAPI,24.0,58.36,34.52,7.12,0.0,Paschim Express,VAPI
12951,BRC,17.0,74.52,23.84,1.64,0.0,Mumbai Rajdhani,VADODARA JN
12951,BVI,15.0,93.7,5.21,1.1,0.0,Mumbai Rajdhani,BORIVALI
12951,KOTA,16.0,80.27,17.81,1.92,0.0,Mumbai Rajdhani,KOTA JN
12951,MMCT,7.0,98.63,0.27,1.1,0.0,Mumbai Rajdhani,MUMBAI CENTRAL
12951,NAD,11.0,92.05,6.3,1.64,0.01,Mumbai Rajdhani,NAGDA JN
12951,NDLS,27.0,82.47,11.51,6.03,0.0,Mumbai Rajdhani,NEW DELHI
12951,RTM,15.0,83.56,14.25,2.19,0.0,Mumbai Rajdhani,RATLAM JN
12951,ST,16.0,81.92,16.16,1.92,0.0,Mumbai Rajdhani,SURAT
12952,BRC,13.0,87.12,9.86,3.01,0.01,Mumbai Rajdhani,VADODARA JN
12952,BVI,28.0,24.38,70.68,4.93,0.01,Mumbai Rajdhani,BORIVALI
12952,KOTA,20.0,57.81,38.9,3.29,0.0,Mumbai Rajdhani,KOTA JN
12952,MMCT,13.0,88.22,7.4,4.38,0.0,Mumbai Rajdhani,MUMBAI CENTRAL
12952,NAD,15.0,76.71,20.0,3.29,0.0,Mumbai Rajdhani,NAGDA JN
12952,NDLS,8.0,97.26,0.55,2.19,0.0,Mumbai Rajdhani,NEW DELHI
12952,RTM,20.0,64.93,31.51,3.56,0.0,Mumbai Rajdhani,RATLAM JN
12952,ST,15.0,85.48,11.51,3.01,0.0,Mumbai Rajdhani,SURAT
12953,BH,13.0,80.0,20.0,0.0,0.0,August Kranti Rajdhani,BHARUCH JN
12953,BL,11.0,80.0,20.0,0.0,0.0,August Kranti Rajdhani,VALSAD
12953,BRC,10.0,83.33,16.67,0.0,0.0,August Kranti Rajdhani,VADODARA JN
12953,BVI,9.0,86.67,13.33,0.0,0.0,August Kranti Rajdhani,BORIVALI
12953,DHD,13.0,63.33,36.67,0.0,0.0,August Kranti Rajdhani,DAHOD
12953,KOTA,9.0,73.33,23.33,3.33,0.01,August Kranti Rajdhani,KOTA JN
12953,MMCT,1.0,100.0,0.0,0.0,0.0,August Kranti Rajdhani,MUMBAI CENTRAL
12953,MTJ,8.0,96.67,0.0,3.33,0.0,August Kranti Rajdhani,MATHURA JN
12953,NZM,7.0,90.0,6.67,3.33,0.0,August Kranti Rajdhani,H NIZAMUDDIN
12953,RTM,10.0,80.0,20.0,0.0,0.0,August Kranti Rajdhani,RATLAM JN
12953,ST,7.0,93.33,6.67,0.0,0.0,August Kranti Rajdhani,SURAT
12953,SWM,15.0,66.67,30.0,3.33,0.0,August Kranti Rajdhani,SAWAI MADHOPUR
12953,VAPI,14.0,63.33,36.67,0.0,0.0,August Kranti Rajdhani,VAPI
12954,BH,15.0,86.67,6.67,6.67,0.0,August Kranti Rajdhani,BHARUCH JN
12954,BL,14.0,86.67,6.67,6.67,0.0,August Kranti Rajdhani,VALSAD
12954,BRC,15.536100000000001,83.33,10.0,6.67,0.0,August Kranti Rajdhani,VADODARA JN
12954,BVI,29.0,36.67,53.33,10.0,0.0,August Kranti Rajdhani,BORIVALI
12954,DHD,24.3,60.0,30.0,10.0,0.0,August Kranti Rajdhani,DAHOD
12954,KOTA,23.0,43.33,50.0,6.67,0.0,August Kranti Rajdhani,KOTA JN
12954,MMCT,16.0,86.67,6.67,6.67,0.0,August Kranti Rajdhani,MUMBAI CENTRAL
12954,MTJ,6.0,96.67,3.33,0.0,0.0,August Kranti Rajdhani,MATHURA JN
12954,NZM,0.0,100.0,0.0,0.0,0.0,August Kranti Rajdhani,H NIZAMUDDIN
12954,RTM,20.0,66.67,26.67,6.67,0.0,August Kranti Rajdhani,RATLAM JN
12954,ST,14.0,90.0,3.33,6.67,0.0,August Kranti Rajdhani,SURAT
12954,SWM,13.0,76.67,20.0,3.33,0.0,August Kranti Rajdhani,SAWAI MADHOPUR
12954,VAPI,23.0,83.33,10.0,6.67,0.0,August Kranti Rajdhani,VAPI
12957,ABR,8.0,96.67,0.0,3.33,0.0,Swarna Jayanti Rajdhani,ABU ROAD
12957,AII,6.0,96.67,0.0,3.33,0.0,Swarna Jayanti Rajdhani,AJMER JN
12957,DEC,15.0,96.67,0.0,3.33,0.0,Swarna Jayanti Rajdhani,DELHI CANTT
12957,FA,6.0,96.67,0.0,3.33,0.0,Swarna Jayanti Rajdhani,FALNA
12957,GGN,14.0,96.67,0.0,3.33,0.0,Swarna Jayanti Rajdhani,GURGAON
12957,JP,7.0,96.67,0.0,3.33,0.0,Swarna Jayanti Rajdhani,JAIPUR
12957,MSH,8.0,93.33,3.33,3.33,0.01,Swarna Jayanti Rajdhani,MAHESANA JN
12957,NDLS,0.0,96.67,0.0,3.33,0.0,Swarna Jayanti Rajdhani,NEW DELHI
12957,PNU,0.0,96.67,0.0,3.33,0.0,Swarna Jayanti Rajdhani,PALANPUR JN
12957,SBIB,7.0,96.67,0.0,3.33,0.0,Swarna Jayanti Rajdhani,SABARMATI BG
12958,ABR,10.0,73.33,26.67,0.0,0.0,Swarna Jayanti Rajdhani,ABU ROAD
12958,AII,16.0,63.33,36.67,0.0,0.0,Swarna Jayanti Rajdhani,AJMER JN
12958,DEC,4.0,100.0,0.0,0.0,0.0,Swarna Jayanti Rajdhani,DELHI CANTT
12958,FA,16.0,53.33,46.67,0.0,0.0,Swarna Jayanti Rajdhani,FALNA
12958,GGN,7.0,93.33,6.67,0.0,0.0,Swarna Jayanti Rajdhani,GURGAON
12958,JP,22.999,46.67,53.33,0.0,0.0,Swarna Jayanti Rajdhani,JAIPUR
12958,MSH,6.0,86.67,13.33,0.0,0.0,Swarna Jayanti Rajdhani,MAHESANA JN
12958,NDLS,0.0,100.0,0.0,0.0,0.0,Swarna Jayanti Rajdhani,NEW DELHI
12958,PNU,4.0,90.0,10.0,0.0,0.0,Swarna Jayanti Rajdhani,PALANPUR JN
12958,SBIB,0.0,100.0,0.0,0.0,0.0,Swarna Jayanti Rajdhani,SABARMATI BG
15959,ABKA,13.0,71.65,27.97,0.38,0.0,Kamrup Express,AMBIKA KALNA
15959,AGI,46.0,11.49,70.88,17.62,0.01,Kamrup Express,AMGURI
15959,AUB,34.0,14.18,78.16,7.66,0.0,Kamrup Express,ALUABARI ROAD
15959,AZ,9.0,85.82,13.03,1.15,0.0,Kamrup Express,AZIMGANJ JN
15959,BDC,8.0,90.8,8.81,0.38,0.01,Kamrup Express,BANDEL JN
15959,BNGN,20.0,65.52,26.05,6.13,2.3,Kamrup Express,BONGAIGAON
15959,BOE,17.0,0.77,1.15,0.0,98.08,Kamrup Express,BARSOI JN
15959,BOJ,51.0,9.2,72.03,18.77,0.0,Kamrup Express,BHOJO
15959,BPRD,24.0,55.17,34.48,8.05,2.3,Kamrup Express,BARPETA ROAD
15959,BXP,48.0,19.92,60.54,19.54,0.0,Kamrup Express,BARPATHAR
15959,CPK,35.0,38.31,47.89,13.79,0.01,Kamrup Express,CHAPARMUKH JN
15959,DBRG,17.0,71.26,16.09,12.64,0.01,Kamrup Express,DIBRUGARH
15959,DGLE,13.0,77.39,21.07,1.53,0.01,Kamrup Express,DHULIAN GANGA
15959,DJG,56.0,7.28,68.97,23.75,0.0,Kamrup Express,DULIAJAN
15959,DMV,49.0,17.62,62.07,20.31,0.0,Kamrup Express,DIMAPUR
15959,DPU,48.0,16.09,62.84,21.07,0.0,Kamrup Express,DIPHU
15959,DQG,19.0,65.13,29.5,5.36,0.01,Kamrup Express,DHUPGURI
15959,FKG,21.0,76.63,13.41,9.96,0.0,Kamrup Express,FURKATING JN
15959,FKM,37.0,6.9,85.06,8.05,0.0,Kamrup Express,FAKIRAGRAM JN
15959,FLK,13.0,77.39,18.77,3.83,0.01,Kamrup Express,FALAKATA
15959,GHY,32.0,41.0,47.51,11.49,0.0,Kamrup Express,GUWAHATI
15959,GOGH,10.0,1.53,0.38,0.0,98.09,Kamrup Express,GOSSAIGAON HAT
15959,HCR,11.0,80.08,17.62,2.3,0.0,Kamrup Express,HARISCHANDRPUR
15959,HJI,37.0,36.78,47.51,15.71,0.0,Kamrup Express,HOJAI
15959,HWH,0.0,97.32,2.68,0.0,0.0,Kamrup Express,HOWRAH JN
15959,JPE,13.0,68.2,26.82,4.98,0.0,Kamrup Express,JALPAIGURI ROAD
15959,JRLE,8.0,88.12,10.73,1.15,0.0,Kamrup Express,JANGIPUR ROAD
15959,KAMG,18.0,74.33,21.46,3.83,0.38,Kamrup Express,KAMAKHYAGURI
15959,KGLE,23.011499999999998,48.66,50.19,1.15,0.0,Kamrup Express,KHAGRAGHAT ROAD
15959,KNE,29.8684,32.57,62.45,4.98,0.0,Kamrup Express,KISHANGANJ
15959,KOJ,35.0,10.73,80.84,8.43,0.0,Kamrup Express,KOKRAJHAR
15959,KWAE,10.0,79.69,19.92,0.38,0.01,Kamrup Express,KATWA
15959,KYQ,23.0,63.6,28.35,8.05,0.0,Kamrup Express,KAMAKHYA
15959,LKA,36.0,41.0,42.53,16.48,0.0,Kamrup Express,LANKA
15959,LMG,47.0,20.69,57.85,21.46,0.0,Kamrup Express,LUMDING JN
15959,MLDT,8.0,95.02,3.07,1.92,0.0,Kamrup Express,MALDA TOWN
15959,MXN,39.0,39.46,43.68,16.86,0.0,Kamrup Express,MARIANI JN
15959,NAM,54.0,6.9,71.65,21.46,0.0,Kamrup Express,NAMRUP
15959,NBQ,17.0,72.8,21.46,5.75,0.0,Kamrup Express,NEW BONGAIGAON
15959,NCB,13.0,82.76,13.03,4.21,0.0,Kamrup Express,NEW COOCH BEHAR
15959,NDAE,17.6587,65.13,34.48,0.38,0.0,Kamrup Express,NABADWIP DHAM
15959,NFK,9.0,90.04,8.05,1.92,0.0,Kamrup Express,NEW FARAKKA JN
15959,NHK,56.0,6.51,70.5,22.99,0.0,Kamrup Express,NAHARKATIYA
15959,NILE,12.0,78.16,20.69,1.15,0.0,Kamrup Express,NIMTITA
15959,NJP,17.0,68.97,26.05,4.98,0.0,Kamrup Express,NEW JALPAIGURI
15959,NLV,30.0,41.38,47.89,8.43,2.3,Kamrup Express,NALBARI
15959,NMX,21.0,58.62,35.63,5.75,0.0,Kamrup Express,NEW MAYNAGURI
15959,NOQ,12.0,82.76,13.41,3.45,0.38,Kamrup Express,NEW ALIPURDAUR
15959,NTSK,53.0,13.79,65.52,20.69,0.0,Kamrup Express,NEW TINSUKIA JN
15959,PBL,27.0,48.28,41.38,8.05,2.29,Kamrup Express,PATHSALA
15959,RNY,26.0,55.17,34.1,8.43,2.3,Kamrup Express,RANGIYA JN
15959,SALE,14.0,62.45,37.16,0.38,0.01,Kamrup Express,SALAR
15959,SBE,23.0,59.39,30.27,8.05,2.29,Kamrup Express,SORBHOG JN
15959,SLGR,42.0,21.46,63.22,15.33,0.0,Kamrup Express,SIMALUGURI JN
15959,SM,10.0,86.21,11.49,2.3,0.0,Kamrup Express,SAMSI
15959,SZR,47.0,20.69,60.15,19.16,0.0,Kamrup Express,SARUPATHAR
15959,TIHU,28.0,44.44,44.83,8.43,2.3,Kamrup Express,TIHU
15960,ABKA,38.0,63.85,13.08,23.08,0.0,Kamrup Express,AMBIKA KALNA
15960,AGI,50.0,10.38,53.08,36.54,0.0,Kamrup Express,AMGURI
15960,AUB,36.0,55.0,26.54,18.46,0.0,Kamrup Express,ALUABARI ROAD
15960,AZ,33.0,68.46,8.46,23.08,0.0,Kamrup Express,AZIMGANJ JN
15960,BDC,38.0,49.62,32.31,18.08,0.0,Kamrup Express,BANDEL JN
15960,BNGN,41.0,17.69,63.08,18.08,1.15,Kamrup Express,BONGAIGAON
15960,BOE,15.0,1.15,0.77,0.0,98.08,Kamrup Express,BARSOI JN
15960,BOJ,29.0,41.15,49.23,9.62,0.0,Kamrup Express,BHOJO
15960,BPRD,31.0,36.92,49.62,12.31,1.15,Kamrup Express,BARPETA ROAD
15960,BXP,11.0,85.0,11.92,3.08,0.0,Kamrup Express,BARPATHAR
15960,CPK,25.0,45.77,46.54,7.69,0.0,Kamrup Express,CHAPARMUKH JN
15960,DBRG,0.0,96.54,2.69,0.77,0.0,Kamrup Express,DIBRUGARH
15960,DGLE,37.0,64.23,11.15,24.62,0.0,Kamrup Express,DHULIAN GANGA
15960,DJG,18.0,57.31,37.69,5.0,0.0,Kamrup Express,DULIAJAN
15960,DMV,20.0,50.0,45.77,4.23,0.0,Kamrup Express,DIMAPUR
15960,DPU,28.226000000000003,38.08,56.92,5.0,0.0,Kamrup Express,DIPHU
15960,DQG,46.0,28.46,49.23,21.92,0.39,Kamrup Express,DHUPGURI
15960,FKG,8.0,91.15,6.54,2.31,0.0,Kamrup Express,FURKATING JN
15960,FKM,35.0,49.23,33.08,17.69,0.0,Kamrup Express,FAKIRAGRAM JN
15960,FLK,45.063,16.15,58.85,24.62,0.38,Kamrup Express,FALAKATA
15960,GHY,33.6095,35.77,50.38,13.85,0.0,Kamrup Express,GUWAHATI
15960,GOGH,11.0,1.15,0.38,0.0,98.47,Kamrup Express,GOSSAIGAON HAT
15960,HCR,38.5796,33.46,44.62,21.92,0.0,Kamrup Express,HARISCHANDRPUR
15960,HJI,21.0,53.85,40.0,6.15,0.0,Kamrup Express,HOJAI
15960,HWH,5.0,79.62,8.46,11.92,0.0,Kamrup Express,HOWRAH JN
15960,JPE,48.0,24.23,51.54,24.23,0.0,Kamrup Express,JALPAIGURI ROAD
15960,JRLE,41.0,58.85,16.54,24.62,0.0,Kamrup Express,JANGIPUR ROAD
15960,KAMG,39.0,40.0,40.77,18.85,0.38,Kamrup Express,KAMAKHYAGURI
15960,KGLE,38.0,66.15,8.85,25.0,0.0,Kamrup Express,KHAGRAGHAT ROAD
15960,KNE,37.0,54.62,26.54,18.85,0.0,Kamrup Express,KISHANGANJ
15960,KOJ,32.0,53.08,30.0,16.92,0.0,Kamrup Express,KOKRAJHAR
15960,KWAE,29.9095,65.77,10.38,23.85,0.0,Kamrup Express,KATWA
15960,KYQ,35.0,33.46,51.92,14.62,0.0,Kamrup Express,KAMAKHYA
15960,LKA,19.0,56.92,37.31,5.77,0.0,Kamrup Express,LANKA
15960,LMG,23.0,50.0,44.62,5.38,0.0,Kamrup Express,LUMDING JN
15960,MLDT,36.0,66.92,8.85,24.23,0.0,Kamrup Express,MALDA TOWN
15960,MXN,34.0,16.15,77.69,6.15,0.01,Kamrup Express,MARIANI JN
15960,NAM,20.0,50.0,43.08,6.92,0.0,Kamrup Express,NAMRUP
15960,NBQ,28.0,59.62,25.38,15.0,0.0,Kamrup Express,NEW BONGAIGAON
15960,NCB,43.0,36.15,42.69,21.15,0.01,Kamrup Express,NEW COOCH BEHAR
15960,NDAE,36.0,65.38,12.69,21.92,0.01,Kamrup Express,NABADWIP DHAM
15960,NFK,37.0,64.62,10.77,24.62,0.0,Kamrup Express,NEW FARAKKA JN
15960,NHK,23.0,44.62,48.85,6.54,0.0,Kamrup Express,NAHARKATIYA
15960,NILE,40.0,61.15,13.85,25.0,0.0,Kamrup Express,NIMTITA
15960,NJP,28.0,66.54,18.46,15.0,0.0,Kamrup Express,NEW JALPAIGURI
15960,NLV,23.0,58.08,33.08,7.69,1.15,Kamrup Express,NALBARI
15960,NMX,46.0,27.69,48.08,23.85,0.38,Kamrup Express,NEW MAYNAGURI
15960,NOQ,37.0,44.62,36.15,18.46,0.77,Kamrup Express,NEW ALIPURDAUR
15960,NTSK,15.0,65.77,30.38,3.85,0.0,Kamrup Express,NEW TINSUKIA JN
15960,PBL,30.0,36.54,50.38,11.92,1.16,Kamrup Express,PATHSALA
15960,RNY,20.717799999999997,65.77,25.77,7.31,1.15,Kamrup Express,RANGIYA JN
15960,SALE,45.0,50.0,23.85,26.15,0.0,Kamrup Express,SALAR
15960,SBE,35.0,27.69,56.92,14.23,1.16,Kamrup Express,SORBHOG JN
15960,SLGR,44.0,19.23,51.92,28.85,0.0,Kamrup Express,SIMALUGURI JN
15960,SM,49.0,28.08,48.46,23.46,0.0,Kamrup Express,SAMSI
15960,SZR,13.0,80.38,16.15,3.46,0.01,Kamrup Express,SARUPATHAR
15960,TIHU,26.0,48.08,40.77,10.0,1.15,Kamrup Express,TIHU
16127,AAY,24.0,36.67,60.0,3.33,0.0,Guruvayur Express,ARALVAYMOZHI
16127,AFK,46.0,6.67,70.0,23.33,0.0,Guruvayur Express,ANGAMALI
16127,ALLP,73.0,0.0,36.67,63.33,0.0,Guruvayur Express,ALLEPPEY
16127,ALU,19.0,70.0,26.67,3.33,0.0,Guruvayur Express,ARIYALUR
16127,AWY,42.0,10.0,66.67,23.33,0.0,Guruvayur Express,ALUVA
16127,CGL,3.0,96.67,3.33,0.0,0.0,Guruvayur Express,CHENGALPATTU
16127,CKI,50.899,6.67,63.33,30.0,0.0,Guruvayur Express,CHALAKUDI
16127,CRY,14.0,80.0,6.67,13.33,0.0,Guruvayur Express,CHIRAYINKIL
16127,CVP,22.0,43.33,53.33,3.33,0.01,Guruvayur Express,KOVILPATTI
16127,DG,20.0,46.67,50.0,3.33,0.0,Guruvayur Express,DINDIGUL JN
16127,ERL,30.7639,26.67,70.0,3.33,0.0,Guruvayur Express,ERANIEL
16127,ERN,45.0,10.0,66.67,23.33,0.0,Guruvayur Express,ERNAKULAM TOWN
16127,ERS,43.0,16.67,60.0,23.33,0.0,Guruvayur Express,ERNAKULAM JN
16127,GUV,22.0,70.0,13.33,16.67,0.0,Guruvayur Express,GURUVAYUR
16127,HAD,70.0,0.0,46.67,53.33,0.0,Guruvayur Express,HARIPPAD
16127,IJK,54.0,6.67,63.33,30.0,0.0,Guruvayur Express,IRINJALAKUDA
16127,KON,27.0,20.0,76.67,3.33,0.0,Guruvayur Express,KUDALNAGAR
16127,KQN,21.0,33.33,63.33,3.33,0.01,Guruvayur Express,KODAIKANAL ROAD
16127,KVU,53.0,6.67,70.0,23.33,0.0,Guruvayur Express,KADAKAVUR
16127,KYJ,69.0,0.0,50.0,50.0,0.0,Guruvayur Express,KAYANKULAM JN
16127,KZT,30.0,23.33,73.33,3.33,0.01,Guruvayur Express,KULITTHURAI
16127,MDU,15.0,60.0,36.67,3.33,0.0,Guruvayur Express,MADURAI JN
16127,MEJ,27.0,33.33,63.33,3.33,0.01,Guruvayur Express,VANCHI MANIYACHCHI
16127,MLMR,16.0,63.33,36.67,0.0,0.0,Guruvayur Express,MELMARUVATTUR
16127,MPA,16.0,80.0,16.67,3.33,0.0,Guruvayur Express,MANAPARAI
16127,MS,0.0,100.0,0.0,0.0,0.0,Guruvayur Express,CHENNAI EGMORE
16127,NJT,16.0,60.0,36.67,3.33,0.0,Guruvayur Express,NAGER COIL TOWN
16127,NNN,27.0,33.33,63.33,3.33,0.01,Guruvayur Express,NANGUNERI
16127,NYY,37.53509999999999,10.0,83.33,6.67,0.0,Guruvayur Express,NEYYATTINKARA
16127,PNDM,3.0,93.33,6.67,0.0,0.0,Guruvayur Express,PENNADAM
16127,PNQ,36.0,43.33,26.67,30.0,0.0,Guruvayur Express,PUNKUNNAM
16127,PVU,59.0,6.67,60.0,33.33,0.0,Guruvayur Express,PARAVUR
16127,QLN,59.0,13.33,53.33,33.33,0.01,Guruvayur Express,KOLLAM JN
16127,SDN,27.0,16.67,80.0,3.33,0.0,Guruvayur Express,SHOLAVANDAN
16127,SRGM,18.0,70.0,26.67,3.33,0.0,Guruvayur Express,SRIRANGAM
16127,SRT,13.0,73.33,23.33,3.33,0.01,Guruvayur Express,SATUR
16127,SRTL,77.0,0.0,30.0,70.0,0.0,Guruvayur Express,SHERTALAI
16127,TBM,0.0,100.0,0.0,0.0,0.0,Guruvayur Express,TAMBARAM
16127,TCR,30.0,53.33,20.0,26.67,0.0,Guruvayur Express,THRISUR
16127,TEN,22.0,40.0,56.67,3.33,0.0,Guruvayur Express,TIRUNELVELI JN
16127,TMV,15.0,56.67,43.33,0.0,0.0,Guruvayur Express,TINDIVANAM
16127,TPJ,8.0,86.67,10.0,3.33,0.0,Guruvayur Express,TIRUCHCHIRAPALI
16127,TVC,30.0,20.0,73.33,6.67,0.0,Guruvayur Express,TRIVANDRUM CNTL
16127,VAK,46.364900000000006,10.0,66.67,23.33,0.0,Guruvayur Express,VARKALA
16127,VLY,26.0,33.33,63.33,3.33,0.01,Guruvayur Express,VALLIYUR
16127,VM,3.0,93.33,6.67,0.0,0.0,Guruvayur Express,VILLUPURAM JN
16127,VPT,13.0,73.33,23.33,3.33,0.01,Guruvayur Express,VIRUDUNAGAR JN
16127,VRI,4.0,93.33,6.67,0.0,0.0,Guruvayur Express,VRIDHACHALAM JN
16128,AAY,37.7622,3.33,93.33,3.33,0.0,Guruvayur Express,ARALVAYMOZHI
16128,AFK,23.0,26.67,70.0,3.33,0.0,Guruvayur Express,ANGAMALI
16128,ALLP,31.0,6.67,90.0,3.33,0.0,Guruvayur Express,ALLEPPEY
16128,ALU,43.0,6.67,76.67,16.67,0.0,Guruvayur Express,ARIYALUR
16128,AWY,29.0,6.67,90.0,3.33,0.0,Guruvayur Express,ALUVA
16128,CGL,13.0,60.0,40.0,0.0,0.0,Guruvayur Express,CHENGALPATTU
16128,CKI,22.0,50.0,50.0,0.0,0.0,Guruvayur Express,CHALAKUDI
16128,CRY,8.0,86.67,13.33,0.0,0.0,Guruvayur Express,CHIRAYINKIL
16128,CVP,11.0,83.33,16.67,0.0,0.0,Guruvayur Express,KOVILPATTI
16128,DG,7.0,76.67,23.33,0.0,0.0,Guruvayur Express,DINDIGUL JN
16128,ERL,49.0,0.0,93.33,6.67,0.0,Guruvayur Express,ERANIEL
16128,ERN,29.0,6.67,90.0,3.33,0.0,Guruvayur Express,ERNAKULAM TOWN
16128,ERS,27.0,13.33,83.33,3.33,0.01,Guruvayur Express,ERNAKULAM JN
16128,GUV,0.0,100.0,0.0,0.0,0.0,Guruvayur Express,GURUVAYUR
16128,HAD,33.0,6.67,90.0,3.33,0.0,Guruvayur Express,HARIPPAD
16128,IJK,17.0,60.0,40.0,0.0,0.0,Guruvayur Express,IRINJALAKUDA
16128,KQN,8.0,73.33,26.67,0.0,0.0,Guruvayur Express,KODAIKANAL ROAD
16128,KYJ,33.0,6.67,90.0,3.33,0.0,Guruvayur Express,KAYANKULAM JN
16128,KZT,39.0,0.0,93.33,6.67,0.0,Guruvayur Express,KULITTHURAI
16128,MBM,0.0,100.0,0.0,0.0,0.0,Guruvayur Express,MAMBALAM
16128,MDU,5.0,90.0,10.0,0.0,0.0,Guruvayur Express,MADURAI JN
16128,MEJ,8.0,86.67,13.33,0.0,0.0,Guruvayur Express,VANCHI MANIYACHCHI
16128,MLMR,14.0,60.0,40.0,0.0,0.0,Guruvayur Express,MELMARUVATTUR
16128,MPA,7.0,80.0,20.0,0.0,0.0,Guruvayur Express,MANAPARAI
16128,MS,1.0,100.0,0.0,0.0,0.0,Guruvayur Express,CHENNAI EGMORE
16128,NJT,50.0,0.0,93.33,6.67,0.0,Guruvayur Express,NAGER COIL TOWN
16128,NNN,36.0,0.0,96.67,3.33,0.0,Guruvayur Express,NANGUNERI
16128,NYY,36.0,0.0,96.67,3.33,0.0,Guruvayur Express,NEYYATTINKARA
16128,PNDM,24.0,36.67,60.0,3.33,0.0,Guruvayur Express,PENNADAM
16128,PNQ,8.0,90.0,10.0,0.0,0.0,Guruvayur Express,PUNKUNNAM
16128,PVU,33.0,6.67,90.0,3.33,0.0,Guruvayur Express,PARAVUR
16128,QLN,35.764900000000004,10.0,86.67,3.33,0.0,Guruvayur Express,KOLLAM JN
16128,SDN,8.0,76.67,23.33,0.0,0.0,Guruvayur Express,SHOLAVANDAN
16128,SRGM,38.0,16.67,66.67,16.67,0.0,Guruvayur Express,SRIRANGAM
16128,SRT,14.0,66.67,33.33,0.0,0.0,Guruvayur Express,SATUR
16128,SRTL,29.0,10.0,86.67,3.33,0.0,Guruvayur Express,SHERTALAI
16128,TBM,19.0,36.67,63.33,0.0,0.0,Guruvayur Express,TAMBARAM
16128,TCR,11.0,83.33,16.67,0.0,0.0,Guruvayur Express,THRISUR
16128,TEN,5.0,93.33,6.67,0.0,0.0,Guruvayur Express,TIRUNELVELI JN
16128,TMV,16.0,60.0,40.0,0.0,0.0,Guruvayur Express,TINDIVANAM
16128,TPJ,37.0,16.67,73.33,10.0,0.0,Guruvayur Express,TIRUCHCHIRAPALI
16128,TVC,29.0,0.0,96.67,3.33,0.0,Guruvayur Express,TRIVANDRUM CNTL
16128,VAK,38.0,6.67,86.67,6.67,0.0,Guruvayur Express,VARKALA
16128,VLY,34.0,0.0,96.67,3.33,0.0,Guruvayur Express,VALLIYUR
16128,VM,10.0,76.67,23.33,0.0,0.0,Guruvayur Express,VILLUPURAM JN
16128,VPT,20.0,40.0,60.0,0.0,0.0,Guruvayur Express,VIRUDUNAGAR JN
16128,VRI,58.2,0.0,60.0,40.0,0.0,Guruvayur Express,VRIDHACHALAM JN
16339,AD,26.0,47.06,47.06,5.88,0.0,Nagercoil Express,ADONI
16339,ATP,25.0,41.18,52.94,5.88,0.0,Nagercoil Express,ANANTAPUR
16339,CSMT,5.0,94.12,0.0,5.88,0.0,Nagercoil Express,C SHIVAJI TERM MUMBAI
16339,CTO,35.0,17.65,70.59,11.76,0.0,Nagercoil Express,CHITTOOR
16339,CVP,9.0,82.35,17.65,0.0,0.0,Nagercoil Express,KOVILPATTI
16339,DD,41.46509999999999,5.88,82.35,11.76,0.0,Nagercoil Express,DAUND JN
16339,DG,6.0,94.12,5.88,0.0,0.0,Nagercoil Express,DINDIGUL JN
16339,DMM,22.466700000000003,58.82,35.29,5.88,0.0,Nagercoil Express,DHARMAVARAM JN
16339,DR,9.0,94.12,0.0,5.88,0.0,Nagercoil Express,DADAR
16339,GTL,19.0,58.82,35.29,5.88,0.01,Nagercoil Express,GUNTAKAL JN
16339,KJT,27.7624,41.18,52.94,5.88,0.0,Nagercoil Express,KARJAT
16339,KLBG,32.6421,35.29,52.94,11.76,0.0,Nagercoil Express,KALABURAGI JN
16339,KPD,19.0,47.06,52.94,0.0,0.0,Nagercoil Express,KATPADI JN
16339,KQN,15.0,64.71,35.29,0.0,0.0,Nagercoil Express,KODAIKANAL ROAD
16339,KRR,6.0,94.12,5.88,0.0,0.0,Nagercoil Express,KARUR
16339,KRY,23.0,58.82,35.29,5.88,0.01,Nagercoil Express,KADIRI
16339,KWV,35.0,0.0,88.24,11.76,0.0,Nagercoil Express,KURDUVADI
16339,KYN,26.0,5.88,88.24,5.88,0.0,Nagercoil Express,KALYAN JN
16339,MALM,15.407699999999998,82.35,11.76,5.88,0.0,Nagercoil Express,MANTHRALAYAM RD
16339,MDU,8.0,76.47,23.53,0.0,0.0,Nagercoil Express,MADURAI JN
16339,MPL,28.0,35.29,58.82,5.88,0.01,Nagercoil Express,MADANAPALLE RD
16339,NCJ,0.0,100.0,0.0,0.0,0.0,Nagercoil Express,NAGERCOIL JN
16339,NMKL,26.412999999999997,35.29,64.71,0.0,0.0,Nagercoil Express,NAMAKKAL
16339,NNN,3.0,100.0,0.0,0.0,0.0,Nagercoil Express,NANGUNERI
16339,PAK,36.0,11.76,82.35,5.88,0.01,Nagercoil Express,PAKALA JN
16339,PIL,18.9394,70.59,23.53,5.88,0.0,Nagercoil Express,PILER
16339,PUNE,31.0,11.76,82.35,5.88,0.01,Nagercoil Express,PUNE JN
16339,RC,18.0,64.71,29.41,5.88,0.0,Nagercoil Express,RAICHUR
16339,SA,23.0,11.76,88.24,0.0,0.0,Nagercoil Express,SALEM JN
16339,SDB,27.0,29.41,58.82,11.76,0.01,Nagercoil Express,SHAHABAD
16339,SLY,21.118000000000002,52.94,47.06,0.0,0.0,Nagercoil Express,SAMALPATTI
16339,SRT,10.0,76.47,23.53,0.0,0.0,Nagercoil Express,SATUR
16339,SUR,52.0,0.0,88.24,11.76,0.0,Nagercoil Express,SOLAPUR JN
16339,TEN,0.0,100.0,0.0,0.0,0.0,Nagercoil Express,TIRUNELVELI JN
16339,TNA,13.0,88.24,5.88,5.88,0.0,Nagercoil Express,THANE
16339,TPT,13.0,70.59,29.41,0.0,0.0,Nagercoil Express,TIRUPATTUR JN
16339,VLY,0.0,100.0,0.0,0.0,0.0,Nagercoil Express,VALLIYUR
16339,VPT,10.0,76.47,23.53,0.0,0.0,Nagercoil Express,VIRUDUNAGAR JN
16339,WADI,10.0,88.24,5.88,5.88,0.0,Nagercoil Express,WADI
16339,YG,14.0,82.35,11.76,5.88,0.01,Nagercoil Express,YADGIR
16340,AD,24.0,25.0,75.0,0.0,0.0,Nagercoil Express,ADONI
16340,ATP,10.0,68.75,31.25,0.0,0.0,Nagercoil Express,ANANTAPUR
16340,CSMT,17.0,62.5,37.5,0.0,0.0,Nagercoil Express,C SHIVAJI TERM MUMBAI
16340,CTO,15.0,75.0,25.0,0.0,0.0,Nagercoil Express,CHITTOOR
16340,CVP,14.5,75.0,25.0,0.0,0.0,Nagercoil Express,KOVILPATTI
16340,DD,7.0,87.5,12.5,0.0,0.0,Nagercoil Express,DAUND JN
16340,DG,39.0,37.5,31.25,31.25,0.0,Nagercoil Express,DINDIGUL JN
16340,DMM,11.0,75.0,25.0,0.0,0.0,Nagercoil Express,DHARMAVARAM JN
16340,DR,27.0,18.75,75.0,6.25,0.0,Nagercoil Express,DADAR
16340,GTL,15.0,56.25,43.75,0.0,0.0,Nagercoil Express,GUNTAKAL JN
16340,KLBG,17.0,56.25,43.75,0.0,0.0,Nagercoil Express,KALABURAGI JN
16340,KPD,10.75,87.5,12.5,0.0,0.0,Nagercoil Express,KATPADI JN
16340,KQN,49.375,25.0,37.5,37.5,0.0,Nagercoil Express,KODAIKANAL ROAD
16340,KRR,43.0,12.5,50.0,37.5,0.0,Nagercoil Express,KARUR
16340,KRY,27.0,37.5,56.25,6.25,0.0,Nagercoil Express,KADIRI
16340,KWV,19.0,43.75,56.25,0.0,0.0,Nagercoil Express,KURDUVADI
16340,KYN,29.0,12.5,81.25,6.25,0.0,Nagercoil Express,KALYAN JN
16340,MALM,24.0,18.75,75.0,6.25,0.0,Nagercoil Express,MANTHRALAYAM RD
16340,MDU,19.0,56.25,31.25,12.5,0.0,Nagercoil Express,MADURAI JN
16340,MPL,34.0,6.25,87.5,6.25,0.0,Nagercoil Express,MADANAPALLE RD
16340,NCJ,1.0,100.0,0.0,0.0,0.0,Nagercoil Express,NAGERCOIL JN
16340,NMKL,42.75,25.0,50.0,25.0,0.0,Nagercoil Express,NAMAKKAL
16340,NNN,2.0,100.0,0.0,0.0,0.0,Nagercoil Express,NANGUNERI
16340,PAK,28.0,0.0,93.75,6.25,0.0,Nagercoil Express,PAKALA JN
16340,PIL,31.0,0.0,93.75,6.25,0.0,Nagercoil Express,PILER
16340,PUNE,14.0,68.75,31.25,0.0,0.0,Nagercoil Express,PUNE JN
16340,RC,16.375,68.75,31.25,0.0,0.0,Nagercoil Express,RAICHUR
16340,SA,16.0,56.25,43.75,0.0,0.0,Nagercoil Express,SALEM JN
16340,SDB,10.0,81.25,18.75,0.0,0.0,Nagercoil Express,SHAHABAD
16340,SLY,40.0,0.0,93.75,6.25,0.0,Nagercoil Express,SAMALPATTI
16340,SRT,14.5,75.0,25.0,0.0,0.0,Nagercoil Express,SATUR
16340,SUR,18.0,43.75,56.25,0.0,0.0,Nagercoil Express,SOLAPUR JN
16340,TEN,2.0,100.0,0.0,0.0,0.0,Nagercoil Express,TIRUNELVELI JN
16340,TNA,31.0,12.5,81.25,6.25,0.0,Nagercoil Express,THANE
16340,TPT,45.0625,6.25,75.0,18.75,0.0,Nagercoil Express,TIRUPATTUR JN
16340,VLY,0.0,100.0,0.0,0.0,0.0,Nagercoil Express,VALLIYUR
16340,VPT,8.0,81.25,18.75,0.0,0.0,Nagercoil Express,VIRUDUNAGAR JN
16340,WADI,10.0,81.25,18.75,0.0,0.0,Nagercoil Express,WADI
16340,YG,19.0,37.5,62.5,0.0,0.0,Nagercoil Express,YADGIR
17057,AKE,57.0,13.33,46.67,40.0,0.0,Devagiri Express,AKANAPET
17057,AWB,22.0,60.0,33.33,6.67,0.0,Devagiri Express,AURANGABAD
17057,BMO,35.0,36.67,46.67,16.67,0.0,Devagiri Express,BOLARUM
17057,BMT,36.0,70.0,13.33,16.67,0.0,Devagiri Express,BEGUMPET
17057,BSX,51.0,6.67,66.67,26.67,0.0,Devagiri Express,BASAR
17057,CSMT,3.0,96.67,3.33,0.0,0.0,Devagiri Express,C SHIVAJI TERM MUMBAI
17057,DAB,44.0,10.0,70.0,20.0,0.0,Devagiri Express,DHARMABAD
17057,DR,10.0,90.0,10.0,0.0,0.0,Devagiri Express,DADAR
17057,IGP,22.0,33.33,66.67,0.0,0.0,Devagiri Express,IGATPURI
17057,KMC,57.0,13.33,50.0,36.67,0.0,Devagiri Express,KAMAREDDI
17057,KSRA,21.0,36.67,63.33,0.0,0.0,Devagiri Express,KASARA
17057,KYN,16.0,40.0,60.0,0.0,0.0,Devagiri Express,KALYAN JN
17057,LPI,42.0,76.67,10.0,13.33,0.0,Devagiri Express,LINGAMPALLI
17057,LSR,23.7649,50.0,46.67,3.33,0.0,Devagiri Express,LASUR
17057,MMR,20.0,43.33,53.33,3.33,0.01,Devagiri Express,MANMAD JN
17057,MUE,34.0622,33.33,53.33,13.33,0.0,Devagiri Express,MUDKHED
17057,MVO,54.0,3.33,70.0,26.67,0.0,Devagiri Express,MANWATH ROAD
17057,MZL,60.0,13.33,43.33,43.33,0.01,Devagiri Express,MIRZAPALI
17057,NED,37.0,20.0,66.67,13.33,0.0,Devagiri Express,H SAHIB NANDED
17057,NK,23.0,30.0,70.0,0.0,0.0,Devagiri Express,NASIK ROAD
17057,NZB,55.0,6.67,63.33,30.0,0.0,Devagiri Express,NIZAMABAD
17057,PAU,34.299,26.67,63.33,10.0,0.0,Devagiri Express,PURNA JN
17057,PBN,48.0,10.0,66.67,23.33,0.0,Devagiri Express,PARBHANI JN
17057,PTU,62.501000000000005,3.33,46.67,50.0,0.0,Devagiri Express,PARTUR
17057,RGO,17.0,66.67,30.0,3.33,0.0,Devagiri Express,ROTEGAON
17057,SC,52.0,36.67,46.67,16.67,0.0,Devagiri Express,SECUNDERABAD JN
17057,SELU,58.0,6.67,60.0,33.33,0.0,Devagiri Express,SELU
17057,TNA,0.0,93.33,6.67,0.0,0.0,Devagiri Express,THANE
17057,UMRI,38.0,26.67,53.33,20.0,0.0,Devagiri Express,UMRI
17058,AKE,21.0,33.33,66.67,0.0,0.0,Devagiri Express,AKANAPET
17058,AWB,49.0,20.0,70.0,10.0,0.0,Devagiri Express,AURANGABAD
17058,BMO,5.0,90.0,10.0,0.0,0.0,Devagiri Express,BOLARUM
17058,BMT,4.0,96.67,0.0,3.33,0.0,Devagiri Express,BEGUMPET
17058,BSX,54.0,6.67,80.0,13.33,0.0,Devagiri Express,BASAR
17058,CSMT,39.0,83.33,3.33,13.33,0.01,Devagiri Express,C SHIVAJI TERM MUMBAI
17058,DAB,57.0,6.67,80.0,13.33,0.0,Devagiri Express,DHARMABAD
17058,DR,61.0,20.0,66.67,13.33,0.0,Devagiri Express,DADAR
17058,IGP,39.0,83.33,3.33,13.33,0.01,Devagiri Express,IGATPURI
17058,KMC,29.0,16.67,80.0,3.33,0.0,Devagiri Express,KAMAREDDI
17058,KYN,53.0,46.67,40.0,13.33,0.0,Devagiri Express,KALYAN JN
17058,LPI,2.0,96.67,3.33,0.0,0.0,Devagiri Express,LINGAMPALLI
17058,LSR,43.0,50.0,40.0,10.0,0.0,Devagiri Express,LASUR
17058,MMR,53.0,53.33,33.33,13.33,0.01,Devagiri Express,MANMAD JN
17058,MUE,29.0,73.33,16.67,10.0,0.0,Devagiri Express,MUDKHED
17058,MVO,36.0,70.0,20.0,10.0,0.0,Devagiri Express,MANWATH ROAD
17058,MZL,17.0,43.33,56.67,0.0,0.0,Devagiri Express,MIRZAPALI
17058,NED,29.0,66.67,23.33,10.0,0.0,Devagiri Express,H SAHIB NANDED
17058,NK,62.0,16.67,70.0,13.33,0.0,Devagiri Express,NASIK ROAD
17058,NZB,42.0,13.33,70.0,16.67,0.0,Devagiri Express,NIZAMABAD
17058,PAU,24.0,70.0,23.33,6.67,0.0,Devagiri Express,PURNA JN
17058,PBN,30.0,80.0,10.0,10.0,0.0,Devagiri Express,PARBHANI JN
17058,PTU,46.0,33.33,56.67,10.0,0.0,Devagiri Express,PARTUR
17058,RGO,41.0,53.33,36.67,10.0,0.0,Devagiri Express,ROTEGAON
17058,SC,10.999,86.67,13.33,0.0,0.0,Devagiri Express,SECUNDERABAD JN
17058,SELU,35.0,60.0,30.0,10.0,0.0,Devagiri Express,SELU
17058,TNA,62.0,10.0,76.67,13.33,0.0,Devagiri Express,THANE
17058,UMRI,53.0,6.67,83.33,10.0,0.0,Devagiri Express,UMRI
20665,DG,11.0,88.46,7.69,3.85,0.0,Vande Bharat,DINDIGUL JN
20665,MDU,15.0,80.77,15.38,3.85,0.0,Vande Bharat,MADURAI JN
20665,MS,1.0,100.0,0.0,0.0,0.0,Vande Bharat,CHENNAI EGMORE
20665,TBM,3.0,100.0,0.0,0.0,0.0,Vande Bharat,TAMBARAM
20665,TEN,0.0,96.15,0.0,3.85,0.0,Vande Bharat,TIRUNELVELI JN
20665,TPJ,7.0,92.31,7.69,0.0,0.0,Vande Bharat,TIRUCHCHIRAPALI
20665,VM,7.0,92.31,7.69,0.0,0.0,Vande Bharat,VILLUPURAM JN
20665,VPT,17.0,61.54,34.62,3.85,0.0,Vande Bharat,VIRUDUNAGAR JN
20666,DG,9.0,96.15,3.85,0.0,0.0,Vande Bharat,DINDIGUL JN
20666,MDU,2.0,100.0,0.0,0.0,0.0,Vande Bharat,MADURAI JN
20666,MS,4.0,92.31,7.69,0.0,0.0,Vande Bharat,CHENNAI EGMORE
20666,TBM,20.0,19.23,80.77,0.0,0.0,Vande Bharat,TAMBARAM
20666,TEN,0.0,100.0,0.0,0.0,0.0,Vande Bharat,TIRUNELVELI JN
20666,TPJ,3.0,100.0,0.0,0.0,0.0,Vande Bharat,TIRUCHCHIRAPALI
20666,VM,10.0,92.31,7.69,0.0,0.0,Vande Bharat,VILLUPURAM JN
20666,VPT,0.0,100.0,0.0,0.0,0.0,Vande Bharat,VIRUDUNAGAR JN
22221,AGC,0.0,93.33,3.33,3.33,0.0,Mumbai Vande Bharat,AGRA CANTT
22221,BPL,12.0,86.67,10.0,3.33,0.0,Mumbai Vande Bharat,BHOPAL JN
22221,BSL,12.0,80.0,20.0,0.0,0.0,Mumbai Vande Bharat,BHUSAVAL JN
22221,CSMT,1.0,96.67,3.33,0.0,0.0,Mumbai Vande Bharat,C SHIVAJI TERM MUMBAI
22221,GWL,14.0,83.33,13.33,3.33,0.01,Mumbai Vande Bharat,GWALIOR
22221,JL,34.00000000000001,10.0,90.0,0.0,0.0,Mumbai Vande Bharat,JALGAON JN
22221,KYN,9.0,86.67,13.33,0.0,0.0,Mumbai Vande Bharat,KALYAN JN
22221,NK,33.001000000000005,13.33,86.67,0.0,0.0,Mumbai Vande Bharat,NASIK ROAD
22221,NZM,0.0,90.0,6.67,3.33,0.0,Mumbai Vande Bharat,H NIZAMUDDIN
22221,VGLJ,9.0,93.33,3.33,3.33,0.01,Mumbai Vande Bharat,V LAKSHMIBAI JHANSI
22222,AGC,16.0,70.0,30.0,0.0,0.0,Mumbai Vande Bharat,AGRA CANTT
22222,BPL,23.0,53.33,43.33,3.33,0.01,Mumbai Vande Bharat,BHOPAL JN
22222,BSL,22.0,60.0,36.67,3.33,0.0,Mumbai Vande Bharat,BHUSAVAL JN
22222,CSMT,15.536100000000001,83.33,10.0,6.67,0.0,Mumbai Vande Bharat,C SHIVAJI TERM MUMBAI
22222,GWL,13.0,80.0,20.0,0.0,0.0,Mumbai Vande Bharat,GWALIOR
22222,JL,25.0,40.0,56.67,3.33,0.0,Mumbai Vande Bharat,JALGAON JN
22222,KYN,22.0,56.67,40.0,3.33,0.0,Mumbai Vande Bharat,KALYAN JN
22222,NK,23.0,53.33,43.33,3.33,0.01,Mumbai Vande Bharat,NASIK ROAD
22222,NZM,1.0,96.67,3.33,0.0,0.0,Mumbai Vande Bharat,H NIZAMUDDIN
22222,VGLJ,5.0,93.33,6.67,0.0,0.0,Mumbai Vande Bharat,V LAKSHMIBAI JHANSI
22225,CSMT,2.0,100.0,0.0,0.0,0.0,Chennai Vande Bharat,C SHIVAJI TERM MUMBAI
22225,DR,5.0,100.0,0.0,0.0,0.0,Chennai Vande Bharat,DADAR
22225,KWV,16.0,61.54,34.62,3.85,0.0,Chennai Vande Bharat,KURDUVADI
22225,KYN,12.0,80.77,19.23,0.0,0.0,Chennai Vande Bharat,KALYAN JN
22225,PUNE,16.0,61.54,34.62,3.85,0.0,Chennai Vande Bharat,PUNE JN
22225,SUR,3.0,96.15,3.85,0.0,0.0,Chennai Vande Bharat,SOLAPUR JN
22225,TNA,6.0,100.0,0.0,0.0,0.0,Chennai Vande Bharat,THANE
22226,CSMT,13.0,88.46,7.69,3.85,0.0,Chennai Vande Bharat,C SHIVAJI TERM MUMBAI
22226,DR,19.0,38.46,57.69,3.85,0.0,Chennai Vande Bharat,DADAR
22226,KWV,6.0,100.0,0.0,0.0,0.0,Chennai Vande Bharat,KURDUVADI
22226,KYN,25.1955,46.15,50.0,3.85,0.0,Chennai Vande Bharat,KALYAN JN
22226,PUNE,5.0,100.0,0.0,0.0,0.0,Chennai Vande Bharat,PUNE JN
22226,SUR,1.0,100.0,0.0,0.0,0.0,Chennai Vande Bharat,SOLAPUR JN
22226,TNA,18.0,42.31,53.85,3.85,0.0,Chennai Vande Bharat,THANE
22301,BHP,19.0,38.46,61.54,0.0,0.0,Vande Bharat,BOLPUR S NIKTN
22301,BOE,14.0,76.92,19.23,3.85,0.0,Vande Bharat,BARSOI JN
22301,HWH,0.0,100.0,0.0,0.0,0.0,Vande Bharat,HOWRAH JN
22301,KNE,10.0,26.92,19.23,0.0,53.85,Vande Bharat,KISHANGANJ
22301,MLDT,5.0,92.31,7.69,0.0,0.0,Vande Bharat,MALDA TOWN
22301,NJP,7.0,88.46,11.54,0.0,0.0,Vande Bharat,NEW JALPAIGURI
22302,BHP,21.0,46.15,53.85,0.0,0.0,Vande Bharat,BOLPUR S NIKTN
22302,BOE,11.0,84.62,15.38,0.0,0.0,Vande Bharat,BARSOI JN
22302,HWH,0.0,96.15,3.85,0.0,0.0,Vande Bharat,HOWRAH JN
22302,KNE,15.0,26.92,19.23,0.0,53.85,Vande Bharat,KISHANGANJ
22302,MLDT,15.0,61.54,38.46,0.0,0.0,Vande Bharat,MALDA TOWN
22302,NJP,1.0,100.0,0.0,0.0,0.0,Vande Bharat,NEW JALPAIGURI
22601,AD,66.0,75.0,0.0,25.0,0.0,Chennai Intercity,ADONI
22601,AJJ,27.75,75.0,0.0,25.0,0.0,Chennai Intercity,ARAKKONAM
22601,ANG,90.0,0.0,50.0,50.0,0.0,Chennai Intercity,AHMADNAGAR
22601,ATP,64.0,75.0,0.0,25.0,0.0,Chennai Intercity,ANANTAPUR
22601,BWT,63.0,50.0,25.0,25.0,0.0,Chennai Intercity,BANGARAPET
22601,DD,59.0,25.0,50.0,25.0,0.0,Chennai Intercity,DAUND JN
22601,DMM,65.0,75.0,0.0,25.0,0.0,Chennai Intercity,DHARMAVARAM JN
22601,GTL,70.0,75.0,0.0,25.0,0.0,Chennai Intercity,GUNTAKAL JN
22601,HUP,62.0,75.0,0.0,25.0,0.0,Chennai Intercity,HINDUPUR
22601,JTJ,27.75,75.0,0.0,25.0,0.0,Chennai Intercity,JOLARPETTAI
22601,KJM,73.0,25.0,50.0,25.0,0.0,Chennai Intercity,KRISHNARAJAPURM
22601,KLBG,67.0,25.0,50.0,25.0,0.0,Chennai Intercity,KALABURAGI JN
22601,KPD,55.0,75.0,0.0,25.0,0.0,Chennai Intercity,KATPADI JN
22601,KPN,59.0,75.0,0.0,25.0,0.0,Chennai Intercity,KUPPAM
22601,MALM,61.0,75.0,0.0,25.0,0.0,Chennai Intercity,MANTHRALAYAM RD
22601,MAS,1.0,100.0,0.0,0.0,0.0,Chennai Intercity,CHENNAI CENTRAL
22601,MLO,59.0,50.0,25.0,25.0,0.0,Chennai Intercity,MALUR
22601,RC,61.0,75.0,0.0,25.0,0.0,Chennai Intercity,RAICHUR
22601,SNSI,40.0,75.0,0.0,25.0,0.0,Chennai Intercity,SAINAGAR SHIRDI
22601,SSPN,27.75,75.0,0.0,25.0,0.0,Chennai Intercity,SAI P NILAYAM
22601,SUR,66.0,0.0,75.0,25.0,0.0,Chennai Intercity,SOLAPUR JN
22601,WADI,54.0,50.0,25.0,25.0,0.0,Chennai Intercity,WADI
22601,YNK,59.0,75.0,0.0,25.0,0.0,Chennai Intercity,YELHANKA JN
22602,AD,17.0,75.0,25.0,0.0,0.0,Chennai Intercity,ADONI
22602,AJJ,0.0,100.0,0.0,0.0,0.0,Chennai Intercity,ARAKKONAM
22602,ANG,37.0,0.0,100.0,0.0,0.0,Chennai Intercity,AHMADNAGAR
22602,ATP,21.0,50.0,50.0,0.0,0.0,Chennai Intercity,ANANTAPUR
22602,BWT,8.0,75.0,25.0,0.0,0.0,Chennai Intercity,BANGARAPET
22602,DD,18.0,50.0,50.0,0.0,0.0,Chennai Intercity,DAUND JN
22602,DMM,0.0,100.0,0.0,0.0,0.0,Chennai Intercity,DHARMAVARAM JN
22602,GTL,15.0,50.0,50.0,0.0,0.0,Chennai Intercity,GUNTAKAL JN
22602,HUP,12.0,75.0,25.0,0.0,0.0,Chennai Intercity,HINDUPUR
22602,JTJ,2.0,100.0,0.0,0.0,0.0,Chennai Intercity,JOLARPETTAI
22602,KJM,4.0,75.0,25.0,0.0,0.0,Chennai Intercity,KRISHNARAJAPURM
22602,KLBG,26.0,0.0,100.0,0.0,0.0,Chennai Intercity,KALABURAGI JN
22602,KPD,5.0,100.0,0.0,0.0,0.0,Chennai Intercity,KATPADI JN
22602,KPN,12.0,50.0,50.0,0.0,0.0,Chennai Intercity,KUPPAM
22602,MALM,22.0,50.0,50.0,0.0,0.0,Chennai Intercity,MANTHRALAYAM RD
22602,MAS,10.0,75.0,25.0,0.0,0.0,Chennai Intercity,CHENNAI CENTRAL
22602,MLO,8.0,75.0,25.0,0.0,0.0,Chennai Intercity,MALUR
22602,PER,19.0,50.0,50.0,0.0,0.0,Chennai Intercity,PERAMBUR
22602,RC,13.0,50.0,50.0,0.0,0.0,Chennai Intercity,RAICHUR
22602,SNSI,2.0,100.0,0.0,0.0,0.0,Chennai Intercity,SAINAGAR SHIRDI
22602,SSPN,13.0,50.0,50.0,0.0,0.0,Chennai Intercity,SAI P NILAYAM
22602,SUR,30.0,25.0,75.0,0.0,0.0,Chennai Intercity,SOLAPUR JN
22602,WADI,0.0,100.0,0.0,0.0,0.0,Chennai Intercity,WADI
22602,YNK,19.0,25.0,75.0,0.0,0.0,Chennai Intercity,YELHANKA JN
22651,AJJ,15.0,66.67,33.33,0.0,0.0,Palakkad Superfast,ARAKKONAM
22651,DG,17.0,46.67,53.33,0.0,0.0,Palakkad Superfast,DINDIGUL JN
22651,GYM,24.0,16.67,83.33,0.0,0.0,Palakkad Superfast,GUDIYATTAM
22651,JTJ,12.0,73.33,26.67,0.0,0.0,Palakkad Superfast,JOLARPETTAI
22651,KPD,18.0,50.0,50.0,0.0,0.0,Palakkad Superfast,KATPADI JN
22651,KRR,11.0,80.0,20.0,0.0,0.0,Palakkad Superfast,KARUR
22651,MAP,17.0,53.33,46.67,0.0,0.0,Palakkad Superfast,MORAPPUR
22651,MAS,3.0,96.67,3.33,0.0,0.0,Palakkad Superfast,CHENNAI CENTRAL
22651,MONR,13.0,66.67,33.33,0.0,0.0,Palakkad Superfast,MOHANUR
22651,NMKL,13.0,66.67,33.33,0.0,0.0,Palakkad Superfast,NAMAKKAL
22651,ODC,14.0,63.33,36.67,0.0,0.0,Palakkad Superfast,ODDANCHATRAM
22651,PGT,0.0,100.0,0.0,0.0,0.0,Palakkad Superfast,PALAKKAD JN
22651,PGTN,1.0,100.0,0.0,0.0,0.0,Palakkad Superfast,PALGHAT TOWN
22651,PLNI,21.001,53.33,46.67,0.0,0.0,Palakkad Superfast,PALANI
22651,POY,8.0,80.0,20.0,0.0,0.0,Palakkad Superfast,POLLACHI JN
22651,RASP,14.0,70.0,30.0,0.0,0.0,Palakkad Superfast,RASIPURAM
22651,SA,14.0,66.67,33.33,0.0,0.0,Palakkad Superfast,SALEM JN
22651,TRL,8.0,90.0,10.0,0.0,0.0,Palakkad Superfast,TIRUVALLUR
22651,UDT,13.0,60.0,40.0,0.0,0.0,Palakkad Superfast,UDUMALAIPPETTAI
22652,AJJ,10.0,83.33,16.67,0.0,0.0,Palakkad Superfast,ARAKKONAM
22652,DG,5.0,96.67,3.33,0.0,0.0,Palakkad Superfast,DINDIGUL JN
22652,GYM,5.0,93.33,6.67,0.0,0.0,Palakkad Superfast,GUDIYATTAM
22652,JTJ,3.0,96.67,3.33,0.0,0.0,Palakkad Superfast,JOLARPETTAI
22652,KPD,7.0,83.33,16.67,0.0,0.0,Palakkad Superfast,KATPADI JN
22652,KRR,7.0,83.33,16.67,0.0,0.0,Palakkad Superfast,KARUR
22652,MAP,6.0,86.67,13.33,0.0,0.0,Palakkad Superfast,MORAPPUR
22652,MAS,1.0,93.33,6.67,0.0,0.0,Palakkad Superfast,CHENNAI CENTRAL
22652,MONR,11.0,70.0,30.0,0.0,0.0,Palakkad Superfast,MOHANUR
22652,NMKL,13.0,63.33,36.67,0.0,0.0,Palakkad Superfast,NAMAKKAL
22652,ODC,11.0,73.33,26.67,0.0,0.0,Palakkad Superfast,ODDANCHATRAM
22652,PER,18.0,46.67,53.33,0.0,0.0,Palakkad Superfast,PERAMBUR
22652,PGT,1.0,100.0,0.0,0.0,0.0,Palakkad Superfast,PALAKKAD JN
22652,PGTN,3.0,100.0,0.0,0.0,0.0,Palakkad Superfast,PALGHAT TOWN
22652,PLNI,7.0,96.67,3.33,0.0,0.0,Palakkad Superfast,PALANI
22652,POY,1.0,100.0,0.0,0.0,0.0,Palakkad Superfast,POLLACHI JN
22652,RASP,13.0,63.33,36.67,0.0,0.0,Palakkad Superfast,RASIPURAM
22652,SA,5.0,96.67,3.33,0.0,0.0,Palakkad Superfast,SALEM JN
22652,TRL,12.0,66.67,33.33,0.0,0.0,Palakkad Superfast,TIRUVALLUR
22652,UDT,2.0,100.0,0.0,0.0,0.0,Palakkad Superfast,UDUMALAIPPETTAI
