train_id,train_name,seq_no,station_code,scheduled_arrival,scheduled_departure,distance_km,average_delay_minutes,pct_right_time,pct_slight_delay,pct_significant_delay,pct_cancelled_unknown,train_priority,total_stops,remaining_stops,remaining_distance_km,pct_journey_completed,arr_min,dep_min,scheduled_halt_duration_min,hist_delay_lag1,hist_delay_lag2,section_delay_gradient,station_congestion_index,target_next_station_delay,target_dest_delay
11013,COIMBATORE E,1,LTT,22:35:00,22:35:00,0.0,26.0,80.0,6.67,13.33,0.0,1,34,33,1515.0,0.0,1355,1355,0,0.0,0.0,26.0,22.75,26.0,31.0
11013,COIMBATORE E,2,TNA,22:53:00,22:55:00,17.0,26.0,76.67,10.0,13.33,0.0,1,34,32,1498.0,0.011221122112211221,1373,1375,2,26.0,0.0,0.0,32.33,30.0,31.0
11013,COIMBATORE E,3,KYN,23:15:00,23:18:00,37.0,30.0,60.0,26.67,13.33,0.0,1,34,31,1478.0,0.02442244224422442,1395,1398,3,26.0,26.0,4.0,34.0,45.0,31.0
11013,COIMBATORE E,4,PUNE,01:50:00,01:55:00,175.0,45.0,0.0,80.0,20.0,0.0,1,34,30,1340.0,0.11551155115511551,110,115,5,30.0,26.0,15.0,26.75,60.0,31.0
11013,COIMBATORE E,5,KWV,04:33:00,04:35:00,362.0,60.0,3.33,70.0,26.67,0.0,1,34,29,1153.0,0.23894389438943894,273,275,2,45.0,30.0,15.0,38.33,51.0,31.0
11013,COIMBATORE E,6,SUR,06:25:00,06:35:00,441.0,51.0,20.0,63.33,16.67,0.0,1,34,28,1074.0,0.29108910891089107,385,395,10,60.0,45.0,-9.0,36.88,63.0,31.0
11013,COIMBATORE E,7,DUD,07:38:00,07:40:00,504.0,63.0,10.0,60.0,30.0,0.0,1,34,27,1011.0,0.3326732673267327,458,460,2,51.0,60.0,12.0,43.25,67.0,31.0
11013,COIMBATORE E,8,GUR,08:08:00,08:10:00,527.0,67.0,6.67,56.67,36.67,0.0,1,34,26,988.0,0.34785478547854787,488,490,2,63.0,51.0,4.0,43.5,54.0,31.0
11013,COIMBATORE E,10,SDB,09:13:00,09:15:00,580.0,54.0,13.33,70.0,16.67,0.0,1,34,24,935.0,0.38283828382838286,553,555,2,67.0,63.0,-13.0,26.25,26.0,31.0
11013,COIMBATORE E,11,WADI,09:55:00,10:00:00,590.0,26.0,70.0,16.67,13.33,0.0,1,34,23,925.0,0.38943894389438943,595,600,5,54.0,67.0,-28.0,19.81,31.0,31.0
11013,COIMBATORE E,12,YG,10:28:00,10:30:00,629.0,31.0,60.0,26.67,13.33,0.0,1,34,22,886.0,0.4151815181518152,628,630,2,26.0,54.0,5.0,25.17,29.0,31.0
11013,COIMBATORE E,13,KSN,10:58:00,11:00:00,672.0,29.0,63.33,23.33,13.33,0.01,1,34,21,843.0,0.44356435643564357,658,660,2,31.0,26.0,-2.0,37.0,28.0,31.0
11013,COIMBATORE E,14,RC,11:38:00,11:40:00,698.0,28.0,63.33,23.33,13.33,0.01,1,34,20,817.0,0.46072607260726073,698,700,2,29.0,31.0,-1.0,29.75,31.0,31.0
11013,COIMBATORE E,15,MALM,12:09:00,12:10:00,726.0,31.0,60.0,26.67,13.33,0.0,1,34,19,789.0,0.4792079207920792,729,730,1,28.0,29.0,3.0,31.25,36.0,31.0
11013,COIMBATORE E,16,AD,12:49:00,12:50:00,767.0,36.0,43.33,43.33,13.33,0.01,1,34,18,748.0,0.5062706270627063,769,770,1,31.0,28.0,5.0,34.38,29.0,31.0
11013,COIMBATORE E,17,GTL,13:55:00,14:00:00,819.0,29.0,56.67,33.33,10.0,0.0,1,34,17,696.0,0.5405940594059406,835,840,5,36.0,31.0,-7.0,31.38,28.0,31.0
11013,COIMBATORE E,20,ATP,15:34:00,15:35:00,904.0,28.0,56.67,33.33,10.0,0.0,1,34,14,611.0,0.5966996699669967,934,935,1,29.0,36.0,-1.0,27.83,18.0,31.0
11013,COIMBATORE E,21,DMM,16:45:00,16:50:00,938.0,18.0,83.33,6.67,10.0,0.0,1,34,13,577.0,0.6191419141914192,1005,1010,5,28.0,29.0,-10.0,23.25,21.0,31.0
11013,COIMBATORE E,22,SSPN,17:26:00,17:28:00,970.0,21.0,46.67,43.33,10.0,0.0,1,34,12,545.0,0.6402640264026402,1046,1048,2,18.0,28.0,3.0,30.38,24.0,31.0
11013,COIMBATORE E,23,HUP,18:18:00,18:20:00,1028.0,24.0,36.67,50.0,13.33,0.0,1,34,11,487.0,0.6785478547854785,1098,1100,2,21.0,18.0,3.0,34.5,27.0,31.0
11013,COIMBATORE E,24,GBD,18:44:00,18:45:00,1051.0,27.0,36.67,53.33,10.0,0.0,1,34,10,464.0,0.6937293729372938,1124,1125,1,24.0,21.0,3.0,38.5,14.0,31.0
11013,COIMBATORE E,26,SBC,21:50:00,22:10:00,1138.0,14.0,83.33,10.0,6.67,0.0,1,34,8,377.0,0.7511551155115511,1310,1330,20,27.0,24.0,-13.0,25.0,30.0,31.0
11013,COIMBATORE E,27,BNC,22:18:00,22:20:00,1142.0,30.0,26.67,63.33,10.0,0.0,1,34,7,373.0,0.7537953795379538,1338,1340,2,14.0,27.0,16.0,32.0,37.5,31.0
11013,COIMBATORE E,28,HSRA,23:14:00,23:15:00,1197.0,37.5,10.0,70.0,20.0,0.0,1,34,6,318.0,0.7900990099009901,1394,1395,1,30.0,14.0,7.5,34.25,61.0,31.0
11013,COIMBATORE E,29,DPJ,00:43:00,00:45:00,1289.0,61.0,3.33,53.33,43.33,0.01,1,34,5,226.0,0.8508250825082508,43,45,2,37.5,30.0,23.5,42.0,43.5,31.0
11013,COIMBATORE E,31,SA,03:35:00,03:40:00,1355.0,43.5,43.33,40.0,16.67,0.0,1,34,3,160.0,0.8943894389438944,215,220,5,61.0,37.5,-17.5,26.25,26.0,31.0
11013,COIMBATORE E,32,ED,04:40:00,04:45:00,1415.0,26.0,40.0,43.33,16.67,0.0,1,34,2,100.0,0.933993399339934,280,285,5,43.5,61.0,-17.5,28.7,31.0,31.0
11013,COIMBATORE E,33,TUP,05:28:00,05:30:00,1465.0,31.0,23.33,63.33,13.33,0.01,1,34,1,50.0,0.966996699669967,328,330,2,26.0,43.5,5.0,25.35,31.0,31.0
11014,LOKMANYA TT,1,CBE,00:00:00,08:55:00,0.0,1.0,100.0,0.0,0.0,0.0,1,34,33,1515.0,0.0,0,535,535,0.0,0.0,1.0,18.2,5.0,44.0
11014,LOKMANYA TT,2,TUP,09:33:00,09:35:00,50.0,5.0,83.33,16.67,0.0,0.0,1,34,32,1465.0,0.033003300330033,573,575,2,1.0,0.0,4.0,25.35,9.0,44.0
11014,LOKMANYA TT,3,ED,10:25:00,10:30:00,100.0,9.0,93.33,6.67,0.0,0.0,1,34,31,1415.0,0.066006600660066,625,630,5,5.0,1.0,4.0,28.7,14.0,44.0
11014,LOKMANYA TT,4,SA,11:20:00,11:25:00,159.0,14.0,83.33,13.33,3.33,0.01,1,34,30,1356.0,0.10495049504950495,680,685,5,9.0,5.0,5.0,26.25,23.0,44.0
11014,LOKMANYA TT,6,DPJ,12:48:00,12:50:00,225.0,23.0,43.33,53.33,3.33,0.01,1,34,28,1290.0,0.1485148514851485,768,770,2,14.0,9.0,9.0,42.0,31.0,44.0
11014,LOKMANYA TT,7,HSRA,14:13:00,14:15:00,318.0,31.0,23.33,73.33,3.33,0.01,1,34,27,1197.0,0.2099009900990099,853,855,2,23.0,14.0,8.0,34.25,36.0,44.0
11014,LOKMANYA TT,8,SBC,15:45:00,16:00:00,377.0,36.0,23.33,63.33,13.33,0.01,1,34,26,1138.0,0.24884488448844885,945,960,15,31.0,23.0,5.0,25.0,34.0,44.0
11014,LOKMANYA TT,9,BNC,16:10:00,16:12:00,381.0,34.0,30.0,63.33,6.67,0.0,1,34,25,1134.0,0.2514851485148515,970,972,2,36.0,31.0,-2.0,32.0,50.0,44.0
11014,LOKMANYA TT,10,GBD,17:29:00,17:30:00,463.0,50.0,3.33,76.67,20.0,0.0,1,34,24,1052.0,0.3056105610561056,1049,1050,1,34.0,36.0,16.0,38.5,40.0,44.0
11014,LOKMANYA TT,11,HUP,18:08:00,18:10:00,487.0,40.0,16.67,70.0,13.33,0.0,1,34,23,1028.0,0.3214521452145215,1088,1090,2,50.0,34.0,-10.0,34.5,24.0,44.0
11014,LOKMANYA TT,12,SSPN,19:25:00,19:30:00,544.0,24.0,60.0,33.33,6.67,0.0,1,34,22,971.0,0.3590759075907591,1165,1170,5,40.0,50.0,-16.0,30.38,21.5,44.0
11014,LOKMANYA TT,13,DMM,20:13:00,20:15:00,577.0,21.5,80.0,16.67,3.33,0.0,1,34,21,938.0,0.3808580858085809,1213,1215,2,24.0,40.0,-2.5,23.25,19.0,44.0
11014,LOKMANYA TT,14,ATP,20:45:00,20:50:00,611.0,19.0,70.0,26.67,3.33,0.0,1,34,20,904.0,0.4033003300330033,1245,1250,5,21.5,24.0,-2.5,27.83,39.0,44.0
11014,LOKMANYA TT,17,GTL,22:40:00,22:45:00,696.0,39.0,10.0,80.0,10.0,0.0,1,34,17,819.0,0.4594059405940594,1360,1365,5,19.0,21.5,20.0,31.38,40.0,44.0
11014,LOKMANYA TT,18,AD,23:24:00,23:25:00,748.0,40.0,20.0,70.0,10.0,0.0,1,34,16,767.0,0.49372937293729374,1404,1405,1,39.0,19.0,1.0,34.38,32.0,44.0
11014,LOKMANYA TT,19,MALM,00:00:00,00:02:00,789.0,32.0,43.33,50.0,6.67,0.0,1,34,15,726.0,0.5207920792079208,0,2,2,40.0,39.0,-8.0,31.25,38.5,44.0
11014,LOKMANYA TT,20,RC,00:28:00,00:30:00,817.0,38.5,43.33,50.0,6.67,0.0,1,34,14,698.0,0.5392739273927393,28,30,2,32.0,40.0,6.5,29.75,45.0,44.0
11014,LOKMANYA TT,21,KSN,00:49:00,00:50:00,842.0,45.0,16.67,16.67,6.67,59.99,1,34,13,673.0,0.5557755775577558,49,50,1,38.5,32.0,6.5,37.0,39.0,44.0
11014,LOKMANYA TT,22,YG,01:44:00,01:45:00,886.0,39.0,16.67,73.33,10.0,0.0,1,34,12,629.0,0.5848184818481849,104,105,1,45.0,38.5,-6.0,25.17,13.0,44.0
11014,LOKMANYA TT,23,WADI,03:00:00,03:05:00,925.0,13.0,76.67,20.0,3.33,0.0,1,34,11,590.0,0.6105610561056105,180,185,5,39.0,45.0,-26.0,19.81,14.0,44.0
11014,LOKMANYA TT,24,SDB,03:17:00,03:18:00,935.0,14.0,73.33,23.33,3.33,0.01,1,34,10,580.0,0.6171617161716172,197,198,1,13.0,39.0,1.0,26.25,20.0,44.0
11014,LOKMANYA TT,26,GUR,04:09:00,04:10:00,988.0,20.0,56.67,40.0,3.33,0.0,1,34,8,527.0,0.6521452145214521,249,250,1,14.0,13.0,6.0,43.5,23.5,44.0
11014,LOKMANYA TT,27,DUD,04:28:00,04:29:00,1011.0,23.5,33.33,63.33,3.33,0.0,1,34,7,504.0,0.6673267326732674,268,269,1,20.0,14.0,3.5,43.25,27.0,44.0
11014,LOKMANYA TT,28,SUR,05:50:00,06:00:00,1074.0,27.0,50.0,46.67,3.33,0.0,1,34,6,441.0,0.7089108910891089,350,360,10,23.5,20.0,3.5,36.88,37.0,44.0
11014,LOKMANYA TT,29,KWV,07:08:00,07:10:00,1153.0,37.0,20.0,76.67,3.33,0.0,1,34,5,362.0,0.761056105610561,428,430,2,27.0,23.5,10.0,38.33,8.0,44.0
11014,LOKMANYA TT,30,DD,09:25:00,09:30:00,1262.0,8.0,93.33,3.33,3.33,0.01,1,34,4,253.0,0.833003300330033,565,570,5,37.0,27.0,-29.0,22.57,20.0,44.0
11014,LOKMANYA TT,31,PUNE,10:35:00,10:45:00,1340.0,20.0,43.33,53.33,3.33,0.01,1,34,3,175.0,0.8844884488448845,635,645,10,8.0,37.0,12.0,26.75,60.0,44.0
11014,LOKMANYA TT,32,KYN,13:12:00,13:15:00,1478.0,60.0,10.0,63.33,26.67,0.0,1,34,2,37.0,0.9755775577557756,792,795,3,20.0,8.0,40.0,34.0,61.0,44.0
11014,LOKMANYA TT,33,TNA,13:38:00,13:40:00,1498.0,61.0,6.67,66.67,26.67,0.0,1,34,1,17.0,0.9887788778877887,818,820,2,60.0,20.0,1.0,32.33,44.0,44.0
11027,CSMT-MAS MAI,2,DR,23:52:00,23:55:00,8.0,1.0,100.0,0.0,0.0,0.0,1,12,10,370.0,0.021164021164021163,1432,1435,3,0.0,0.0,1.0,23.88,14.0,46.0
11027,CSMT-MAS MAI,3,KYN,00:37:00,00:40:00,53.0,14.0,61.54,38.46,0.0,0.0,1,12,9,325.0,0.1402116402116402,37,40,3,1.0,0.0,13.0,34.0,17.0,46.0
11027,CSMT-MAS MAI,5,LNL,02:07:00,02:10:00,127.0,17.0,53.85,46.15,0.0,0.0,1,12,7,251.0,0.335978835978836,127,130,3,14.0,1.0,3.0,24.0,21.0,46.0
11027,CSMT-MAS MAI,7,PUNE,03:25:00,03:35:00,191.0,21.0,61.54,30.77,7.69,0.0,1,12,5,187.0,0.5052910052910053,205,215,10,17.0,14.0,4.0,26.75,27.0,46.0
11027,CSMT-MAS MAI,8,DD,04:55:00,05:05:00,269.0,27.0,23.08,69.23,7.69,0.0,1,12,4,109.0,0.7116402116402116,295,305,10,21.0,17.0,6.0,22.57,29.0,46.0
11027,CSMT-MAS MAI,9,BGVN,05:28:00,05:30:00,296.0,29.0,15.38,76.92,7.69,0.01,1,12,3,82.0,0.783068783068783,328,330,2,27.0,21.0,2.0,21.0,41.0,46.0
11027,CSMT-MAS MAI,10,JEUR,06:28:00,06:30:00,343.0,41.0,0.0,84.62,15.38,0.0,1,12,2,35.0,0.9074074074074074,388,390,2,29.0,27.0,12.0,35.5,44.0,46.0
11027,CSMT-MAS MAI,11,KEM,06:48:00,06:50:00,360.0,44.0,0.0,84.62,15.38,0.0,1,12,1,18.0,0.9523809523809523,408,410,2,41.0,29.0,3.0,35.0,46.0,46.0
11028,MAS-CSMT MUM,40,KWV,19:35:00,19:37:00,905.0,33.0,23.08,76.92,0.0,0.0,1,51,11,369.0,0.7103610675039247,1175,1177,2,0.0,0.0,33.0,38.33,26.0,15.0
11028,MAS-CSMT MUM,41,KEM,19:55:00,19:56:00,923.0,26.0,38.46,61.54,0.0,0.0,1,51,10,351.0,0.7244897959183674,1195,1196,1,33.0,0.0,-7.0,35.0,30.0,15.0
11028,MAS-CSMT MUM,42,JEUR,20:14:00,20:15:00,939.0,30.0,30.77,69.23,0.0,0.0,1,51,9,335.0,0.7370486656200942,1214,1215,1,26.0,33.0,4.0,35.5,13.0,15.0
11028,MAS-CSMT MUM,43,BGVN,21:04:00,21:05:00,986.0,13.0,46.15,53.85,0.0,0.0,1,51,8,288.0,0.7739403453689168,1264,1265,1,30.0,26.0,-17.0,21.0,6.0,15.0
11028,MAS-CSMT MUM,44,DD,21:50:00,21:55:00,1014.0,6.0,84.62,15.38,0.0,0.0,1,51,7,260.0,0.7959183673469388,1310,1315,5,13.0,30.0,-7.0,22.57,18.0,15.0
11028,MAS-CSMT MUM,45,PUNE,23:25:00,23:35:00,1092.0,18.0,53.85,46.15,0.0,0.0,1,51,6,182.0,0.8571428571428571,1405,1415,10,6.0,13.0,12.0,26.75,10.0,15.0
11028,MAS-CSMT MUM,47,LNL,00:42:00,00:45:00,1155.0,10.0,69.23,30.77,0.0,0.0,1,51,4,119.0,0.9065934065934066,42,45,3,18.0,6.0,-8.0,24.0,29.0,15.0
11028,MAS-CSMT MUM,49,KYN,02:27:00,02:30:00,1230.0,29.0,23.08,76.92,0.0,0.0,1,51,2,44.0,0.9654631083202512,147,150,3,10.0,18.0,19.0,34.0,29.0,15.0
11028,MAS-CSMT MUM,50,TNA,02:42:00,02:45:00,1250.0,29.0,15.38,84.62,0.0,0.0,1,51,1,24.0,0.9811616954474097,162,165,3,29.0,10.0,0.0,32.33,15.0,15.0
12001,BPL - NDLS S,2,BPL,15:12:00,15:15:00,6.0,4.5,93.33,6.67,0.0,0.0,2,10,8,682.0,0.00872093023255814,912,915,3,0.0,0.0,4.5,28.75,17.0,11.0
12001,BPL - NDLS S,3,LAR,17:23:00,17:25:00,207.0,17.0,70.0,26.67,3.33,0.0,2,10,7,481.0,0.3008720930232558,1043,1045,2,4.5,0.0,12.5,24.75,25.0,11.0
12001,BPL - NDLS S,5,GWL,19:39:00,19:44:00,392.0,25.0,60.0,33.33,6.67,0.0,2,10,5,296.0,0.5697674418604651,1179,1184,5,17.0,4.5,8.0,33.6,28.0,11.0
12001,BPL - NDLS S,6,MRA,20:05:00,20:07:00,431.0,28.0,43.33,50.0,6.67,0.0,2,10,4,257.0,0.626453488372093,1205,1207,2,25.0,17.0,3.0,31.0,16.0,11.0
12001,BPL - NDLS S,7,DHO,20:35:00,20:36:00,447.0,16.0,80.0,13.33,6.67,0.0,2,10,3,241.0,0.6497093023255814,1235,1236,1,28.0,25.0,-12.0,19.5,17.0,11.0
12001,BPL - NDLS S,8,AGC,21:10:00,21:15:00,499.0,17.0,80.0,13.33,6.67,0.0,2,10,2,189.0,0.7252906976744186,1270,1275,5,16.0,28.0,1.0,28.58,22.0,11.0
12001,BPL - NDLS S,9,MTJ,21:49:00,21:50:00,553.0,22.0,73.33,20.0,6.67,0.0,2,10,1,135.0,0.8037790697674418,1309,1310,1,17.0,16.0,5.0,29.25,11.0,11.0
12002,NDLS - BPL S,1,NDLS,06:00:00,06:00:00,0.0,1.0,100.0,0.0,0.0,0.0,2,9,8,684.0,0.0,360,360,0,0.0,0.0,1.0,18.33,17.0,13.0
12002,NDLS - BPL S,2,MTJ,07:23:00,07:24:00,137.0,17.0,40.0,60.0,0.0,0.0,2,9,7,547.0,0.20029239766081872,443,444,1,1.0,0.0,16.0,29.25,22.0,13.0
12002,NDLS - BPL S,3,AGC,07:57:00,08:02:00,191.0,22.0,3.33,96.67,0.0,0.0,2,9,6,493.0,0.27923976608187134,477,482,5,17.0,1.0,5.0,28.58,14.0,13.0
12002,NDLS - BPL S,4,DHO,08:41:00,08:42:00,243.0,14.0,66.67,33.33,0.0,0.0,2,9,5,441.0,0.35526315789473684,521,522,1,22.0,17.0,-8.0,19.5,17.0,13.0
12002,NDLS - BPL S,5,MRA,09:01:00,09:02:00,259.0,17.0,46.67,53.33,0.0,0.0,2,9,4,425.0,0.3786549707602339,541,542,1,14.0,22.0,3.0,31.0,15.0,13.0
12002,NDLS - BPL S,6,GWL,09:28:00,09:33:00,298.0,15.0,36.67,63.33,0.0,0.0,2,9,3,386.0,0.43567251461988304,568,573,5,17.0,14.0,-2.0,33.6,11.0,13.0
12002,NDLS - BPL S,8,LAR,11:39:00,11:41:00,483.0,11.0,53.33,46.67,0.0,0.0,2,9,1,201.0,0.706140350877193,699,701,2,15.0,17.0,-4.0,24.75,13.0,13.0
12009,SHATABDI EXP,2,BVI,06:56:00,06:59:00,29.0,13.0,72.0,28.0,0.0,0.0,3,9,7,461.0,0.05918367346938776,416,419,3,0.0,0.0,13.0,21.2,19.0,7.0
12009,SHATABDI EXP,3,VAPI,08:23:00,08:25:00,169.0,19.0,16.0,84.0,0.0,0.0,3,9,6,321.0,0.3448979591836735,503,505,2,13.0,0.0,6.0,19.33,10.0,7.0
12009,SHATABDI EXP,4,ST,09:31:00,09:36:00,262.0,10.0,84.0,16.0,0.0,0.0,3,9,5,228.0,0.5346938775510204,571,576,5,19.0,13.0,-9.0,13.7,13.0,7.0
12009,SHATABDI EXP,5,BH,10:13:00,10:14:00,321.0,13.0,72.0,28.0,0.0,0.0,3,9,4,169.0,0.6551020408163265,613,614,1,10.0,19.0,3.0,12.25,7.0,7.0
12009,SHATABDI EXP,6,BRC,11:04:00,11:09:00,391.0,7.0,96.0,4.0,0.0,0.0,3,9,3,99.0,0.7979591836734694,664,669,5,13.0,10.0,-6.0,15.19,8.0,7.0
12009,SHATABDI EXP,7,ANND,11:36:00,11:38:00,426.0,8.0,92.0,8.0,0.0,0.0,3,9,2,64.0,0.8693877551020408,696,698,2,7.0,13.0,1.0,6.5,7.0,7.0
12009,SHATABDI EXP,8,ND,11:52:00,11:54:00,445.0,7.0,96.0,4.0,0.0,0.0,3,9,1,45.0,0.9081632653061225,712,714,2,8.0,7.0,-1.0,8.0,7.0,7.0
12010,SHATABDI EXP,1,ADI,14:40:00,14:40:00,0.0,0.0,100.0,0.0,0.0,0.0,3,8,7,461.0,0.0,880,880,0,0.0,0.0,0.0,3.5,9.0,21.0
12010,SHATABDI EXP,2,ND,15:17:00,15:19:00,45.0,9.0,84.0,16.0,0.0,0.0,3,8,6,416.0,0.09761388286334056,917,919,2,0.0,0.0,9.0,8.0,5.0,21.0
12010,SHATABDI EXP,3,ANND,15:38:00,15:40:00,63.0,5.0,96.0,4.0,0.0,0.0,3,8,5,398.0,0.13665943600867678,938,940,2,9.0,0.0,-4.0,6.5,5.0,21.0
12010,SHATABDI EXP,4,BRC,16:19:00,16:24:00,99.0,5.0,96.0,4.0,0.0,0.0,3,8,4,362.0,0.21475054229934923,979,984,5,5.0,9.0,0.0,15.19,4.0,21.0
12010,SHATABDI EXP,5,BH,17:06:00,17:08:00,169.0,4.0,100.0,0.0,0.0,0.0,3,8,3,292.0,0.3665943600867679,1026,1028,2,5.0,5.0,-1.0,12.25,3.0,21.0
12010,SHATABDI EXP,6,ST,17:48:00,17:53:00,228.0,3.0,100.0,0.0,0.0,0.0,3,8,2,233.0,0.4945770065075922,1068,1073,5,4.0,5.0,-1.0,13.7,12.0,21.0
12010,SHATABDI EXP,7,VAPI,18:53:00,18:55:00,321.0,12.0,100.0,0.0,0.0,0.0,3,8,1,140.0,0.6963123644251626,1133,1135,2,3.0,4.0,9.0,19.33,21.0,21.0
12019,HOWRAH RANCH,1,HWH,06:05:00,06:05:00,0.0,1.0,100.0,0.0,0.0,0.0,2,10,9,436.0,0.0,365,365,0,0.0,0.0,1.0,66.0,12.0,6.0
12019,HOWRAH RANCH,2,DGR,07:48:00,07:50:00,157.0,12.0,80.0,20.0,0.0,0.0,2,10,8,279.0,0.36009174311926606,468,470,2,1.0,0.0,11.0,17.75,14.0,6.0
12019,HOWRAH RANCH,3,RNG,08:05:00,08:06:00,181.0,14.0,72.0,28.0,0.0,0.0,2,10,7,255.0,0.4151376146788991,485,486,1,12.0,1.0,2.0,14.5,16.0,6.0
12019,HOWRAH RANCH,4,ASN,08:22:00,08:24:00,199.0,16.0,64.0,36.0,0.0,0.0,2,10,6,237.0,0.45642201834862384,502,504,2,14.0,12.0,2.0,20.67,3.0,6.0
12019,HOWRAH RANCH,5,DHN,09:20:00,09:25:00,258.0,3.0,100.0,0.0,0.0,0.0,2,10,5,178.0,0.591743119266055,560,565,5,16.0,14.0,-13.0,12.54,4.0,6.0
12019,HOWRAH RANCH,7,CRP,10:34:00,10:36:00,304.0,4.0,96.0,4.0,0.0,0.0,2,10,3,132.0,0.6972477064220184,634,636,2,3.0,16.0,1.0,5.0,1.0,6.0
12019,HOWRAH RANCH,8,BKSC,11:05:00,11:07:00,319.0,1.0,100.0,0.0,0.0,0.0,2,10,2,117.0,0.731651376146789,665,667,2,4.0,3.0,-3.0,2.83,6.0,6.0
12019,HOWRAH RANCH,9,MURI,11:56:00,11:58:00,371.0,6.0,92.0,8.0,0.0,0.0,2,10,1,65.0,0.8509174311926605,716,718,2,1.0,4.0,5.0,4.67,6.0,6.0
12020,RNC HWH SHAT,1,RNC,13:45:00,13:45:00,0.0,2.0,96.0,4.0,0.0,0.0,2,10,9,434.0,0.0,825,825,0,0.0,0.0,2.0,4.0,3.333333333333333,7.0
12020,RNC HWH SHAT,2,MURI,14:53:00,14:55:00,62.0,3.333333333333333,100.0,0.0,0.0,0.0,2,10,8,372.0,0.14285714285714285,893,895,2,2.0,0.0,1.333333333333333,4.67,4.666666666666666,7.0
12020,RNC HWH SHAT,3,BKSC,16:00:00,16:05:00,114.0,4.666666666666666,88.0,12.0,0.0,0.0,2,10,7,320.0,0.2626728110599078,960,965,5,3.333333333333333,2.0,1.333333333333333,2.83,6.0,7.0
12020,RNC HWH SHAT,4,CRP,16:33:00,16:35:00,129.0,6.0,88.0,12.0,0.0,0.0,2,10,6,305.0,0.29723502304147464,993,995,2,4.666666666666666,3.333333333333333,1.333333333333334,5.0,6.0,7.0
12020,RNC HWH SHAT,6,DHN,17:43:00,17:48:00,175.0,6.0,92.0,8.0,0.0,0.0,2,10,4,259.0,0.4032258064516129,1063,1068,5,6.0,4.666666666666666,0.0,12.54,18.0,7.0
12020,RNC HWH SHAT,7,ASN,18:40:00,18:42:00,234.0,18.0,72.0,24.0,4.0,0.0,2,10,3,200.0,0.5391705069124424,1120,1122,2,6.0,6.0,12.0,20.67,15.0,7.0
12020,RNC HWH SHAT,8,RNG,18:56:00,18:57:00,252.0,15.0,60.0,36.0,4.0,0.0,2,10,2,182.0,0.5806451612903226,1136,1137,1,18.0,6.0,-3.0,14.5,11.0,7.0
12020,RNC HWH SHAT,9,DGR,19:14:00,19:16:00,276.0,11.0,72.0,24.0,4.0,0.0,2,10,1,158.0,0.6359447004608295,1154,1156,2,15.0,18.0,-4.0,17.75,7.0,7.0
12049,GATIMAN EXPR,1,AGC,17:50:00,17:50:00,0.0,1.0,100.0,0.0,0.0,0.0,2,2,1,181.0,0.0,1070,1070,0,0.0,0.0,1.0,28.58,1.0,1.0
12050,GATIMAN EXPR,1,NZM,08:10:00,08:10:00,0.0,15.0,100.0,0.0,0.0,0.0,2,2,1,183.0,0.0,490,490,0,0.0,0.0,15.0,21.08,15.0,15.0
12137,PUNJAB MAIL,1,CSMT,19:35:00,19:35:00,0.0,12.0,96.16,0.82,3.01,0.01,2,56,55,1910.0,0.0,1175,1175,0,0.0,0.0,12.0,101.38,17.0,39.0
12137,PUNJAB MAIL,2,DR,19:47:00,19:50:00,8.0,17.0,94.52,2.47,3.01,0.0,2,56,54,1902.0,0.004188481675392671,1187,1190,3,12.0,0.0,5.0,23.88,29.0,39.0
12137,PUNJAB MAIL,3,KYN,20:35:00,20:40:00,53.0,29.0,22.19,73.97,3.56,0.28,2,56,53,1857.0,0.02774869109947644,1235,1240,5,17.0,12.0,12.0,34.0,27.0,39.0
12137,PUNJAB MAIL,4,KSRA,21:43:00,21:45:00,120.0,27.0,39.73,55.89,3.84,0.54,2,56,52,1790.0,0.06282722513089005,1303,1305,2,29.0,17.0,-2.0,24.0,30.0,39.0
12137,PUNJAB MAIL,7,NK,23:15:00,23:20:00,187.0,30.0,26.3,67.67,5.48,0.55,2,56,49,1723.0,0.09790575916230367,1395,1400,5,27.0,29.0,3.0,44.25,33.0,39.0
12137,PUNJAB MAIL,8,MMR,00:22:00,00:25:00,260.0,33.0,28.49,66.03,5.21,0.27,2,56,48,1650.0,0.13612565445026178,22,25,3,30.0,27.0,3.0,42.75,40.0,39.0
12137,PUNJAB MAIL,9,CSN,01:10:00,01:12:00,327.0,40.0,12.6,81.1,6.03,0.27,2,56,47,1583.0,0.1712041884816754,70,72,2,33.0,30.0,7.0,48.5,40.0,39.0
12137,PUNJAB MAIL,10,JL,02:08:00,02:10:00,419.0,40.0,16.71,76.44,6.85,0.0,2,56,46,1491.0,0.2193717277486911,128,130,2,40.0,33.0,0.0,44.5,35.0,39.0
12137,PUNJAB MAIL,11,BSL,02:40:00,02:50:00,444.0,35.0,29.04,64.38,6.58,0.0,2,56,45,1466.0,0.2324607329842932,160,170,10,40.0,40.0,-5.0,209.62,35.0,39.0
12137,PUNJAB MAIL,12,BAU,03:28:00,03:30:00,498.0,35.0,26.3,67.12,6.58,0.0,2,56,44,1412.0,0.2607329842931937,208,210,2,35.0,40.0,0.0,40.25,16.0,39.0
12137,PUNJAB MAIL,13,KNW,04:55:00,05:00:00,567.0,16.0,89.32,6.85,3.84,0.0,2,56,43,1343.0,0.29685863874345547,295,300,5,35.0,35.0,-19.0,27.5,20.0,39.0
12137,PUNJAB MAIL,14,KKN,05:50:00,05:51:00,643.0,20.0,74.25,21.37,4.38,0.0,2,56,42,1267.0,0.3366492146596859,350,351,1,16.0,35.0,4.0,47.5,28.0,39.0
12137,PUNJAB MAIL,15,HD,06:14:00,06:16:00,675.0,28.0,44.93,49.32,5.75,0.0,2,56,41,1235.0,0.35340314136125656,374,376,2,20.0,16.0,8.0,49.0,37.0,39.0
12137,PUNJAB MAIL,16,BPF,06:47:00,06:48:00,717.0,37.0,12.6,80.27,7.12,0.01,2,56,40,1193.0,0.37539267015706806,407,408,1,28.0,20.0,9.0,49.0,16.0,39.0
12137,PUNJAB MAIL,17,ET,07:30:00,07:40:00,750.0,16.0,86.03,9.32,4.66,0.0,2,56,39,1160.0,0.39267015706806285,450,460,10,37.0,28.0,-21.0,33.5,26.0,39.0
12137,PUNJAB MAIL,20,BPL,09:35:00,09:40:00,842.0,26.0,53.15,42.19,4.66,0.0,2,56,36,1068.0,0.4408376963350785,575,580,5,16.0,37.0,10.0,28.75,37.0,39.0
12137,PUNJAB MAIL,21,BHS,10:17:00,10:19:00,895.0,37.0,17.81,73.7,8.49,0.0,2,56,35,1015.0,0.468586387434555,617,619,2,26.0,16.0,11.0,44.0,42.0,39.0
12137,PUNJAB MAIL,22,BAQ,10:48:00,10:50:00,935.0,42.0,7.12,83.01,9.86,0.01,2,56,34,975.0,0.4895287958115183,648,650,2,37.0,26.0,5.0,42.5,18.0,39.0
12137,PUNJAB MAIL,23,BINA,12:00:00,12:05:00,980.0,18.0,80.82,12.05,7.12,0.01,2,56,33,930.0,0.5130890052356021,720,725,5,42.0,37.0,-24.0,36.25,28.0,39.0
12137,PUNJAB MAIL,24,LAR,12:48:00,12:50:00,1043.0,28.0,53.15,38.63,8.22,0.0,2,56,32,867.0,0.5460732984293194,768,770,2,18.0,42.0,10.0,24.75,35.0,39.0
12137,PUNJAB MAIL,25,BAB,13:38:00,13:40:00,1108.0,35.0,38.08,52.88,9.04,0.0,2,56,31,802.0,0.5801047120418849,818,820,2,28.0,18.0,7.0,34.0,35.0,39.0
12137,PUNJAB MAIL,27,DAA,14:50:00,14:52:00,1156.0,35.0,40.27,49.59,10.14,0.0,2,56,29,754.0,0.6052356020942409,890,892,2,35.0,28.0,0.0,41.5,45.0,39.0
12137,PUNJAB MAIL,28,DBA,15:14:00,15:16:00,1187.0,45.0,24.93,63.56,11.51,0.0,2,56,28,723.0,0.6214659685863875,914,916,2,35.0,35.0,10.0,41.0,55.0,39.0
12137,PUNJAB MAIL,29,GWL,15:55:00,16:00:00,1229.0,55.0,5.75,79.45,14.79,0.01,2,56,27,681.0,0.643455497382199,955,960,5,45.0,35.0,10.0,33.6,56.0,39.0
12137,PUNJAB MAIL,30,MRA,16:25:00,16:27:00,1267.0,56.0,1.1,81.64,17.26,0.0,2,56,26,643.0,0.6633507853403141,985,987,2,55.0,45.0,1.0,31.0,21.0,39.0
12137,PUNJAB MAIL,31,DHO,17:05:00,17:07:00,1283.0,21.0,79.45,12.05,8.49,0.01,2,56,25,627.0,0.6717277486910995,1025,1027,2,56.0,55.0,-35.0,19.5,26.0,39.0
12137,PUNJAB MAIL,32,AGC,17:50:00,17:55:00,1336.0,26.0,69.04,21.64,9.32,0.0,2,56,24,574.0,0.6994764397905759,1070,1075,5,21.0,56.0,5.0,28.58,28.0,39.0
12137,PUNJAB MAIL,33,RKM,18:03:00,18:05:00,1340.0,28.0,64.11,26.3,9.59,0.0,2,56,23,570.0,0.7015706806282722,1083,1085,2,26.0,21.0,2.0,41.0,41.0,39.0
12137,PUNJAB MAIL,34,MTJ,18:43:00,18:45:00,1389.0,41.0,21.37,65.75,12.88,0.0,2,56,22,521.0,0.7272251308900524,1123,1125,2,28.0,26.0,13.0,29.25,48.0,39.0
12137,PUNJAB MAIL,35,KSV,19:13:00,19:15:00,1429.0,48.0,4.93,81.1,13.97,0.0,2,56,21,481.0,0.7481675392670157,1153,1155,2,41.0,28.0,7.0,38.5,26.0,39.0
12137,PUNJAB MAIL,36,FDB,20:24:00,20:26:00,1500.0,26.0,75.89,14.52,9.59,0.0,2,56,20,410.0,0.7853403141361257,1224,1226,2,48.0,41.0,-22.0,32.21,36.0,39.0
12137,PUNJAB MAIL,37,NZM,20:51:00,20:53:00,1517.0,36.0,50.41,38.36,11.23,0.0,2,56,19,393.0,0.7942408376963351,1251,1253,2,26.0,48.0,10.0,21.08,43.0,39.0
12137,PUNJAB MAIL,38,NDLS,21:15:00,21:50:00,1524.0,43.0,35.07,51.51,13.42,0.0,2,56,18,386.0,0.7979057591623037,1275,1310,35,36.0,26.0,7.0,18.33,49.0,39.0
12137,PUNJAB MAIL,39,DKZ,22:03:00,22:05:00,1529.0,49.0,21.64,62.19,16.16,0.01,2,56,17,381.0,0.8005235602094241,1323,1325,2,43.0,36.0,6.0,33.0,55.0,39.0
12137,PUNJAB MAIL,40,SSB,22:20:00,22:22:00,1536.0,55.0,14.52,62.74,22.74,0.0,2,56,16,374.0,0.8041884816753927,1340,1342,2,49.0,43.0,6.0,34.5,61.0,39.0
12137,PUNJAB MAIL,41,BGZ,22:40:00,22:42:00,1555.0,61.0,4.93,67.95,27.12,0.0,2,56,15,355.0,0.8141361256544503,1360,1362,2,55.0,49.0,6.0,39.5,64.0,39.0
12137,PUNJAB MAIL,42,ROK,23:20:00,23:23:00,1596.0,64.0,3.84,66.03,30.14,0.0,2,56,14,314.0,0.8356020942408376,1400,1403,3,61.0,55.0,3.0,39.5,64.0,39.0
12137,PUNJAB MAIL,43,JIND,00:12:00,00:15:00,1653.0,64.0,7.67,62.19,30.14,0.0,2,56,13,257.0,0.8654450261780104,12,15,3,64.0,61.0,0.0,41.0,65.0,39.0
12137,PUNJAB MAIL,44,NRW,00:39:00,00:41:00,1686.0,65.0,7.12,60.82,32.05,0.01,2,56,12,224.0,0.8827225130890053,39,41,2,64.0,64.0,1.0,43.0,63.5,39.0
12137,PUNJAB MAIL,45,TUN,01:02:00,01:04:00,1712.0,63.5,7.12,59.73,33.15,0.0,2,56,11,198.0,0.8963350785340314,62,64,2,65.0,64.0,-1.5,39.25,62.0,39.0
12137,PUNJAB MAIL,46,JHL,01:23:00,01:25:00,1725.0,62.0,13.42,55.07,31.51,0.0,2,56,10,185.0,0.9031413612565445,83,85,2,63.5,65.0,-1.5,38.5,64.0,39.0
12137,PUNJAB MAIL,47,BRZ,01:35:00,01:37:00,1739.0,64.0,10.41,56.16,33.42,0.01,2,56,9,171.0,0.9104712041884817,95,97,2,62.0,63.5,2.0,41.0,66.0,39.0
12137,PUNJAB MAIL,48,BLZ,01:49:00,01:51:00,1754.0,66.0,10.14,55.34,34.52,0.0,2,56,8,156.0,0.9183246073298429,109,111,2,64.0,62.0,2.0,41.0,68.0,39.0
12137,PUNJAB MAIL,49,MSZ,02:04:00,02:06:00,1770.0,68.0,7.95,55.62,36.44,0.0,2,56,7,140.0,0.9267015706806283,124,126,2,66.0,64.0,2.0,41.5,70.0,39.0
12137,PUNJAB MAIL,50,MAUR,02:20:00,02:22:00,1789.0,70.0,6.58,55.07,38.36,0.0,2,56,6,121.0,0.9366492146596859,140,142,2,68.0,66.0,2.0,41.5,49.0,39.0
12137,PUNJAB MAIL,51,BTI,03:30:00,03:40:00,1823.0,49.0,40.55,39.45,20.0,0.0,2,56,5,87.0,0.9544502617801047,210,220,10,70.0,68.0,-21.0,27.5,57.0,39.0
12137,PUNJAB MAIL,52,GNA,03:51:00,03:53:00,1835.0,57.0,30.14,45.21,24.66,0.0,2,56,4,75.0,0.9607329842931938,231,233,2,49.0,70.0,8.0,35.0,60.0,39.0
12137,PUNJAB MAIL,53,GJUT,04:06:00,04:08:00,1849.0,60.0,27.67,45.75,26.58,0.0,2,56,3,61.0,0.9680628272251309,246,248,2,57.0,49.0,3.0,37.0,63.0,39.0
12137,PUNJAB MAIL,54,KKP,04:25:00,04:27:00,1865.0,63.0,25.75,43.56,30.68,0.0,2,56,2,45.0,0.9764397905759162,265,267,2,60.0,57.0,3.0,39.5,66.0,39.0
12137,PUNJAB MAIL,55,FDK,04:49:00,04:51:00,1878.0,66.0,25.21,40.27,34.52,0.0,2,56,1,32.0,0.9832460732984293,289,291,2,63.0,60.0,3.0,39.0,39.0,39.0
12138,PUNJAB MAIL,1,FZR,21:40:00,21:40:00,0.0,12.0,98.08,1.64,0.27,0.0,2,54,53,1913.0,0.0,1300,1300,0,0.0,0.0,12.0,25.5,12.0,36.0
12138,PUNJAB MAIL,2,FDK,22:05:00,22:07:00,32.0,12.0,93.15,6.58,0.27,0.0,2,54,52,1881.0,0.0167276529012023,1325,1327,2,12.0,0.0,0.0,39.0,16.0,36.0
12138,PUNJAB MAIL,3,KKP,22:23:00,22:25:00,44.0,16.0,69.04,30.41,0.55,0.0,2,54,51,1869.0,0.02300052273915316,1343,1345,2,12.0,12.0,4.0,39.5,14.0,36.0
12138,PUNJAB MAIL,4,GJUT,22:38:00,22:40:00,60.0,14.0,86.03,13.15,0.82,0.0,2,54,50,1853.0,0.03136434918975431,1358,1360,2,16.0,12.0,-2.0,37.0,13.0,36.0
12138,PUNJAB MAIL,5,GNA,22:54:00,22:56:00,75.0,13.0,86.3,12.6,1.1,0.0,2,54,49,1838.0,0.03920543648719289,1374,1376,2,14.0,16.0,-1.0,35.0,6.0,36.0
12138,PUNJAB MAIL,6,BTI,23:25:00,23:35:00,87.0,6.0,96.71,2.74,0.55,0.0,2,54,48,1826.0,0.045478306325143755,1405,1415,10,13.0,14.0,-7.0,27.5,13.0,36.0
12138,PUNJAB MAIL,7,MAUR,00:01:00,00:03:00,121.0,13.0,90.96,8.22,0.82,0.0,2,54,47,1792.0,0.06325143753267119,1,3,2,6.0,13.0,7.0,41.5,15.0,36.0
12138,PUNJAB MAIL,8,MSZ,00:18:00,00:20:00,140.0,15.0,86.58,12.6,0.82,0.0,2,54,46,1773.0,0.07318348144276006,18,20,2,13.0,6.0,2.0,41.5,16.0,36.0
12138,PUNJAB MAIL,9,BLZ,00:33:00,00:35:00,156.0,16.0,84.93,13.42,1.64,0.01,2,54,45,1757.0,0.08154730789336122,33,35,2,15.0,13.0,1.0,41.0,18.0,36.0
12138,PUNJAB MAIL,10,BRZ,00:47:00,00:49:00,171.0,18.0,79.45,18.9,1.64,0.01,2,54,44,1742.0,0.08938839519079979,47,49,2,16.0,15.0,2.0,41.0,15.0,36.0
12138,PUNJAB MAIL,11,JHL,01:02:00,01:04:00,185.0,15.0,85.75,12.33,1.92,0.0,2,54,43,1728.0,0.0967067433350758,62,64,2,18.0,16.0,-3.0,38.5,15.0,36.0
12138,PUNJAB MAIL,12,TUN,01:15:00,01:17:00,197.0,15.0,84.66,12.88,2.47,0.0,2,54,42,1716.0,0.10297961317302666,75,77,2,15.0,18.0,0.0,39.25,21.0,36.0
12138,PUNJAB MAIL,13,NRW,01:37:00,01:39:00,223.0,21.0,57.81,38.9,3.29,0.0,2,54,41,1690.0,0.11657083115525353,97,99,2,15.0,15.0,6.0,43.0,18.0,36.0
12138,PUNJAB MAIL,14,JIND,02:07:00,02:10:00,257.0,18.0,73.15,23.01,3.84,0.0,2,54,40,1656.0,0.13434396236278098,127,130,3,21.0,15.0,-3.0,41.0,15.0,36.0
12138,PUNJAB MAIL,15,ROK,02:58:00,03:00:00,314.0,15.0,75.34,20.27,4.38,0.01,2,54,39,1599.0,0.16414009409304756,178,180,2,18.0,21.0,-3.0,39.5,18.0,36.0
12138,PUNJAB MAIL,16,BGZ,03:28:00,03:30:00,354.0,18.0,67.4,27.4,5.21,0.0,2,54,38,1559.0,0.18504966021955044,208,210,2,15.0,18.0,3.0,39.5,14.0,36.0
12138,PUNJAB MAIL,17,SSB,04:06:00,04:08:00,374.0,14.0,81.92,13.97,4.11,0.0,2,54,37,1539.0,0.1955044432828019,246,248,2,18.0,15.0,-4.0,34.5,17.0,36.0
12138,PUNJAB MAIL,18,DKZ,04:21:00,04:23:00,381.0,17.0,76.44,18.36,5.21,0.0,2,54,36,1532.0,0.1991636173549399,261,263,2,14.0,18.0,3.0,33.0,15.0,36.0
12138,PUNJAB MAIL,19,NDLS,04:45:00,05:15:00,385.0,15.0,81.64,12.88,5.48,0.0,2,54,35,1528.0,0.20125457396759017,285,315,30,17.0,14.0,-2.0,18.33,25.0,36.0
12138,PUNJAB MAIL,20,FDB,05:42:00,05:44:00,410.0,25.0,64.38,22.19,13.42,0.01,2,54,34,1503.0,0.21432305279665448,342,344,2,15.0,17.0,10.0,32.21,29.0,36.0
12138,PUNJAB MAIL,21,KSV,06:57:00,06:59:00,481.0,29.0,63.56,20.0,16.44,0.0,2,54,33,1432.0,0.25143753267119706,417,419,2,25.0,15.0,4.0,38.5,42.0,36.0
12138,PUNJAB MAIL,22,MTJ,07:37:00,07:40:00,522.0,42.0,14.52,67.4,18.08,0.0,2,54,32,1391.0,0.2728698379508625,457,460,3,29.0,25.0,13.0,29.25,54.0,36.0
12138,PUNJAB MAIL,23,RKM,08:14:00,08:16:00,572.0,54.0,0.55,78.08,21.37,0.0,2,54,31,1341.0,0.2990067956089911,494,496,2,42.0,29.0,12.0,41.0,48.0,36.0
12138,PUNJAB MAIL,24,AGC,08:30:00,08:35:00,576.0,48.0,1.64,80.0,18.36,0.0,2,54,30,1337.0,0.3010977522216414,510,515,5,54.0,42.0,-6.0,28.58,27.0,36.0
12138,PUNJAB MAIL,25,DHO,09:33:00,09:35:00,629.0,27.0,56.71,33.7,9.59,0.0,2,54,29,1284.0,0.3288029273392577,573,575,2,48.0,54.0,-21.0,19.5,23.0,36.0
12138,PUNJAB MAIL,26,MRA,09:58:00,10:00:00,645.0,23.0,69.04,20.82,10.14,0.0,2,54,28,1268.0,0.3371667537898589,598,600,2,27.0,48.0,-4.0,31.0,30.0,36.0
12138,PUNJAB MAIL,27,GWL,10:31:00,10:36:00,683.0,30.0,52.05,36.44,11.51,0.0,2,54,27,1230.0,0.35703084161003656,631,636,5,23.0,27.0,7.0,33.6,37.0,36.0
12138,PUNJAB MAIL,28,DBA,11:13:00,11:15:00,725.0,37.0,38.63,47.95,13.15,0.27,2,54,26,1188.0,0.3789858860428646,673,675,2,30.0,23.0,7.0,41.0,48.0,36.0
12138,PUNJAB MAIL,29,DAA,11:40:00,11:42:00,756.0,48.0,6.85,75.89,16.99,0.27,2,54,25,1157.0,0.3951907997909043,700,702,2,37.0,30.0,11.0,41.5,33.0,36.0
12138,PUNJAB MAIL,31,BAB,12:58:00,13:00:00,804.0,33.0,48.77,38.36,12.6,0.27,2,54,23,1109.0,0.42028227914270777,778,780,2,48.0,37.0,-15.0,34.0,43.0,36.0
12138,PUNJAB MAIL,32,LAR,13:45:00,13:47:00,869.0,43.0,22.47,61.37,15.89,0.27,2,54,22,1044.0,0.45426032409827494,825,827,2,33.0,48.0,10.0,24.75,34.0,36.0
12138,PUNJAB MAIL,33,BINA,14:45:00,14:50:00,932.0,34.0,63.01,21.64,15.34,0.01,2,54,21,981.0,0.487192890747517,885,890,5,43.0,33.0,-9.0,36.25,43.0,36.0
12138,PUNJAB MAIL,34,BAQ,15:24:00,15:25:00,977.0,43.0,35.89,45.75,18.36,0.0,2,54,20,936.0,0.5107161526398327,924,925,1,34.0,43.0,9.0,42.5,51.0,36.0
12138,PUNJAB MAIL,35,BHS,15:52:00,15:54:00,1017.0,51.0,14.79,64.38,20.82,0.01,2,54,19,896.0,0.5316257187663356,952,954,2,43.0,34.0,8.0,44.0,48.5,36.0
12138,PUNJAB MAIL,36,BPL,16:50:00,16:55:00,1070.0,48.5,38.36,41.64,20.0,0.0,2,54,18,843.0,0.559330893883952,1010,1015,5,51.0,43.0,-2.5,28.75,50.0,36.0
12138,PUNJAB MAIL,39,ET,18:35:00,18:45:00,1162.0,50.0,29.86,46.3,23.84,0.0,2,54,15,751.0,0.6074228959749085,1115,1125,10,48.5,51.0,1.5,33.5,61.0,36.0
12138,PUNJAB MAIL,40,BPF,19:11:00,19:13:00,1195.0,61.0,5.21,67.4,27.4,0.0,2,54,14,718.0,0.6246732880292734,1151,1153,2,50.0,48.5,11.0,49.0,70.0,36.0
12138,PUNJAB MAIL,41,HD,19:42:00,19:44:00,1237.0,70.0,1.1,66.85,32.05,0.0,2,54,13,676.0,0.6466283324621014,1182,1184,2,61.0,50.0,9.0,49.0,75.0,36.0
12138,PUNJAB MAIL,42,KKN,20:09:00,20:11:00,1269.0,75.0,0.0,63.29,36.71,0.0,2,54,12,644.0,0.6633559853633038,1209,1211,2,70.0,61.0,5.0,47.5,39.0,36.0
12138,PUNJAB MAIL,43,KNW,21:40:00,21:45:00,1345.0,39.0,61.37,17.53,21.1,0.0,2,54,11,568.0,0.7030841610036592,1300,1305,5,75.0,70.0,-36.0,27.5,45.5,36.0
12138,PUNJAB MAIL,44,BAU,22:33:00,22:35:00,1414.0,45.5,56.44,21.92,21.64,0.0,2,54,10,499.0,0.7391531625718767,1353,1355,2,39.0,75.0,6.5,40.25,52.0,36.0
12138,PUNJAB MAIL,45,BSL,23:25:00,23:35:00,1469.0,52.0,28.49,49.32,22.19,0.0,2,54,9,444.0,0.7679038159958181,1405,1415,10,45.5,39.0,6.5,209.62,49.0,36.0
12138,PUNJAB MAIL,46,JL,23:59:00,00:01:00,1493.0,49.0,35.62,43.29,21.1,0.0,2,54,8,420.0,0.7804495556717198,1439,1,0,52.0,45.5,-3.0,44.5,57.0,36.0
12138,PUNJAB MAIL,47,CSN,00:59:00,01:01:00,1585.0,57.0,20.0,55.89,24.11,0.0,2,54,7,328.0,0.8285415577626765,59,61,2,49.0,52.0,8.0,48.5,65.0,36.0
12138,PUNJAB MAIL,48,MMR,01:50:00,01:55:00,1653.0,65.0,8.77,64.66,26.58,0.0,2,54,6,260.0,0.8640878201777313,110,115,5,57.0,49.0,8.0,42.75,62.0,36.0
12138,PUNJAB MAIL,49,NK,02:45:00,02:50:00,1726.0,62.0,10.41,63.56,26.03,0.0,2,54,5,187.0,0.902247778358599,165,170,5,65.0,57.0,-3.0,44.25,47.0,36.0
12138,PUNJAB MAIL,52,KYN,06:20:00,06:25:00,1859.0,47.0,41.92,37.53,20.55,0.0,2,54,2,54.0,0.9717720857292211,380,385,5,62.0,65.0,-15.0,34.0,51.0,36.0
12138,PUNJAB MAIL,53,DR,07:02:00,07:05:00,1904.0,51.0,29.86,48.77,21.37,0.0,2,54,1,9.0,0.9952953476215368,422,425,3,47.0,62.0,4.0,23.88,36.0,36.0
12163,CHENNAI EXPR,2,KYN,21:07:00,21:10:00,44.0,24.0,42.74,53.15,4.11,0.0,2,23,21,1222.0,0.03475513428120063,1267,1270,3,0.0,0.0,24.0,34.0,35.0,44.0
12163,CHENNAI EXPR,3,LNL,22:37:00,22:40:00,118.0,35.0,3.01,86.3,5.21,5.48,2,23,20,1148.0,0.09320695102685624,1357,1360,3,24.0,0.0,11.0,24.0,38.0,44.0
12163,CHENNAI EXPR,4,PUNE,00:05:00,00:10:00,182.0,38.0,3.56,87.67,8.77,0.0,2,23,19,1084.0,0.14375987361769352,5,10,5,35.0,24.0,3.0,26.75,31.0,44.0
12163,CHENNAI EXPR,5,SUR,03:55:00,04:05:00,448.0,31.0,32.88,58.63,8.49,0.0,2,23,18,818.0,0.353870458135861,235,245,10,38.0,35.0,-7.0,36.88,18.0,44.0
12163,CHENNAI EXPR,8,WADI,07:05:00,07:10:00,597.0,18.0,71.51,22.19,6.3,0.0,2,23,15,669.0,0.471563981042654,425,430,5,31.0,38.0,-13.0,19.81,23.0,44.0
12163,CHENNAI EXPR,9,YG,07:38:00,07:40:00,636.0,23.0,59.18,33.97,6.85,0.0,2,23,14,630.0,0.5023696682464455,458,460,2,18.0,31.0,5.0,25.17,24.0,44.0
12163,CHENNAI EXPR,10,SADP,07:54:00,07:55:00,659.0,24.0,55.62,37.81,6.58,0.0,2,23,13,607.0,0.5205371248025277,474,475,1,23.0,18.0,1.0,24.5,27.0,44.0
12163,CHENNAI EXPR,11,RC,08:43:00,08:45:00,705.0,27.0,44.11,47.95,7.95,0.0,2,23,12,561.0,0.556872037914692,523,525,2,24.0,23.0,3.0,29.75,30.0,44.0
12163,CHENNAI EXPR,12,MALM,09:14:00,09:15:00,733.0,30.0,39.73,52.05,8.22,0.0,2,23,11,533.0,0.5789889415481833,554,555,1,27.0,24.0,3.0,31.25,27.0,44.0
12163,CHENNAI EXPR,13,AD,09:49:00,09:50:00,774.0,27.0,45.48,47.12,7.4,0.0,2,23,10,492.0,0.6113744075829384,589,590,1,30.0,27.0,-3.0,34.38,24.0,44.0
12163,CHENNAI EXPR,14,GTL,11:05:00,11:10:00,826.0,24.0,53.97,37.26,8.77,0.0,2,23,9,440.0,0.6524486571879937,665,670,5,27.0,30.0,-3.0,31.38,25.0,44.0
12163,CHENNAI EXPR,15,GY,11:33:00,11:35:00,854.0,25.0,56.99,34.79,8.22,0.0,2,23,8,412.0,0.674565560821485,693,695,2,24.0,27.0,1.0,26.0,23.0,44.0
12163,CHENNAI EXPR,16,TU,12:13:00,12:15:00,902.0,23.0,59.18,33.7,7.12,0.0,2,23,7,364.0,0.7124802527646129,733,735,2,25.0,24.0,-2.0,26.5,24.0,44.0
12163,CHENNAI EXPR,17,YA,13:14:00,13:15:00,971.0,24.0,54.25,38.63,7.12,0.0,2,23,6,295.0,0.7669826224328594,794,795,1,23.0,25.0,1.0,28.0,22.0,44.0
12163,CHENNAI EXPR,18,HX,13:58:00,14:00:00,1010.0,22.0,60.0,33.15,6.85,0.0,2,23,5,256.0,0.7977883096366508,838,840,2,24.0,23.0,-2.0,27.5,28.0,44.0
12163,CHENNAI EXPR,19,RJP,14:58:00,15:00:00,1061.0,28.0,45.21,47.12,7.67,0.0,2,23,4,205.0,0.8380726698262243,898,900,2,22.0,24.0,6.0,31.0,45.0,44.0
12163,CHENNAI EXPR,20,KOU,15:28:00,15:30:00,1095.0,45.0,0.0,3.01,0.0,96.99,2,23,3,171.0,0.8649289099526066,928,930,2,28.0,22.0,17.0,35.5,18.0,44.0
12163,CHENNAI EXPR,21,RU,16:40:00,16:45:00,1135.0,18.0,73.97,20.27,5.75,0.01,2,23,2,131.0,0.8965244865718799,1000,1005,5,45.0,28.0,-27.0,48.17,33.0,44.0
12163,CHENNAI EXPR,22,AJJ,17:48:00,17:50:00,1203.0,33.0,26.58,66.3,7.12,0.0,2,23,1,63.0,0.9502369668246445,1068,1070,2,18.0,45.0,15.0,31.2,44.0,44.0
12164,CHENNAI EXP,2,RU,09:20:00,09:25:00,144.0,23.0,26.67,73.33,0.0,0.0,2,21,19,1093.0,0.116410670978173,560,565,5,0.0,0.0,23.0,48.17,26.0,51.0
12164,CHENNAI EXP,3,KOU,09:49:00,09:50:00,185.0,26.0,26.67,73.33,0.0,0.0,2,21,18,1052.0,0.14955537590945836,589,590,1,23.0,0.0,3.0,35.5,34.0,51.0
12164,CHENNAI EXP,4,RJP,10:24:00,10:25:00,219.0,34.0,0.0,100.0,0.0,0.0,2,21,17,1018.0,0.17704122877930478,624,625,1,26.0,23.0,8.0,31.0,33.0,51.0
12164,CHENNAI EXP,5,HX,11:13:00,11:15:00,269.0,33.0,16.67,83.33,0.0,0.0,2,21,16,968.0,0.21746160064672596,673,675,2,34.0,26.0,-1.0,27.5,32.0,51.0
12164,CHENNAI EXP,6,YA,11:49:00,11:50:00,308.0,32.0,16.67,83.33,0.0,0.0,2,21,15,929.0,0.24898949070331447,709,710,1,33.0,34.0,-1.0,28.0,30.0,51.0
12164,CHENNAI EXP,7,TU,12:49:00,12:50:00,378.0,30.0,13.33,86.67,0.0,0.0,2,21,14,859.0,0.3055780113177041,769,770,1,32.0,33.0,-2.0,26.5,27.0,51.0
12164,CHENNAI EXP,8,GY,13:39:00,13:40:00,425.0,27.0,16.67,83.33,0.0,0.0,2,21,13,812.0,0.34357316087308004,819,820,1,30.0,32.0,-3.0,26.0,40.0,51.0
12164,CHENNAI EXP,9,GTL,14:25:00,14:30:00,454.0,40.0,0.0,93.33,6.67,0.0,2,21,12,783.0,0.3670169765561843,865,870,5,27.0,30.0,13.0,31.38,39.0,51.0
12164,CHENNAI EXP,10,AD,15:09:00,15:10:00,506.0,39.0,0.0,90.0,10.0,0.0,2,21,11,731.0,0.40905416329830235,909,910,1,40.0,27.0,-1.0,34.38,35.0,51.0
12164,CHENNAI EXP,11,MALM,15:48:00,15:50:00,547.0,35.0,0.0,90.0,10.0,0.0,2,21,10,690.0,0.4421988682295877,948,950,2,39.0,40.0,-4.0,31.25,31.0,51.0
12164,CHENNAI EXP,12,RC,16:28:00,16:30:00,575.0,31.0,10.0,83.33,6.67,0.0,2,21,9,662.0,0.4648342764753436,988,990,2,35.0,39.0,-4.0,29.75,25.0,51.0
12164,CHENNAI EXP,13,SADP,17:19:00,17:20:00,620.0,25.0,33.33,63.33,3.33,0.01,2,21,8,617.0,0.5012126111560227,1039,1040,1,31.0,35.0,-6.0,24.5,25.0,51.0
12164,CHENNAI EXP,14,YG,17:49:00,17:50:00,643.0,25.0,40.0,53.33,6.67,0.0,2,21,7,594.0,0.5198059822150364,1069,1070,1,25.0,31.0,0.0,25.17,8.0,51.0
12164,CHENNAI EXP,15,WADI,19:05:00,19:10:00,682.0,8.0,90.0,6.67,3.33,0.0,2,21,6,555.0,0.5513338722716249,1145,1150,5,25.0,25.0,-17.0,19.81,20.0,51.0
12164,CHENNAI EXP,18,SUR,21:50:00,22:00:00,832.0,20.0,43.33,53.33,3.33,0.01,2,21,3,405.0,0.6725949878738885,1310,1320,10,8.0,25.0,12.0,36.88,27.0,51.0
12164,CHENNAI EXP,19,PUNE,02:20:00,02:30:00,1097.0,27.0,46.67,50.0,3.33,0.0,2,21,2,140.0,0.8868229587712207,140,150,10,20.0,8.0,7.0,26.75,34.0,51.0
12164,CHENNAI EXP,20,LNL,03:28:00,03:30:00,1161.0,34.0,10.0,73.33,16.67,0.0,2,21,1,76.0,0.9385610347615198,208,210,2,27.0,20.0,7.0,24.0,51.0,51.0
12201,KCVL GARIB R,1,LTT,16:55:00,16:55:00,0.0,4.0,87.5,12.5,0.0,0.0,2,24,23,1454.0,0.0,1015,1015,0,0.0,0.0,4.0,22.75,11.0,22.0
12201,KCVL GARIB R,2,TNA,17:17:00,17:20:00,17.0,11.0,87.5,12.5,0.0,0.0,2,24,22,1437.0,0.011691884456671253,1037,1040,3,4.0,0.0,7.0,32.33,13.0,22.0
12201,KCVL GARIB R,3,PNVL,18:05:00,18:10:00,54.0,13.0,62.5,37.5,0.0,0.0,2,24,21,1400.0,0.037138927097661624,1085,1090,5,11.0,4.0,2.0,27.0,58.0,22.0
12201,KCVL GARIB R,4,RN,23:00:00,23:05:00,335.0,58.0,12.5,37.5,50.0,0.0,2,24,20,1119.0,0.23039889958734525,1380,1385,5,13.0,11.0,45.0,62.0,41.0,22.0
12201,KCVL GARIB R,7,MAO,02:15:00,02:25:00,574.0,41.0,37.5,37.5,25.0,0.0,2,24,17,880.0,0.3947730398899587,135,145,10,58.0,13.0,-17.0,38.0,51.0,22.0
12201,KCVL GARIB R,8,KAWR,03:22:00,03:24:00,632.0,51.0,37.5,25.0,37.5,0.0,2,24,16,822.0,0.4346629986244842,202,204,2,41.0,58.0,10.0,49.5,53.0,22.0
12201,KCVL GARIB R,9,ANKL,03:52:00,03:54:00,660.0,53.0,37.5,25.0,37.5,0.0,2,24,15,794.0,0.45392022008253097,232,234,2,51.0,41.0,2.0,49.0,24.0,22.0
12201,KCVL GARIB R,11,UD,06:20:00,06:22:00,823.0,24.0,50.0,37.5,12.5,0.0,2,24,13,631.0,0.5660247592847317,380,382,2,53.0,51.0,-29.0,34.0,23.5,22.0
12201,KCVL GARIB R,12,MAJN,08:00:00,08:10:00,885.0,23.5,75.0,12.5,12.5,0.0,2,24,12,569.0,0.6086657496561211,480,490,10,24.0,53.0,-0.5,28.75,23.0,22.0
12201,KCVL GARIB R,13,KGQ,08:53:00,08:55:00,932.0,23.0,75.0,12.5,12.5,0.0,2,24,11,522.0,0.640990371389271,533,535,2,23.5,24.0,-0.5,39.0,26.0,22.0
12201,KCVL GARIB R,14,CAN,10:10:00,10:15:00,1018.0,26.0,50.0,37.5,12.5,0.0,2,24,10,436.0,0.7001375515818432,610,615,5,23.0,23.5,3.0,38.0,18.0,22.0
12201,KCVL GARIB R,15,CLT,11:35:00,11:40:00,1107.0,18.0,75.0,12.5,12.5,0.0,2,24,9,347.0,0.7613480055020633,695,700,5,26.0,23.0,-8.0,21.5,23.0,22.0
12201,KCVL GARIB R,16,TIR,12:23:00,12:25:00,1148.0,23.0,50.0,37.5,12.5,0.0,2,24,8,306.0,0.7895460797799174,743,745,2,18.0,26.0,5.0,22.5,21.0,22.0
12201,KCVL GARIB R,17,SRR,13:10:00,13:20:00,1193.0,21.0,75.0,12.5,12.5,0.0,2,24,7,261.0,0.8204951856946355,790,800,10,23.0,18.0,-2.0,17.0,21.0,22.0
12201,KCVL GARIB R,18,TCR,14:05:00,14:08:00,1227.0,21.0,75.0,12.5,12.5,0.0,2,24,6,227.0,0.843878954607978,845,848,3,21.0,23.0,0.0,37.0,20.5,22.0
12201,KCVL GARIB R,19,ERN,15:25:00,15:30:00,1299.0,20.5,62.5,25.0,12.5,0.0,2,24,5,155.0,0.8933975240715268,925,930,5,21.0,21.0,-0.5,26.38,20.0,22.0
12201,KCVL GARIB R,20,KTYM,16:37:00,16:40:00,1358.0,20.0,75.0,12.5,12.5,0.0,2,24,4,96.0,0.9339752407152683,997,1000,3,20.5,21.0,-0.5,43.25,20.666666666666668,22.0
12201,KCVL GARIB R,21,TRVL,17:10:00,17:11:00,1384.0,20.666666666666668,75.0,12.5,12.5,0.0,2,24,3,70.0,0.951856946354883,1030,1031,1,20.0,20.5,0.6666666666666679,42.17,21.33333333333333,22.0
12201,KCVL GARIB R,22,CNGR,17:21:00,17:23:00,1393.0,21.33333333333333,75.0,12.5,12.5,0.0,2,24,2,61.0,0.9580467675378267,1041,1043,2,20.666666666666668,20.0,0.6666666666666607,41.58,22.0,22.0
12201,KCVL GARIB R,23,KYJ,18:00:00,18:02:00,1413.0,22.0,75.0,12.5,12.5,0.0,2,24,1,41.0,0.9718019257221459,1080,1082,2,21.33333333333333,20.666666666666668,0.6666666666666714,44.42,22.0,22.0
12202,LTT GARIB RA,2,QLN,09:35:00,09:40:00,58.0,8.0,88.89,11.11,0.0,0.0,2,25,23,1459.0,0.03823335530652604,575,580,5,0.0,0.0,8.0,42.5,12.0,17.0
12202,LTT GARIB RA,3,KYJ,10:18:00,10:20:00,99.0,12.0,77.78,22.22,0.0,0.0,2,25,22,1418.0,0.06526038233355307,618,620,2,8.0,0.0,4.0,44.42,14.0,17.0
12202,LTT GARIB RA,4,CNGR,10:38:00,10:40:00,119.0,14.0,66.67,33.33,0.0,0.0,2,25,21,1398.0,0.07844429795649308,638,640,2,12.0,8.0,2.0,41.58,14.0,17.0
12202,LTT GARIB RA,5,TRVL,10:50:00,10:51:00,128.0,14.0,55.56,44.44,0.0,0.0,2,25,20,1389.0,0.08437705998681608,650,651,1,14.0,12.0,0.0,42.17,18.0,17.0
12202,LTT GARIB RA,6,KTYM,11:30:00,11:33:00,154.0,18.0,33.33,66.67,0.0,0.0,2,25,19,1363.0,0.1015161502966381,690,693,3,14.0,14.0,4.0,43.25,11.0,17.0
12202,LTT GARIB RA,7,ERN,12:55:00,13:00:00,213.0,11.0,66.67,33.33,0.0,0.0,2,25,18,1304.0,0.14040870138431114,775,780,5,18.0,14.0,-7.0,26.38,20.0,17.0
12202,LTT GARIB RA,8,TCR,14:05:00,14:08:00,285.0,20.0,44.44,55.56,0.0,0.0,2,25,17,1232.0,0.18787079762689518,845,848,3,11.0,18.0,9.0,37.0,13.0,17.0
12202,LTT GARIB RA,9,SRR,15:00:00,15:05:00,318.0,13.0,55.56,44.44,0.0,0.0,2,25,16,1199.0,0.20962425840474622,900,905,5,20.0,11.0,-7.0,17.0,22.0,17.0
12202,LTT GARIB RA,10,TIR,15:43:00,15:45:00,362.0,22.0,22.22,77.78,0.0,0.0,2,25,15,1155.0,0.23862887277521425,943,945,2,13.0,20.0,9.0,22.5,25.0,17.0
12202,LTT GARIB RA,11,CLT,16:20:00,16:25:00,404.0,25.0,11.11,88.89,0.0,0.0,2,25,14,1113.0,0.2663150955833883,980,985,5,22.0,13.0,3.0,21.5,50.0,17.0
12202,LTT GARIB RA,12,CAN,17:50:00,17:55:00,493.0,50.0,0.0,88.89,11.11,0.0,2,25,13,1024.0,0.3249835201054713,1070,1075,5,25.0,22.0,25.0,38.0,55.0,17.0
12202,LTT GARIB RA,13,KGQ,18:48:00,18:50:00,579.0,55.0,0.0,77.78,22.22,0.0,2,25,12,938.0,0.38167435728411336,1128,1130,2,50.0,25.0,5.0,39.0,34.0,17.0
12202,LTT GARIB RA,14,MAJN,20:05:00,20:15:00,626.0,34.0,0.0,88.89,11.11,0.0,2,25,11,891.0,0.4126565589980224,1205,1215,10,55.0,50.0,-21.0,28.75,44.0,17.0
12202,LTT GARIB RA,15,UD,21:44:00,21:46:00,691.0,44.0,0.0,88.89,11.11,0.0,2,25,10,826.0,0.45550428477257743,1304,1306,2,34.0,55.0,10.0,34.0,45.0,17.0
12202,LTT GARIB RA,17,ANKL,00:02:00,00:04:00,853.0,45.0,0.0,66.67,33.33,0.0,2,25,8,664.0,0.5622940013183916,2,4,2,44.0,34.0,1.0,49.0,48.0,17.0
12202,LTT GARIB RA,18,KAWR,00:28:00,00:30:00,881.0,48.0,0.0,77.78,22.22,0.0,2,25,7,636.0,0.5807514831905076,28,30,2,45.0,44.0,3.0,49.5,35.0,17.0
12202,LTT GARIB RA,19,MAO,01:20:00,01:30:00,939.0,35.0,11.11,77.78,11.11,0.0,2,25,6,578.0,0.6189848384970337,80,90,10,48.0,45.0,-13.0,38.0,66.0,17.0
12202,LTT GARIB RA,22,RN,05:00:00,05:05:00,1179.0,66.0,11.11,22.22,66.67,0.0,2,25,3,338.0,0.7771918259723137,300,305,5,35.0,48.0,31.0,62.0,41.0,17.0
12202,LTT GARIB RA,23,PNVL,10:10:00,10:15:00,1463.0,41.0,11.11,77.78,11.11,0.0,2,25,2,54.0,0.964403427818062,610,615,5,66.0,35.0,-25.0,27.0,45.0,17.0
12202,LTT GARIB RA,24,TNA,11:13:00,11:15:00,1500.0,45.0,11.11,66.67,22.22,0.0,2,25,1,17.0,0.988793671720501,673,675,2,41.0,66.0,4.0,32.33,17.0,17.0
12245,HWH - YPR WE,1,HWH,10:55:00,10:55:00,0.0,13.0,86.36,9.09,4.55,0.0,2,5,4,1597.0,0.0,655,655,0,0.0,0.0,13.0,66.0,111.0,97.0
12245,HWH - YPR WE,2,BBS,16:50:00,17:00:00,442.0,111.0,0.0,18.18,81.82,0.0,2,5,3,1155.0,0.2767689417658109,1010,1020,10,13.0,0.0,98.0,89.12,93.0,97.0
12245,HWH - YPR WE,3,VZM,22:00:00,22:10:00,823.0,93.0,13.64,31.82,54.55,0.0,2,5,2,774.0,0.5153412648716343,1320,1330,10,111.0,13.0,-18.0,80.17,95.0,97.0
12245,HWH - YPR WE,4,BZA,04:30:00,04:45:00,1221.0,95.0,4.55,31.82,63.64,0.0,2,5,1,376.0,0.7645585472761428,270,285,15,93.0,111.0,2.0,58.12,97.0,97.0
12246,YPR - HWH WE,2,RU,16:50:00,17:00:00,363.0,13.0,69.35,28.35,1.92,0.38,2,6,4,1596.0,0.18529862174578868,1010,1020,10,0.0,0.0,13.0,48.17,22.0,41.0
12246,YPR - HWH WE,3,BZA,22:25:00,22:35:00,739.0,22.0,43.68,50.19,5.75,0.38,2,6,3,1220.0,0.3772332822868811,1345,1355,10,13.0,0.0,9.0,58.12,15.0,41.0
12246,YPR - HWH WE,4,VZM,04:30:00,04:40:00,1136.0,15.0,72.41,24.14,3.07,0.38,2,6,2,823.0,0.5798876978050026,270,280,10,22.0,13.0,-7.0,80.17,41.0,41.0
12246,YPR - HWH WE,5,BBS,09:40:00,09:50:00,1518.0,41.0,12.26,76.25,11.11,0.38,2,6,1,441.0,0.774885145482389,580,590,10,15.0,22.0,26.0,89.12,41.0,41.0
12259,NDLS DURONTO,1,SDAH,18:30:00,18:30:00,0.0,0.0,100.0,0.0,0.0,0.0,3,5,4,1448.0,0.0,1110,1110,0,0.0,0.0,0.0,18.5,4.0,14.0
12259,NDLS DURONTO,2,DHN,21:51:00,21:56:00,268.0,4.0,94.12,5.88,0.0,0.0,3,5,3,1180.0,0.1850828729281768,1311,1316,5,0.0,0.0,4.0,12.54,11.0,14.0
12259,NDLS DURONTO,4,CNB,06:20:00,06:28:00,1018.0,11.0,76.47,23.53,0.0,0.0,3,5,1,430.0,0.7030386740331491,380,388,8,4.0,0.0,7.0,21.25,14.0,14.0
12260,SDAH DURONTO,1,NDLS,19:40:00,19:40:00,0.0,8.0,93.75,0.0,6.25,0.0,3,5,4,1449.0,0.0,1180,1180,0,0.0,0.0,8.0,18.33,25.0,55.0
12260,SDAH DURONTO,2,CNB,00:29:00,00:34:00,430.0,25.0,50.0,43.75,6.25,0.0,3,5,3,1019.0,0.29675638371290547,29,34,5,8.0,0.0,17.0,21.25,33.0,55.0
12260,SDAH DURONTO,4,DHN,08:58:00,09:03:00,1180.0,33.0,43.75,43.75,12.5,0.0,3,5,1,269.0,0.8143547273982057,538,543,5,25.0,8.0,8.0,12.54,55.0,55.0
12261,CSMT-HWH DUR,1,CSMT,17:15:00,17:15:00,0.0,231.0,46.41,6.22,47.37,0.0,2,7,6,1972.0,0.0,1035,1035,0,0.0,0.0,231.0,101.38,305.0,586.0
12261,CSMT-HWH DUR,3,BSL,23:00:00,23:05:00,444.0,305.0,11.48,31.1,57.42,0.0,2,7,4,1528.0,0.22515212981744423,1380,1385,5,231.0,0.0,74.0,209.62,305.0,586.0
12261,CSMT-HWH DUR,4,NGP,04:10:00,04:15:00,841.0,305.0,27.75,16.75,55.5,0.0,2,7,3,1131.0,0.4264705882352941,250,255,5,305.0,231.0,0.0,95.6,298.0,586.0
12261,CSMT-HWH DUR,5,BSP,09:55:00,10:05:00,1251.0,298.0,25.36,20.1,54.55,0.0,2,7,2,721.0,0.6343813387423936,595,605,10,305.0,305.0,-7.0,299.5,530.0,586.0
12261,CSMT-HWH DUR,6,TATA,15:50:00,16:00:00,1719.0,530.0,0.48,0.0,99.04,0.48,2,7,1,253.0,0.8717038539553753,950,960,10,298.0,305.0,232.0,338.5,586.0,586.0
12262,HWH-CSMT DUR,1,HWH,08:20:00,08:20:00,0.0,92.0,62.5,6.25,31.25,0.0,2,7,6,1979.0,0.0,500,500,0,0.0,0.0,92.0,66.0,147.0,468.0
12262,HWH-CSMT DUR,2,TATA,11:38:00,11:48:00,254.0,147.0,6.25,43.75,50.0,0.0,2,7,5,1725.0,0.12834765032844872,698,708,10,92.0,0.0,55.0,338.5,301.0,468.0
12262,HWH-CSMT DUR,3,BSP,17:35:00,17:45:00,720.0,301.0,18.75,0.0,81.25,0.0,2,7,4,1259.0,0.3638201111672562,1055,1065,10,147.0,92.0,154.0,299.5,356.0,468.0
12262,HWH-CSMT DUR,4,NGP,23:20:00,23:25:00,1137.0,356.0,6.25,0.0,93.75,0.0,2,7,3,842.0,0.5745325922182921,1400,1405,5,301.0,147.0,55.0,95.6,446.5,468.0
12262,HWH-CSMT DUR,5,BSL,03:42:00,03:47:00,1534.0,446.5,6.25,0.0,93.75,0.0,2,7,2,445.0,0.7751389590702374,222,227,5,356.0,301.0,90.5,209.62,468.0,468.0
12295,SBC-PPTA SAN,3,KJM,09:21:00,09:23:00,14.0,25.0,70.0,23.33,6.67,0.0,2,36,33,2689.0,0.005179430262671106,561,563,2,0.0,0.0,25.0,63.0,31.0,4.0
12295,SBC-PPTA SAN,4,BWT,10:08:00,10:10:00,70.0,31.0,43.33,46.67,10.0,0.0,2,36,32,2633.0,0.02589715131335553,608,610,2,25.0,0.0,6.0,62.0,30.0,4.0
12295,SBC-PPTA SAN,5,KPN,10:36:00,10:38:00,104.0,30.0,63.33,26.67,10.0,0.0,2,36,31,2599.0,0.03847576766555679,636,638,2,31.0,25.0,-1.0,38.0,30.0,4.0
12295,SBC-PPTA SAN,6,JTJ,11:28:00,11:30:00,148.0,30.0,60.0,26.67,13.33,0.0,2,36,30,2555.0,0.05475397706252312,688,690,2,30.0,31.0,0.0,35.18,24.0,4.0
12295,SBC-PPTA SAN,7,KPD,12:35:00,12:40:00,231.0,24.0,80.0,6.67,13.33,0.0,2,36,29,2472.0,0.08546059933407325,755,760,5,30.0,30.0,-6.0,33.53,29.0,4.0
12295,SBC-PPTA SAN,8,AJJ,13:33:00,13:35:00,292.0,29.0,63.33,23.33,13.33,0.01,2,36,28,2411.0,0.10802811690714022,813,815,2,24.0,30.0,5.0,31.2,46.0,4.0
12295,SBC-PPTA SAN,10,GDR,18:03:00,18:05:00,498.0,46.0,10.0,70.0,20.0,0.0,2,36,26,2205.0,0.18423973362930077,1083,1085,2,29.0,24.0,17.0,58.17,60.0,4.0
12295,SBC-PPTA SAN,11,NLR,18:23:00,18:25:00,536.0,60.0,0.0,80.0,20.0,0.0,2,36,25,2167.0,0.19829818719940806,1103,1105,2,46.0,29.0,14.0,68.17,61.0,4.0
12295,SBC-PPTA SAN,12,OGL,19:53:00,19:54:00,652.0,61.0,3.33,73.33,23.33,0.01,2,36,24,2051.0,0.24121346651868295,1193,1194,1,60.0,46.0,1.0,64.67,54.0,4.0
12295,SBC-PPTA SAN,13,BZA,22:25:00,22:35:00,791.0,54.0,3.33,76.67,20.0,0.0,2,36,23,1912.0,0.2926378098409175,1345,1355,10,61.0,60.0,-7.0,58.12,62.0,4.0
12295,SBC-PPTA SAN,14,WL,01:05:00,01:06:00,998.0,62.0,0.0,80.0,20.0,0.0,2,36,22,1705.0,0.3692193858675546,65,66,1,54.0,61.0,8.0,55.25,57.0,4.0
12295,SBC-PPTA SAN,15,RDM,02:39:00,02:40:00,1100.0,57.0,13.33,63.33,23.33,0.01,2,36,21,1603.0,0.40695523492415836,159,160,1,62.0,54.0,-5.0,66.5,38.0,4.0
12295,SBC-PPTA SAN,16,SKZR,03:32:00,03:33:00,1172.0,38.0,3.33,30.0,3.33,63.34,2,36,20,1531.0,0.4335923048464669,212,213,1,57.0,62.0,-19.0,38.5,32.0,4.0
12295,SBC-PPTA SAN,17,BPQ,05:00:00,05:10:00,1241.0,32.0,70.0,13.33,16.67,0.0,2,36,19,1462.0,0.4591194968553459,300,310,10,38.0,57.0,-6.0,32.38,35.0,4.0
12295,SBC-PPTA SAN,18,CD,05:29:00,05:30:00,1255.0,35.0,60.0,23.33,16.67,0.0,2,36,18,1448.0,0.464298927118017,329,330,1,32.0,38.0,3.0,48.88,44.0,4.0
12295,SBC-PPTA SAN,19,SEGM,07:12:00,07:13:00,1377.0,44.0,36.67,46.67,16.67,0.0,2,36,17,1326.0,0.5094339622641509,432,433,1,35.0,32.0,9.0,56.5,31.0,4.0
12295,SBC-PPTA SAN,20,NGP,08:20:00,08:30:00,1453.0,31.0,63.33,20.0,16.67,0.0,2,36,16,1250.0,0.5375508694043655,500,510,10,44.0,35.0,-13.0,95.6,64.0,4.0
12295,SBC-PPTA SAN,22,BZU,11:40:00,11:41:00,1644.0,64.0,6.67,63.33,30.0,0.0,2,36,14,1059.0,0.6082130965593785,700,701,1,31.0,44.0,33.0,45.5,73.0,4.0
12295,SBC-PPTA SAN,23,GDYA,12:22:00,12:24:00,1680.0,73.0,0.0,53.33,46.67,0.0,2,36,13,1023.0,0.6215316315205327,742,744,2,64.0,31.0,9.0,43.0,26.0,4.0
12295,SBC-PPTA SAN,24,ET,14:35:00,14:45:00,1750.0,26.0,80.0,6.67,13.33,0.0,2,36,12,953.0,0.6474287828338883,875,885,10,73.0,64.0,-47.0,33.5,40.0,4.0
12295,SBC-PPTA SAN,25,PPI,15:38:00,15:40:00,1818.0,40.0,50.0,36.67,13.33,0.0,2,36,11,885.0,0.6725860155382908,938,940,2,26.0,73.0,14.0,29.0,54.0,4.0
12295,SBC-PPTA SAN,26,NU,16:40:00,16:42:00,1912.0,54.0,6.67,76.67,16.67,0.0,2,36,10,791.0,0.7073621901590825,1000,1002,2,40.0,26.0,14.0,41.0,43.0,4.0
12295,SBC-PPTA SAN,27,JBP,18:10:00,18:20:00,1996.0,43.0,36.67,46.67,16.67,0.0,2,36,9,707.0,0.7384387717351092,1090,1100,10,54.0,40.0,-11.0,40.5,60.0,4.0
12295,SBC-PPTA SAN,28,KTE,19:30:00,19:35:00,2086.0,60.0,0.0,83.33,16.67,0.0,2,36,8,617.0,0.7717351091379948,1170,1175,5,43.0,54.0,17.0,53.5,70.0,4.0
12295,SBC-PPTA SAN,29,MYR,20:28:00,20:30:00,2149.0,70.0,0.0,83.33,16.67,0.0,2,36,7,554.0,0.7950425453200148,1228,1230,2,60.0,43.0,10.0,49.5,62.0,4.0
12295,SBC-PPTA SAN,30,STA,21:05:00,21:15:00,2185.0,62.0,0.0,83.33,16.67,0.0,2,36,6,518.0,0.808361080281169,1265,1275,10,70.0,60.0,-8.0,41.0,29.0,4.0
12295,SBC-PPTA SAN,32,MZP,02:35:00,02:40:00,2442.0,29.0,43.33,50.0,6.67,0.0,2,36,4,261.0,0.9034406215316315,155,160,5,62.0,70.0,-33.0,25.0,19.0,4.0
12295,SBC-PPTA SAN,34,BXR,06:25:00,06:27:00,2595.0,19.0,70.0,26.67,3.33,0.0,2,36,2,108.0,0.9600443951165372,385,387,2,29.0,62.0,-10.0,26.5,23.0,4.0
12295,SBC-PPTA SAN,35,ARA,07:53:00,07:55:00,2663.0,23.0,56.67,36.67,6.67,0.0,2,36,1,40.0,0.9852016278209397,473,475,2,19.0,29.0,4.0,23.0,4.0,4.0
12296,PNBE-SBC SAN,1,DNR,20:10:00,20:10:00,0.0,5.0,90.0,10.0,0.0,0.0,2,34,33,2683.0,0.0,1210,1210,0,0.0,0.0,5.0,7.12,23.0,45.0
12296,PNBE-SBC SAN,2,ARA,20:38:00,20:40:00,39.0,23.0,43.33,46.67,10.0,0.0,2,34,32,2644.0,0.014535967200894522,1238,1240,2,5.0,0.0,18.0,23.0,34.0,45.0
12296,PNBE-SBC SAN,3,BXR,21:23:00,21:25:00,108.0,34.0,16.67,73.33,10.0,0.0,2,34,31,2575.0,0.04025344763324636,1283,1285,2,23.0,5.0,11.0,26.5,21.0,45.0
12296,PNBE-SBC SAN,5,MZP,00:25:00,00:30:00,261.0,21.0,60.0,30.0,10.0,0.0,2,34,29,2422.0,0.09727916511367872,25,30,5,34.0,23.0,-13.0,25.0,20.0,45.0
12296,PNBE-SBC SAN,7,STA,05:00:00,05:10:00,517.0,20.0,56.67,36.67,6.67,0.0,2,34,27,2166.0,0.19269474468878123,300,310,10,21.0,34.0,-1.0,41.0,29.0,45.0
12296,PNBE-SBC SAN,8,MYR,05:33:00,05:35:00,552.0,29.0,30.0,60.0,10.0,0.0,2,34,26,2131.0,0.20573984345881477,333,335,2,20.0,21.0,9.0,49.5,47.0,45.0
12296,PNBE-SBC SAN,9,KTE,06:25:00,06:30:00,615.0,47.0,3.33,76.67,20.0,0.0,2,34,25,2068.0,0.22922102124487514,385,390,5,29.0,20.0,18.0,53.5,38.0,45.0
12296,PNBE-SBC SAN,10,JBP,08:00:00,08:10:00,706.0,38.0,23.33,63.33,13.33,0.01,2,34,24,1977.0,0.2631382780469624,480,490,10,47.0,29.0,-9.0,40.5,28.0,45.0
12296,PNBE-SBC SAN,11,NU,09:16:00,09:18:00,790.0,28.0,13.33,70.0,16.67,0.0,2,34,23,1893.0,0.2944465150950429,556,558,2,38.0,47.0,-10.0,41.0,18.0,45.0
12296,PNBE-SBC SAN,12,PPI,10:23:00,10:25:00,884.0,18.0,10.0,73.33,16.67,0.0,2,34,22,1799.0,0.3294819232202758,623,625,2,28.0,38.0,-10.0,29.0,8.0,45.0
12296,PNBE-SBC SAN,13,ET,12:35:00,12:45:00,951.0,8.0,83.33,13.33,3.33,0.01,2,34,21,1732.0,0.35445396943719715,755,765,10,18.0,28.0,-10.0,33.5,13.0,45.0
12296,PNBE-SBC SAN,14,GDYA,13:51:00,13:53:00,1021.0,13.0,80.0,13.33,6.67,0.0,2,34,20,1662.0,0.38054416697726423,831,833,2,8.0,18.0,5.0,43.0,27.0,45.0
12296,PNBE-SBC SAN,15,BZU,14:36:00,14:39:00,1058.0,27.0,36.67,53.33,10.0,0.0,2,34,19,1625.0,0.3943346999627283,876,879,3,13.0,8.0,14.0,45.5,22.0,45.0
12296,PNBE-SBC SAN,17,NGP,17:55:00,18:10:00,1248.0,22.0,53.33,36.67,10.0,0.0,2,34,17,1435.0,0.4651509504286247,1075,1090,15,27.0,13.0,-5.0,95.6,41.0,45.0
12296,PNBE-SBC SAN,18,SEGM,19:02:00,19:04:00,1324.0,41.0,13.33,63.33,23.33,0.01,2,34,16,1359.0,0.4934774506149832,1142,1144,2,22.0,27.0,19.0,56.5,25.5,45.0
12296,PNBE-SBC SAN,19,CD,21:07:00,21:10:00,1445.0,25.5,6.67,70.0,23.33,0.0,2,34,15,1238.0,0.5385762206485277,1267,1270,3,41.0,22.0,-15.5,48.88,10.0,45.0
12296,PNBE-SBC SAN,20,BPQ,22:00:00,22:10:00,1459.0,10.0,83.33,16.67,0.0,0.0,2,34,14,1224.0,0.5437942601565412,1320,1330,10,25.5,41.0,-15.5,32.38,39.0,45.0
12296,PNBE-SBC SAN,21,SKZR,22:59:00,23:00:00,1528.0,39.0,3.33,23.33,10.0,63.34,2,34,13,1155.0,0.569511740588893,1379,1380,1,10.0,25.5,29.0,38.5,43.0,45.0
12296,PNBE-SBC SAN,22,RDM,00:02:00,00:03:00,1601.0,43.0,0.0,86.67,13.33,0.0,2,34,12,1082.0,0.5967200894521059,2,3,1,39.0,10.0,4.0,66.5,51.0,45.0
12296,PNBE-SBC SAN,23,WL,01:35:00,01:40:00,1701.0,51.0,6.67,73.33,20.0,0.0,2,34,11,982.0,0.6339918002236302,95,100,5,43.0,39.0,8.0,55.25,23.0,45.0
12296,PNBE-SBC SAN,24,BZA,06:05:00,06:25:00,1906.0,23.0,46.67,46.67,6.67,0.0,2,34,10,777.0,0.7103988073052553,365,385,20,51.0,43.0,-28.0,58.12,29.0,45.0
12296,PNBE-SBC SAN,25,OGL,08:12:00,08:14:00,2044.0,29.0,36.67,53.33,10.0,0.0,2,34,9,639.0,0.761833768169959,492,494,2,23.0,51.0,6.0,64.67,25.0,45.0
12296,PNBE-SBC SAN,26,NLR,10:09:00,10:10:00,2160.0,25.0,46.67,46.67,6.67,0.0,2,34,8,523.0,0.8050689526649273,609,610,1,29.0,23.0,-4.0,68.17,14.0,45.0
12296,PNBE-SBC SAN,27,GDR,11:00:00,11:02:00,2199.0,14.0,80.0,13.33,6.67,0.0,2,34,7,484.0,0.8196049198658218,660,662,2,25.0,29.0,-11.0,58.17,32.0,45.0
12296,PNBE-SBC SAN,29,AJJ,14:50:00,14:55:00,2404.0,32.0,26.67,66.67,6.67,0.0,2,34,5,279.0,0.8960119269474469,890,895,5,14.0,25.0,18.0,31.2,37.0,45.0
12296,PNBE-SBC SAN,30,KPD,15:40:00,15:45:00,2465.0,37.0,46.67,40.0,13.33,0.0,2,34,4,218.0,0.9187476705180768,940,945,5,32.0,14.0,5.0,33.53,31.0,45.0
12296,PNBE-SBC SAN,31,JTJ,17:25:00,17:30:00,2549.0,31.0,56.67,30.0,13.33,0.0,2,34,3,134.0,0.9500559075661573,1045,1050,5,37.0,32.0,-6.0,35.18,46.0,45.0
12296,PNBE-SBC SAN,32,KPN,17:59:00,18:00:00,2592.0,46.0,30.0,56.67,13.33,0.0,2,34,2,91.0,0.9660827431979128,1079,1080,1,31.0,37.0,15.0,38.0,49.0,45.0
12296,PNBE-SBC SAN,33,BWT,18:34:00,18:35:00,2627.0,49.0,20.0,66.67,13.33,0.0,2,34,1,56.0,0.9791278419679463,1114,1115,1,46.0,31.0,3.0,62.0,45.0,45.0
12301,KOLKATA RAJD,1,HWH,16:55:00,16:55:00,0.0,16.0,100.0,0.0,0.0,0.0,2,8,7,1438.0,0.0,1015,1015,0,0.0,0.0,16.0,66.0,3.0,22.0
12301,KOLKATA RAJD,2,DHN,19:55:00,20:00:00,258.0,3.0,100.0,0.0,0.0,0.0,2,8,6,1180.0,0.17941585535465926,1195,1200,5,16.0,0.0,-13.0,12.54,6.0,22.0
12301,KOLKATA RAJD,3,PNME,20:37:00,20:39:00,305.0,6.0,100.0,0.0,0.0,0.0,2,8,5,1133.0,0.2121001390820584,1237,1239,2,3.0,16.0,3.0,20.0,10.5,22.0
12301,KOLKATA RAJD,4,GAYA,22:34:00,22:37:00,456.0,10.5,92.0,4.0,4.0,0.0,2,8,4,982.0,0.31710709318497915,1354,1357,3,6.0,3.0,4.5,16.62,19.0,22.0
12301,KOLKATA RAJD,7,CNB,04:45:00,04:53:00,1007.0,19.0,76.0,20.0,4.0,0.0,2,8,1,431.0,0.700278164116829,285,293,8,10.5,6.0,8.5,21.25,22.0,22.0
12302,KOLKATA RAJD,1,NDLS,16:55:00,16:55:00,0.0,22.0,96.15,0.0,3.85,0.0,2,8,7,1439.0,0.0,1015,1015,0,0.0,0.0,22.0,18.33,22.0,30.0
12302,KOLKATA RAJD,2,CNB,21:35:00,21:40:00,430.0,22.0,84.62,7.69,7.69,0.0,2,8,6,1009.0,0.29881862404447534,1295,1300,5,22.0,0.0,0.0,21.25,23.0,30.0
12302,KOLKATA RAJD,5,GAYA,03:47:00,03:50:00,981.0,23.0,73.08,19.23,7.69,0.0,2,8,3,458.0,0.6817234190410006,227,230,3,22.0,22.0,1.0,16.62,34.0,30.0
12302,KOLKATA RAJD,6,PNME,05:45:00,05:47:00,1133.0,34.0,46.15,46.15,7.69,0.01,2,8,2,306.0,0.7873523280055594,345,347,2,23.0,22.0,11.0,20.0,20.0,30.0
12302,KOLKATA RAJD,7,DHN,06:35:00,06:40:00,1180.0,20.0,88.46,3.85,7.69,0.0,2,8,1,259.0,0.8200138985406532,395,400,5,34.0,23.0,-14.0,12.54,30.0,30.0
12305,KOLKATA RAJD,1,HWH,14:05:00,14:05:00,0.0,2.0,100.0,0.0,0.0,0.0,2,9,8,1516.0,0.0,845,845,0,0.0,0.0,2.0,66.0,19.0,16.0
12305,KOLKATA RAJD,2,BWN,15:06:00,15:08:00,94.0,19.0,0.0,100.0,0.0,0.0,2,9,7,1422.0,0.06200527704485488,906,908,2,2.0,0.0,17.0,9.5,26.0,16.0
12305,KOLKATA RAJD,3,MDP,17:11:00,17:15:00,280.0,26.0,20.0,80.0,0.0,0.0,2,9,6,1236.0,0.18469656992084432,1031,1035,4,19.0,2.0,7.0,14.0,14.0,16.0
12305,KOLKATA RAJD,4,JSME,17:40:00,17:44:00,309.0,14.0,20.0,80.0,0.0,0.0,2,9,5,1207.0,0.2038258575197889,1060,1064,4,26.0,19.0,-12.0,7.5,2.0,16.0
12305,KOLKATA RAJD,5,PNBE,21:00:00,21:10:00,530.0,2.0,100.0,0.0,0.0,0.0,2,9,4,986.0,0.3496042216358839,1260,1270,10,14.0,26.0,-12.0,23.75,21.0,16.0
12305,KOLKATA RAJD,8,CNB,04:45:00,04:53:00,1085.0,21.0,40.0,60.0,0.0,0.0,2,9,1,431.0,0.7156992084432717,285,293,8,2.0,14.0,19.0,21.25,16.0,16.0
12306,KOLKATA RAJD,1,NDLS,16:55:00,16:55:00,0.0,1.0,100.0,0.0,0.0,0.0,2,9,8,1517.0,0.0,1015,1015,0,0.0,0.0,1.0,18.33,4.0,0.0
12306,KOLKATA RAJD,2,CNB,21:35:00,21:40:00,430.0,4.0,100.0,0.0,0.0,0.0,2,9,7,1087.0,0.2834541858932103,1295,1300,5,1.0,0.0,3.0,21.25,1.0,0.0
12306,KOLKATA RAJD,5,PNBE,04:30:00,04:40:00,985.0,1.0,100.0,0.0,0.0,0.0,2,9,4,532.0,0.6493078444297956,270,280,10,4.0,1.0,-3.0,23.75,1.0,0.0
12306,KOLKATA RAJD,6,JSME,08:10:00,08:14:00,1206.0,1.0,100.0,0.0,0.0,0.0,2,9,3,311.0,0.7949901120632828,490,494,4,1.0,4.0,0.0,7.5,2.0,0.0
12306,KOLKATA RAJD,7,MDP,08:39:00,08:41:00,1235.0,2.0,100.0,0.0,0.0,0.0,2,9,2,282.0,0.8141067897165458,519,521,2,1.0,1.0,1.0,14.0,0.0,0.0
12306,KOLKATA RAJD,8,BWN,10:55:00,10:57:00,1422.0,0.0,100.0,0.0,0.0,0.0,2,9,1,95.0,0.9373764007910349,655,657,2,2.0,1.0,-2.0,9.5,0.0,0.0
12313,SDAH RAJDHAN,1,SDAH,16:50:00,16:50:00,0.0,0.0,100.0,0.0,0.0,0.0,2,8,7,1448.0,0.0,1010,1010,0,0.0,0.0,0.0,18.5,8.0,11.0
12313,SDAH RAJDHAN,2,DGR,18:48:00,18:50:00,167.0,8.0,93.33,6.67,0.0,0.0,2,8,6,1281.0,0.11533149171270718,1128,1130,2,0.0,0.0,8.0,17.75,14.0,11.0
12313,SDAH RAJDHAN,3,ASN,19:16:00,19:20:00,209.0,14.0,76.67,23.33,0.0,0.0,2,8,5,1239.0,0.14433701657458564,1156,1160,4,8.0,0.0,6.0,20.67,2.0,11.0
12313,SDAH RAJDHAN,4,DHN,20:20:00,20:25:00,268.0,2.0,96.67,3.33,0.0,0.0,2,8,4,1180.0,0.1850828729281768,1220,1225,5,14.0,8.0,-12.0,12.54,9.0,11.0
12313,SDAH RAJDHAN,5,GAYA,22:51:00,22:54:00,467.0,9.0,96.67,0.0,3.33,0.0,2,8,3,981.0,0.32251381215469616,1371,1374,3,2.0,14.0,7.0,16.62,17.0,11.0
12313,SDAH RAJDHAN,7,CNB,05:10:00,05:18:00,1018.0,17.0,76.67,20.0,3.33,0.0,2,8,1,430.0,0.7030386740331491,310,318,8,9.0,2.0,8.0,21.25,11.0,11.0
12314,SDAH RAJDHAN,1,NDLS,16:25:00,16:25:00,0.0,9.0,96.67,0.0,3.33,0.0,2,8,7,1449.0,0.0,985,985,0,0.0,0.0,9.0,18.33,23.0,19.0
12314,SDAH RAJDHAN,2,CNB,21:15:00,21:20:00,430.0,23.0,80.0,13.33,6.67,0.0,2,8,6,1019.0,0.29675638371290547,1275,1280,5,9.0,0.0,14.0,21.25,24.0,19.0
12314,SDAH RAJDHAN,4,GAYA,03:37:00,03:40:00,981.0,24.0,83.33,10.0,6.67,0.0,2,8,4,468.0,0.6770186335403726,217,220,3,23.0,9.0,1.0,16.62,29.33333333333333,19.0
12314,SDAH RAJDHAN,5,DHN,06:18:00,06:23:00,1180.0,29.33333333333333,90.0,3.33,6.67,0.0,2,8,3,269.0,0.8143547273982057,378,383,5,24.0,23.0,5.333333333333329,12.54,34.666666666666664,19.0
12314,SDAH RAJDHAN,6,ASN,07:11:00,07:13:00,1239.0,34.666666666666664,26.67,63.33,10.0,0.0,2,8,2,210.0,0.855072463768116,431,433,2,29.33333333333333,24.0,5.333333333333336,20.67,40.0,19.0
12314,SDAH RAJDHAN,7,DGR,07:41:00,07:43:00,1281.0,40.0,13.33,76.67,10.0,0.0,2,8,1,168.0,0.8840579710144928,461,463,2,34.666666666666664,29.33333333333333,5.333333333333336,17.75,19.0,19.0
12367,VIKRAMSHILA,1,BGP,11:15:00,11:15:00,0.0,8.0,93.42,0.55,1.64,4.39,2,21,20,1193.0,0.0,675,675,0,0.0,0.0,8.0,9.0,12.0,37.0
12367,VIKRAMSHILA,2,SGG,11:35:00,11:36:00,24.0,12.0,81.64,11.78,1.37,5.21,2,21,19,1169.0,0.020117351215423303,695,696,1,8.0,0.0,4.0,23.0,11.0,37.0
12367,VIKRAMSHILA,3,BUP,12:00:00,12:01:00,42.0,11.0,85.75,7.67,1.37,5.21,2,21,18,1151.0,0.03520536462699078,720,721,1,12.0,8.0,-1.0,26.0,16.0,37.0
12367,VIKRAMSHILA,4,JMP,12:25:00,12:35:00,52.0,16.0,65.21,28.22,1.37,5.2,2,21,17,1141.0,0.04358759430008382,745,755,10,11.0,12.0,5.0,25.0,18.0,37.0
12367,VIKRAMSHILA,5,DRH,12:48:00,12:49:00,64.0,18.0,48.49,44.93,1.37,5.21,2,21,16,1129.0,0.053646269907795474,768,769,1,16.0,11.0,2.0,22.0,18.0,37.0
12367,VIKRAMSHILA,6,AHA,13:02:00,13:03:00,74.0,18.0,52.6,40.82,1.37,5.21,2,21,15,1119.0,0.06202849958088852,782,783,1,18.0,16.0,0.0,22.0,20.0,37.0
12367,VIKRAMSHILA,7,KJH,13:14:00,13:15:00,82.0,20.0,44.66,48.77,1.37,5.2,2,21,14,1111.0,0.06873428331936295,794,795,1,18.0,18.0,2.0,22.5,14.0,37.0
12367,VIKRAMSHILA,8,KIUL,13:57:00,14:17:00,98.0,14.0,79.18,13.97,2.47,4.38,2,21,13,1095.0,0.08214585079631181,837,857,20,20.0,18.0,-6.0,19.0,17.5,37.0
12367,VIKRAMSHILA,9,LKR,14:22:00,14:24:00,99.0,17.5,74.52,18.9,2.19,4.38,2,21,12,1094.0,0.08298407376362113,862,864,2,14.0,20.0,3.5,42.25,21.0,37.0
12367,VIKRAMSHILA,10,BRYA,14:38:00,14:40:00,114.0,21.0,59.73,33.15,2.74,4.38,2,21,11,1079.0,0.09555741827326068,878,880,2,17.5,14.0,3.5,48.0,24.0,37.0
12367,VIKRAMSHILA,11,HTZ,14:50:00,14:52:00,125.0,24.0,43.84,48.77,3.01,4.38,2,21,10,1068.0,0.10477787091366303,890,892,2,21.0,17.5,3.0,48.5,30.0,37.0
12367,VIKRAMSHILA,12,MKA,15:02:00,15:04:00,132.0,30.0,21.92,69.86,3.84,4.38,2,21,9,1061.0,0.11064543168482817,902,904,2,24.0,21.0,6.0,50.5,38.0,37.0
12367,VIKRAMSHILA,13,BARH,15:20:00,15:22:00,157.0,38.0,7.4,83.29,4.93,4.38,2,21,8,1036.0,0.13160100586756077,920,922,2,30.0,24.0,8.0,52.5,41.0,37.0
12367,VIKRAMSHILA,14,BKP,15:37:00,15:39:00,175.0,41.0,6.85,81.37,7.4,4.38,2,21,7,1018.0,0.14668901927912825,937,939,2,38.0,30.0,3.0,53.25,44.5,37.0
12367,VIKRAMSHILA,15,KOO,15:49:00,15:51:00,190.0,44.5,3.29,81.92,10.41,4.38,2,21,6,1003.0,0.15926236378876782,949,951,2,41.0,38.0,3.5,54.25,48.0,37.0
12367,VIKRAMSHILA,16,FUT,15:59:00,16:01:00,199.0,48.0,2.47,79.18,13.97,4.38,2,21,5,994.0,0.16680637049455155,959,961,2,44.5,41.0,3.5,55.5,48.0,37.0
12367,VIKRAMSHILA,17,PNC,16:11:00,16:13:00,211.0,48.0,3.29,76.99,15.34,4.38,2,21,4,982.0,0.1768650461022632,971,973,2,48.0,44.5,0.0,52.0,38.0,37.0
12367,VIKRAMSHILA,18,PNBE,16:45:00,16:55:00,221.0,38.0,18.08,67.95,9.59,4.38,2,21,3,972.0,0.18524727577535624,1005,1015,10,48.0,48.0,-10.0,23.75,53.0,37.0
12367,VIKRAMSHILA,20,CNB,01:40:00,01:48:00,775.0,53.0,28.77,45.75,21.1,4.38,2,21,1,418.0,0.6496227996647108,100,108,8,38.0,48.0,15.0,21.25,37.0,37.0
12368,VIKRAMSHILA,1,ANVT,14:40:00,14:40:00,0.0,30.0,100.0,0.0,0.0,0.0,2,21,20,1193.0,0.0,880,880,0,0.0,0.0,30.0,33.5,30.0,10.0
12368,VIKRAMSHILA,2,CNB,20:25:00,20:35:00,417.0,30.0,16.67,60.0,23.33,0.0,2,21,19,776.0,0.3495389773679799,1225,1235,10,30.0,0.0,0.0,21.25,54.0,10.0
12368,VIKRAMSHILA,4,PNBE,06:20:00,06:30:00,972.0,54.0,10.0,63.33,26.67,0.0,2,21,17,221.0,0.8147527242246437,380,390,10,30.0,30.0,24.0,23.75,56.0,10.0
12368,VIKRAMSHILA,5,PNC,06:45:00,06:47:00,982.0,56.0,10.0,63.33,26.67,0.0,2,21,16,211.0,0.8231349538977368,405,407,2,54.0,30.0,2.0,52.0,63.0,10.0
12368,VIKRAMSHILA,6,FUT,06:58:00,07:00:00,994.0,63.0,0.0,66.67,33.33,0.0,2,21,15,199.0,0.8331936295054484,418,420,2,56.0,54.0,7.0,55.5,64.0,10.0
12368,VIKRAMSHILA,7,KOO,07:06:00,07:08:00,1002.0,64.0,0.0,70.0,30.0,0.0,2,21,14,191.0,0.8398994132439229,426,428,2,63.0,56.0,1.0,54.25,65.5,10.0
12368,VIKRAMSHILA,8,BKP,07:22:00,07:24:00,1017.0,65.5,0.0,66.67,33.33,0.0,2,21,13,176.0,0.8524727577535625,442,444,2,64.0,63.0,1.5,53.25,67.0,10.0
12368,VIKRAMSHILA,9,BARH,07:39:00,07:41:00,1035.0,67.0,0.0,70.0,30.0,0.0,2,21,12,158.0,0.86756077116513,459,461,2,65.5,64.0,1.5,52.5,71.0,10.0
12368,VIKRAMSHILA,10,MKA,08:06:00,08:08:00,1061.0,71.0,0.0,63.33,36.67,0.0,2,21,11,132.0,0.8893545683151718,486,488,2,67.0,65.5,4.0,50.5,73.0,10.0
12368,VIKRAMSHILA,11,HTZ,08:14:00,08:16:00,1068.0,73.0,0.0,56.67,43.33,0.0,2,21,10,125.0,0.8952221290863369,494,496,2,71.0,67.0,2.0,48.5,75.0,10.0
12368,VIKRAMSHILA,12,BRYA,08:30:00,08:32:00,1079.0,75.0,0.0,56.67,43.33,0.0,2,21,9,114.0,0.9044425817267393,510,512,2,73.0,71.0,2.0,48.0,67.0,10.0
12368,VIKRAMSHILA,13,LKR,09:08:00,09:10:00,1094.0,67.0,3.33,66.67,30.0,0.0,2,21,8,99.0,0.9170159262363788,548,550,2,75.0,73.0,-8.0,42.25,24.0,10.0
12368,VIKRAMSHILA,14,KIUL,09:30:00,09:55:00,1095.0,24.0,73.33,13.33,13.33,0.01,2,21,7,98.0,0.9178541492036881,570,595,25,67.0,75.0,-43.0,19.0,25.0,10.0
12368,VIKRAMSHILA,15,KJH,10:13:00,10:14:00,1111.0,25.0,73.33,13.33,13.33,0.0,2,21,6,82.0,0.9312657166806371,613,614,1,24.0,67.0,1.0,22.5,26.0,10.0
12368,VIKRAMSHILA,16,AHA,10:26:00,10:27:00,1118.0,26.0,73.33,13.33,13.33,0.01,2,21,5,75.0,0.9371332774518022,626,627,1,25.0,24.0,1.0,22.0,26.0,10.0
12368,VIKRAMSHILA,17,DRH,10:41:00,10:42:00,1128.0,26.0,73.33,13.33,13.33,0.01,2,21,4,65.0,0.9455155071248952,641,642,1,26.0,25.0,0.0,22.0,34.0,10.0
12368,VIKRAMSHILA,18,JMP,11:04:00,11:14:00,1140.0,34.0,53.33,30.0,16.67,0.0,2,21,3,53.0,0.9555741827326069,664,674,10,26.0,26.0,8.0,25.0,41.0,10.0
12368,VIKRAMSHILA,19,BUP,11:26:00,11:27:00,1151.0,41.0,23.33,60.0,16.67,0.0,2,21,2,42.0,0.9647946353730092,686,687,1,34.0,26.0,7.0,26.0,34.0,10.0
12368,VIKRAMSHILA,20,SGG,11:48:00,11:49:00,1169.0,34.0,50.0,33.33,16.67,0.0,2,21,1,24.0,0.9798826487845766,708,709,1,41.0,34.0,-7.0,23.0,10.0,10.0
12423,DBRT-NDLS RA,2,NTSK,20:15:00,20:25:00,44.0,13.0,73.33,23.33,3.33,0.01,2,22,20,2378.0,0.018166804293971925,1215,1225,10,0.0,0.0,13.0,32.5,21.0,11.0
12423,DBRT-NDLS RA,3,MXN,22:25:00,22:35:00,201.0,21.0,50.0,46.67,3.33,0.0,2,22,19,2221.0,0.08298926507018993,1345,1355,10,13.0,0.0,8.0,30.25,22.0,11.0
12423,DBRT-NDLS RA,4,DMV,00:28:00,00:35:00,309.0,22.0,50.0,46.67,3.33,0.0,2,22,18,2113.0,0.12758051197357556,28,35,7,21.0,13.0,1.0,29.38,27.5,11.0
12423,DBRT-NDLS RA,5,DPU,01:12:00,01:14:00,346.0,27.5,50.0,43.33,6.67,0.0,2,22,17,2076.0,0.14285714285714285,72,74,2,22.0,21.0,5.5,30.75,33.0,11.0
12423,DBRT-NDLS RA,6,LMG,01:58:00,02:02:00,378.0,33.0,30.0,60.0,10.0,0.0,2,22,16,2044.0,0.15606936416184972,118,122,4,27.5,22.0,5.5,31.5,29.0,11.0
12423,DBRT-NDLS RA,7,CPK,03:26:00,03:28:00,468.0,29.0,26.67,63.33,10.0,0.0,2,22,15,1954.0,0.19322873658133774,206,208,2,33.0,27.5,-4.0,28.88,25.0,11.0
12423,DBRT-NDLS RA,8,GHY,05:15:00,05:45:00,559.0,25.0,43.33,53.33,3.33,0.01,2,22,14,1863.0,0.23080099091659786,315,345,30,29.0,33.0,-4.0,54.5,13.0,11.0
12423,DBRT-NDLS RA,9,NBQ,08:08:00,08:10:00,716.0,13.0,70.0,26.67,3.33,0.0,2,22,13,1706.0,0.29562345169281584,488,490,2,25.0,29.0,-12.0,50.33,19.0,11.0
12423,DBRT-NDLS RA,10,KOJ,08:38:00,08:40:00,747.0,19.0,63.33,30.0,6.67,0.0,2,22,12,1675.0,0.30842279108175064,518,520,2,13.0,25.0,6.0,62.5,30.0,11.0
12423,DBRT-NDLS RA,11,NCB,10:05:00,10:07:00,844.0,30.0,30.0,63.33,6.67,0.0,2,22,11,1578.0,0.34847233691164325,605,607,2,19.0,13.0,11.0,57.83,17.0,11.0
12423,DBRT-NDLS RA,12,NJP,12:15:00,12:25:00,970.0,17.0,63.33,30.0,6.67,0.0,2,22,10,1452.0,0.4004954582989265,735,745,10,30.0,19.0,-13.0,55.83,11.0,11.0
12423,DBRT-NDLS RA,13,KNE,13:30:00,13:32:00,1057.0,11.0,63.33,30.0,6.67,0.0,2,22,9,1365.0,0.43641618497109824,810,812,2,17.0,30.0,-6.0,58.5,5.0,11.0
12423,DBRT-NDLS RA,14,KIR,16:10:00,16:35:00,1153.0,5.0,90.0,6.67,3.33,0.0,2,22,8,1269.0,0.4760528488852188,970,995,25,11.0,17.0,-6.0,10.0,8.0,11.0
12423,DBRT-NDLS RA,15,NNA,17:23:00,17:25:00,1210.0,8.0,90.0,6.67,3.33,0.0,2,22,7,1212.0,0.4995871180842279,1043,1045,2,5.0,11.0,3.0,14.5,11.0,11.0
12423,DBRT-NDLS RA,16,BJU,19:05:00,19:15:00,1332.0,11.0,20.0,73.33,6.67,0.0,2,22,6,1090.0,0.5499587118084228,1145,1155,10,8.0,5.0,3.0,9.0,7.0,11.0
12423,DBRT-NDLS RA,17,PPTA,21:40:00,21:50:00,1440.0,7.0,90.0,6.67,3.33,0.0,2,22,5,982.0,0.5945499587118084,1300,1310,10,11.0,8.0,-4.0,8.0,11.0,11.0
12423,DBRT-NDLS RA,18,DNR,22:08:00,22:10:00,1446.0,11.0,86.67,6.67,6.67,0.0,2,22,4,976.0,0.597027250206441,1328,1330,2,7.0,11.0,4.0,7.12,17.0,11.0
12423,DBRT-NDLS RA,21,CNB,05:00:00,05:08:00,1991.0,17.0,60.0,33.33,6.67,0.0,2,22,1,431.0,0.8220478943022296,300,308,8,11.0,7.0,6.0,21.25,11.0,11.0
12424,NDLS-DBRT RA,1,NDLS,16:10:00,16:10:00,0.0,13.0,100.0,0.0,0.0,0.0,2,21,20,2378.0,0.0,970,970,0,0.0,0.0,13.0,18.33,13.0,49.0
12424,NDLS-DBRT RA,2,CNB,21:05:00,21:10:00,430.0,13.0,90.0,6.67,3.33,0.0,2,21,19,1948.0,0.1808242220353238,1265,1270,5,13.0,0.0,0.0,21.25,8.5,49.0
12424,NDLS-DBRT RA,5,DNR,04:00:00,04:02:00,975.0,8.5,96.67,0.0,3.33,0.0,2,21,16,1403.0,0.4100084104289319,240,242,2,13.0,13.0,-4.5,7.12,9.0,49.0
12424,NDLS-DBRT RA,6,PPTA,04:20:00,04:30:00,981.0,9.0,96.67,0.0,3.33,0.0,2,21,15,1397.0,0.41253153910849455,260,270,10,8.5,13.0,0.5,8.0,7.0,49.0
12424,NDLS-DBRT RA,7,BJU,06:35:00,06:45:00,1089.0,7.0,93.33,3.33,3.33,0.01,2,21,14,1289.0,0.4579478553406224,395,405,10,9.0,8.5,-2.0,9.0,21.0,49.0
12424,NDLS-DBRT RA,8,NNA,08:28:00,08:30:00,1212.0,21.0,56.67,40.0,3.33,0.0,2,21,13,1166.0,0.5096719932716569,508,510,2,7.0,9.0,14.0,14.5,15.0,49.0
12424,NDLS-DBRT RA,9,KIR,09:55:00,10:20:00,1269.0,15.0,83.33,13.33,3.33,0.01,2,21,12,1109.0,0.5336417157275021,595,620,25,21.0,7.0,-6.0,10.0,19.5,49.0
12424,NDLS-DBRT RA,10,KNE,11:40:00,11:42:00,1364.0,19.5,6.67,90.0,3.33,0.0,2,21,11,1014.0,0.5735912531539108,700,702,2,15.0,21.0,4.5,58.5,24.0,49.0
12424,NDLS-DBRT RA,11,NJP,13:20:00,13:30:00,1452.0,24.0,56.67,40.0,3.33,0.0,2,21,10,926.0,0.6105971404541631,800,810,10,19.5,15.0,4.5,55.83,15.0,49.0
12424,NDLS-DBRT RA,12,NCB,15:51:00,15:53:00,1578.0,15.0,83.33,13.33,3.33,0.01,2,21,9,800.0,0.663582842724979,951,953,2,24.0,19.5,-9.0,57.83,30.0,49.0
12424,NDLS-DBRT RA,13,KOJ,17:08:00,17:10:00,1675.0,30.0,33.33,63.33,3.33,0.01,2,21,8,703.0,0.7043734230445753,1028,1030,2,15.0,24.0,15.0,62.5,19.0,49.0
12424,NDLS-DBRT RA,14,NBQ,17:56:00,17:58:00,1706.0,19.0,80.0,16.67,3.33,0.0,2,21,7,672.0,0.7174095878889823,1076,1078,2,30.0,15.0,-11.0,50.33,30.0,49.0
12424,NDLS-DBRT RA,15,GHY,20:20:00,20:45:00,1863.0,30.0,53.33,40.0,6.67,0.0,2,21,6,515.0,0.7834314550042052,1220,1245,25,19.0,30.0,11.0,54.5,26.5,49.0
12424,NDLS-DBRT RA,16,CPK,22:20:00,22:22:00,1954.0,26.5,60.0,33.33,6.67,0.0,2,21,5,424.0,0.8216989066442388,1340,1342,2,30.0,19.0,-3.5,28.88,23.0,49.0
12424,NDLS-DBRT RA,17,LMG,00:02:00,00:04:00,2044.0,23.0,70.0,23.33,6.67,0.0,2,21,4,334.0,0.8595458368376787,2,4,2,26.5,30.0,-3.5,31.5,26.0,49.0
12424,NDLS-DBRT RA,18,DPU,00:37:00,00:39:00,2076.0,26.0,70.0,20.0,10.0,0.0,2,21,3,302.0,0.8730025231286795,37,39,2,23.0,26.5,3.0,30.75,26.5,49.0
12424,NDLS-DBRT RA,19,DMV,01:35:00,01:42:00,2113.0,26.5,53.33,36.67,10.0,0.0,2,21,2,265.0,0.8885618166526493,95,102,7,26.0,23.0,0.5,29.38,27.0,49.0
12424,NDLS-DBRT RA,20,MXN,03:32:00,03:42:00,2221.0,27.0,66.67,23.33,10.0,0.0,2,21,1,157.0,0.9339781328847772,212,222,10,26.5,26.0,0.5,30.25,49.0,49.0
12433,MAS-NZM RAJD,1,MAS,06:10:00,06:10:00,0.0,2.0,100.0,0.0,0.0,0.0,2,10,9,2156.0,0.0,370,370,0,0.0,0.0,2.0,17.67,14.0,2.0
12433,MAS-NZM RAJD,2,BZA,11:50:00,12:05:00,429.0,14.0,44.44,55.56,0.0,0.0,2,10,8,1727.0,0.1989795918367347,710,725,15,2.0,0.0,12.0,58.12,18.0,2.0
12433,MAS-NZM RAJD,3,WL,14:39:00,14:40:00,636.0,18.0,33.33,66.67,0.0,0.0,2,10,7,1520.0,0.2949907235621521,879,880,1,14.0,2.0,4.0,55.25,13.0,2.0
12433,MAS-NZM RAJD,4,BPQ,17:50:00,18:00:00,880.0,13.0,66.67,33.33,0.0,0.0,2,10,6,1276.0,0.40816326530612246,1070,1080,10,18.0,14.0,-5.0,32.38,16.0,2.0
12433,MAS-NZM RAJD,5,NGP,20:35:00,20:45:00,1092.0,16.0,77.78,22.22,0.0,0.0,2,10,5,1064.0,0.5064935064935064,1235,1245,10,13.0,18.0,3.0,95.6,7.0,2.0
12433,MAS-NZM RAJD,6,BPL,02:00:00,02:10:00,1481.0,7.0,77.78,22.22,0.0,0.0,2,10,4,675.0,0.6869202226345084,120,130,10,16.0,13.0,-9.0,28.75,13.0,2.0
12433,MAS-NZM RAJD,8,GWL,06:30:00,06:32:00,1868.0,13.0,66.67,33.33,0.0,0.0,2,10,2,288.0,0.8664192949907236,390,392,2,7.0,16.0,6.0,33.6,7.0,2.0
12433,MAS-NZM RAJD,9,AGC,07:55:00,07:57:00,1975.0,7.0,88.89,11.11,0.0,0.0,2,10,1,181.0,0.9160482374768089,475,477,2,13.0,7.0,-6.0,28.58,2.0,2.0
12434,NZM-MAS RAJD,1,NZM,15:55:00,15:55:00,0.0,0.0,100.0,0.0,0.0,0.0,2,10,9,2155.0,0.0,955,955,0,0.0,0.0,0.0,21.08,10.0,16.0
12434,NZM-MAS RAJD,2,AGC,18:00:00,18:02:00,183.0,10.0,77.78,22.22,0.0,0.0,2,10,8,1972.0,0.08491879350348028,1080,1082,2,0.0,0.0,10.0,28.58,7.0,16.0
12434,NZM-MAS RAJD,3,GWL,19:23:00,19:25:00,290.0,7.0,88.89,11.11,0.0,0.0,2,10,7,1865.0,0.1345707656612529,1163,1165,2,10.0,0.0,-3.0,33.6,10.0,16.0
12434,NZM-MAS RAJD,5,BPL,23:55:00,00:05:00,677.0,10.0,100.0,0.0,0.0,0.0,2,10,5,1478.0,0.31415313225058006,1435,5,0,7.0,10.0,3.0,28.75,6.0,16.0
12434,NZM-MAS RAJD,6,NGP,05:25:00,05:35:00,1066.0,6.0,77.78,22.22,0.0,0.0,2,10,4,1089.0,0.49466357308584685,325,335,10,10.0,7.0,-4.0,95.6,1.0,16.0
12434,NZM-MAS RAJD,7,BPQ,08:10:00,08:20:00,1277.0,1.0,100.0,0.0,0.0,0.0,2,10,3,878.0,0.5925754060324826,490,500,10,6.0,10.0,-5.0,32.38,7.0,16.0
12434,NZM-MAS RAJD,8,WL,11:25:00,11:26:00,1519.0,7.0,88.89,11.11,0.0,0.0,2,10,2,636.0,0.7048723897911833,685,686,1,1.0,6.0,6.0,55.25,16.0,16.0
12434,NZM-MAS RAJD,9,BZA,14:15:00,14:30:00,1725.0,16.0,66.67,33.33,0.0,0.0,2,10,1,430.0,0.8004640371229699,855,870,15,7.0,1.0,9.0,58.12,16.0,16.0
12509,SBC -GHY EXP,2,KJM,23:51:00,23:53:00,9.0,23.0,33.33,58.33,8.33,0.01,2,42,40,2983.0,0.0030080213903743314,1431,1433,2,0.0,0.0,23.0,63.0,23.0,208.0
12509,SBC -GHY EXP,3,BWT,00:38:00,00:40:00,65.0,23.0,41.67,50.0,8.33,0.0,2,42,39,2927.0,0.021724598930481284,38,40,2,23.0,0.0,0.0,62.0,15.0,208.0
12509,SBC -GHY EXP,4,JTJ,02:05:00,02:10:00,143.0,15.0,66.67,25.0,8.33,0.0,2,42,38,2849.0,0.04779411764705882,125,130,5,23.0,23.0,-8.0,35.18,11.0,208.0
12509,SBC -GHY EXP,5,KPD,03:15:00,03:20:00,227.0,11.0,83.33,16.67,0.0,0.0,2,42,37,2765.0,0.07586898395721925,195,200,5,15.0,23.0,-4.0,33.53,21.0,208.0
12509,SBC -GHY EXP,6,AJJ,04:08:00,04:10:00,288.0,21.0,25.0,66.67,8.33,0.0,2,42,36,2704.0,0.0962566844919786,248,250,2,11.0,15.0,10.0,31.2,43.0,208.0
12509,SBC -GHY EXP,8,OGL,10:49:00,10:50:00,648.0,43.0,8.33,83.33,8.33,0.0,2,42,34,2344.0,0.21657754010695188,649,650,1,21.0,11.0,22.0,64.67,55.0,208.0
12509,SBC -GHY EXP,9,BZA,13:05:00,13:20:00,786.0,55.0,8.33,50.0,41.67,0.0,2,42,33,2206.0,0.2627005347593583,785,800,15,43.0,21.0,12.0,58.12,70.0,208.0
12509,SBC -GHY EXP,10,RJY,15:27:00,15:29:00,936.0,70.0,8.33,50.0,41.67,0.0,2,42,32,2056.0,0.31283422459893045,927,929,2,55.0,43.0,15.0,107.08,48.0,208.0
12509,SBC -GHY EXP,11,VSKP,19:10:00,19:30:00,1137.0,48.0,33.33,41.67,25.0,0.0,2,42,31,1855.0,0.3800133689839572,1150,1170,20,70.0,55.0,-22.0,74.33,62.0,208.0
12509,SBC -GHY EXP,12,VZM,20:30:00,20:35:00,1197.0,62.0,25.0,25.0,50.0,0.0,2,42,30,1795.0,0.4000668449197861,1230,1235,5,48.0,70.0,14.0,80.17,71.0,208.0
12509,SBC -GHY EXP,13,CHE,21:30:00,21:32:00,1267.0,71.0,8.33,25.0,66.67,0.0,2,42,29,1725.0,0.4234625668449198,1290,1292,2,62.0,48.0,9.0,93.0,65.0,208.0
12509,SBC -GHY EXP,14,PSA,22:45:00,22:47:00,1340.0,65.0,8.33,41.67,50.0,0.0,2,42,28,1652.0,0.44786096256684493,1365,1367,2,71.0,62.0,-6.0,89.0,77.0,208.0
12509,SBC -GHY EXP,15,BAM,23:40:00,23:42:00,1413.0,77.0,0.0,25.0,75.0,0.0,2,42,27,1579.0,0.47225935828877,1420,1422,2,65.0,71.0,12.0,93.0,82.0,208.0
12509,SBC -GHY EXP,16,BALU,00:37:00,00:39:00,1489.0,82.0,0.0,16.67,83.33,0.0,2,42,26,1503.0,0.49766042780748665,37,39,2,77.0,65.0,5.0,107.75,79.0,208.0
12509,SBC -GHY EXP,17,KUR,01:45:00,02:00:00,1560.0,79.0,8.33,16.67,75.0,0.0,2,42,25,1432.0,0.5213903743315508,105,120,15,82.0,77.0,-3.0,94.83,79.0,208.0
12509,SBC -GHY EXP,18,BBS,02:25:00,02:30:00,1579.0,79.0,0.0,25.0,75.0,0.0,2,42,24,1413.0,0.5277406417112299,145,150,5,79.0,82.0,0.0,89.12,0.0,208.0
12509,SBC -GHY EXP,19,CTC,03:00:00,03:05:00,1606.0,0.0,100.0,0.0,0.0,0.0,2,42,23,1386.0,0.5367647058823529,180,185,5,79.0,79.0,-79.0,81.17,58.0,208.0
12509,SBC -GHY EXP,20,JJKR,03:56:00,03:58:00,1678.0,58.0,0.0,0.0,100.0,0.0,2,42,22,1314.0,0.5608288770053476,236,238,2,0.0,79.0,58.0,85.33,116.0,208.0
12509,SBC -GHY EXP,21,BHC,05:33:00,05:35:00,1722.0,116.0,0.0,0.0,100.0,0.0,2,42,21,1270.0,0.5755347593582888,333,335,2,58.0,0.0,58.0,78.42,174.0,208.0
12509,SBC -GHY EXP,22,BLS,06:20:00,06:22:00,1784.0,174.0,0.0,0.0,100.0,0.0,2,42,20,1208.0,0.5962566844919787,380,382,2,116.0,58.0,58.0,93.42,205.0,208.0
12509,SBC -GHY EXP,23,KGP,08:15:00,08:30:00,1905.0,205.0,0.0,0.0,100.0,0.0,2,42,19,1087.0,0.6366978609625669,495,510,15,174.0,116.0,31.0,99.5,249.0,208.0
12509,SBC -GHY EXP,26,BHP,13:18:00,13:23:00,2167.0,249.0,0.0,0.0,100.0,0.0,2,42,16,825.0,0.7242647058823529,798,803,5,205.0,174.0,44.0,136.5,245.0,208.0
12509,SBC -GHY EXP,27,RPH,14:26:00,14:28:00,2227.0,245.0,0.0,0.0,100.0,0.0,2,42,15,765.0,0.7443181818181818,866,868,2,249.0,205.0,-4.0,132.0,208.0,208.0
12509,SBC -GHY EXP,28,NFK,16:14:00,16:16:00,2314.0,208.0,0.0,0.0,100.0,0.0,2,42,14,678.0,0.7733957219251337,974,976,2,245.0,249.0,-37.0,68.75,197.0,208.0
12509,SBC -GHY EXP,29,MLDT,17:15:00,17:30:00,2349.0,197.0,0.0,0.0,100.0,0.0,2,42,13,643.0,0.7850935828877005,1035,1050,15,208.0,245.0,-11.0,63.25,222.0,208.0
12509,SBC -GHY EXP,30,BOE,18:40:00,18:42:00,2437.0,222.0,0.0,0.0,100.0,0.0,2,42,12,555.0,0.8145053475935828,1120,1122,2,197.0,208.0,25.0,68.25,238.0,208.0
12509,SBC -GHY EXP,31,KNE,19:30:00,19:32:00,2494.0,238.0,0.0,0.0,100.0,0.0,2,42,11,498.0,0.8335561497326203,1170,1172,2,222.0,197.0,16.0,58.5,241.0,208.0
12509,SBC -GHY EXP,32,NJP,21:25:00,21:45:00,2581.0,241.0,0.0,0.0,100.0,0.0,2,42,10,411.0,0.8626336898395722,1285,1305,20,238.0,222.0,3.0,55.83,219.0,208.0
12509,SBC -GHY EXP,33,JPE,22:30:00,22:32:00,2615.0,219.0,0.0,0.0,100.0,0.0,2,42,9,377.0,0.8739973262032086,1350,1352,2,241.0,238.0,-22.0,75.5,221.0,208.0
12509,SBC -GHY EXP,34,DQG,23:00:00,23:02:00,2647.0,221.0,0.0,0.0,100.0,0.0,2,42,8,345.0,0.8846925133689839,1380,1382,2,219.0,241.0,2.0,78.75,225.0,208.0
12509,SBC -GHY EXP,35,NCB,23:55:00,23:57:00,2708.0,225.0,0.0,0.0,100.0,0.0,2,42,7,284.0,0.9050802139037433,1435,1437,2,221.0,219.0,4.0,57.83,232.0,208.0
12509,SBC -GHY EXP,36,NOQ,00:18:00,00:20:00,2726.0,232.0,0.0,0.0,100.0,0.0,2,42,6,266.0,0.911096256684492,18,20,2,225.0,221.0,7.0,74.75,252.0,208.0
12509,SBC -GHY EXP,37,KOJ,01:15:00,01:17:00,2804.0,252.0,0.0,0.0,100.0,0.0,2,42,5,188.0,0.9371657754010695,75,77,2,232.0,225.0,20.0,62.5,222.0,208.0
12509,SBC -GHY EXP,38,NBQ,02:20:00,02:25:00,2836.0,222.0,0.0,0.0,100.0,0.0,2,42,4,156.0,0.9478609625668449,140,145,5,252.0,232.0,-30.0,50.33,230.0,208.0
12509,SBC -GHY EXP,39,BPRD,03:00:00,03:02:00,2880.0,230.0,0.0,0.0,100.0,0.0,2,42,3,112.0,0.9625668449197861,180,182,2,222.0,252.0,8.0,74.75,248.0,208.0
12509,SBC -GHY EXP,40,RNY,04:00:00,04:05:00,2945.0,248.0,0.0,0.0,100.0,0.0,2,42,2,47.0,0.9842914438502673,240,245,5,230.0,222.0,18.0,77.75,225.0,208.0
12509,SBC -GHY EXP,41,KYQ,05:05:00,05:07:00,2986.0,225.0,0.0,0.0,100.0,0.0,2,42,1,6.0,0.9979946524064172,305,307,2,248.0,230.0,-23.0,72.0,208.0,208.0
12510,GHY-SBC EXP,1,GHY,06:20:00,06:20:00,0.0,2.0,100.0,0.0,0.0,0.0,2,39,38,2983.0,0.0,380,380,0,0.0,0.0,2.0,54.5,5.0,208.0
12510,GHY-SBC EXP,2,KYQ,06:35:00,06:37:00,6.0,5.0,100.0,0.0,0.0,0.0,2,39,37,2977.0,0.002011397921555481,395,397,2,2.0,0.0,3.0,72.0,8.0,208.0
12510,GHY-SBC EXP,3,RNY,07:15:00,07:20:00,47.0,8.0,92.31,7.69,0.0,0.0,2,39,36,2936.0,0.015755950385517935,435,440,5,5.0,2.0,3.0,77.75,14.0,208.0
12510,GHY-SBC EXP,4,BPRD,08:17:00,08:19:00,112.0,14.0,61.54,38.46,0.0,0.0,2,39,35,2871.0,0.03754609453570231,497,499,2,8.0,5.0,6.0,74.75,3.0,208.0
12510,GHY-SBC EXP,5,NBQ,09:40:00,09:45:00,156.0,3.0,100.0,0.0,0.0,0.0,2,39,34,2827.0,0.052296345960442504,580,585,5,14.0,8.0,-11.0,50.33,7.0,208.0
12510,GHY-SBC EXP,6,KOJ,10:13:00,10:15:00,188.0,7.0,92.31,7.69,0.0,0.0,2,39,33,2795.0,0.06302380154207174,613,615,2,3.0,14.0,4.0,62.5,18.0,208.0
12510,GHY-SBC EXP,7,NOQ,11:10:00,11:12:00,266.0,18.0,30.77,69.23,0.0,0.0,2,39,32,2717.0,0.08917197452229299,670,672,2,7.0,3.0,11.0,74.75,21.0,208.0
12510,GHY-SBC EXP,8,NCB,11:40:00,11:42:00,284.0,21.0,23.08,76.92,0.0,0.0,2,39,31,2699.0,0.09520616828695944,700,702,2,18.0,7.0,3.0,57.83,29.0,208.0
12510,GHY-SBC EXP,9,DQG,12:30:00,12:32:00,345.0,29.0,7.69,92.31,0.0,0.0,2,39,30,2638.0,0.11565538048944016,750,752,2,21.0,18.0,8.0,78.75,22.0,208.0
12510,GHY-SBC EXP,10,JPE,13:13:00,13:15:00,377.0,22.0,38.46,61.54,0.0,0.0,2,39,29,2606.0,0.1263828360710694,793,795,2,29.0,21.0,-7.0,75.5,8.0,208.0
12510,GHY-SBC EXP,11,NJP,14:10:00,14:25:00,411.0,8.0,76.92,23.08,0.0,0.0,2,39,28,2572.0,0.13778075762655045,850,865,15,22.0,29.0,-14.0,55.83,20.0,208.0
12510,GHY-SBC EXP,12,KNE,15:36:00,15:38:00,498.0,20.0,69.23,30.77,0.0,0.0,2,39,27,2485.0,0.16694602748910492,936,938,2,8.0,22.0,12.0,58.5,19.0,208.0
12510,GHY-SBC EXP,13,BOE,16:28:00,16:30:00,555.0,19.0,38.46,61.54,0.0,0.0,2,39,26,2428.0,0.18605430774388199,988,990,2,20.0,8.0,-1.0,68.25,12.0,208.0
12510,GHY-SBC EXP,14,MLDT,18:30:00,18:45:00,643.0,12.0,76.92,15.38,7.69,0.01,2,39,25,2340.0,0.2155548105933624,1110,1125,15,19.0,20.0,-7.0,63.25,21.0,208.0
12510,GHY-SBC EXP,15,NFK,19:17:00,19:19:00,678.0,21.0,69.23,15.38,15.38,0.01,2,39,24,2305.0,0.22728796513576935,1157,1159,2,12.0,19.0,9.0,68.75,19.0,208.0
12510,GHY-SBC EXP,16,RPH,21:03:00,21:05:00,765.0,19.0,69.23,15.38,15.38,0.01,2,39,23,2218.0,0.25645323499832384,1263,1265,2,21.0,12.0,-2.0,132.0,24.0,208.0
12510,GHY-SBC EXP,17,BHP,21:53:00,21:58:00,825.0,24.0,53.85,30.77,15.38,0.0,2,39,22,2158.0,0.27656721421387864,1313,1318,5,19.0,21.0,5.0,136.5,78.0,208.0
12510,GHY-SBC EXP,19,KGP,02:45:00,03:00:00,1088.0,78.0,0.0,46.15,53.85,0.0,2,39,20,1895.0,0.3647334897753939,165,180,15,24.0,19.0,54.0,99.5,87.5,208.0
12510,GHY-SBC EXP,20,BLS,04:25:00,04:27:00,1209.0,87.5,0.0,23.08,76.92,0.0,2,39,19,1774.0,0.40529668119342943,265,267,2,78.0,24.0,9.5,93.42,97.0,208.0
12510,GHY-SBC EXP,21,BHC,05:23:00,05:25:00,1271.0,97.0,0.0,23.08,76.92,0.0,2,39,18,1712.0,0.4260811263828361,323,325,2,87.5,78.0,9.5,78.42,97.0,208.0
12510,GHY-SBC EXP,22,JJKR,05:54:00,05:56:00,1315.0,97.0,0.0,23.08,76.92,0.0,2,39,17,1668.0,0.44083137780757625,354,356,2,97.0,87.5,0.0,85.33,131.0,208.0
12510,GHY-SBC EXP,23,CTC,06:50:00,06:55:00,1387.0,131.0,0.0,15.38,84.62,0.0,2,39,16,1596.0,0.46496815286624205,410,415,5,97.0,97.0,34.0,81.17,124.0,208.0
12510,GHY-SBC EXP,24,BBS,07:35:00,07:40:00,1414.0,124.0,0.0,7.69,92.31,0.0,2,39,15,1569.0,0.4740194435132417,455,460,5,131.0,97.0,-7.0,89.12,119.0,208.0
12510,GHY-SBC EXP,25,KUR,08:10:00,08:30:00,1433.0,119.0,0.0,15.38,84.62,0.0,2,39,14,1550.0,0.48038887026483407,490,510,20,124.0,131.0,-5.0,94.83,126.0,208.0
12510,GHY-SBC EXP,26,BALU,09:18:00,09:20:00,1503.0,126.0,0.0,7.69,92.31,0.0,2,39,13,1480.0,0.503855179349648,558,560,2,119.0,124.0,7.0,107.75,123.0,208.0
12510,GHY-SBC EXP,27,BAM,10:30:00,10:35:00,1579.0,123.0,0.0,7.69,92.31,0.0,2,39,12,1404.0,0.5293328863560174,630,635,5,126.0,119.0,-3.0,93.0,110.0,208.0
12510,GHY-SBC EXP,28,PSA,12:08:00,12:10:00,1653.0,110.0,0.0,15.38,84.62,0.0,2,39,11,1330.0,0.554140127388535,728,730,2,123.0,126.0,-13.0,89.0,112.0,208.0
12510,GHY-SBC EXP,29,CHE,13:03:00,13:05:00,1726.0,112.0,0.0,15.38,84.62,0.0,2,39,10,1257.0,0.5786121354341267,783,785,2,110.0,123.0,2.0,93.0,124.0,208.0
12510,GHY-SBC EXP,30,VZM,14:00:00,14:05:00,1795.0,124.0,0.0,7.69,92.31,0.0,2,39,9,1188.0,0.6017432115320147,840,845,5,112.0,110.0,12.0,80.17,133.0,208.0
12510,GHY-SBC EXP,31,VSKP,15:30:00,15:50:00,1856.0,133.0,0.0,15.38,84.62,0.0,2,39,8,1127.0,0.6221924237344955,930,950,20,124.0,112.0,9.0,74.33,161.0,208.0
12510,GHY-SBC EXP,32,RJY,18:53:00,18:55:00,2057.0,161.0,0.0,15.38,84.62,0.0,2,39,7,926.0,0.6895742541066041,1133,1135,2,133.0,124.0,28.0,107.08,158.0,208.0
12510,GHY-SBC EXP,33,BZA,21:40:00,21:45:00,2206.0,158.0,0.0,15.38,84.62,0.0,2,39,6,777.0,0.7395239691585652,1300,1305,5,161.0,133.0,-3.0,58.12,201.0,208.0
12510,GHY-SBC EXP,35,AJJ,05:45:00,05:50:00,2705.0,201.0,7.69,0.0,92.31,0.0,2,39,4,278.0,0.9068052296345961,345,350,5,158.0,161.0,43.0,31.2,187.0,208.0
12510,GHY-SBC EXP,36,KPD,06:35:00,06:40:00,2765.0,187.0,7.69,7.69,84.62,0.0,2,39,3,218.0,0.9269192088501509,395,400,5,201.0,158.0,-14.0,33.53,182.0,208.0
12510,GHY-SBC EXP,37,JTJ,08:18:00,08:20:00,2849.0,182.0,7.69,7.69,84.62,0.0,2,39,2,134.0,0.9550787797519276,498,500,2,187.0,201.0,-5.0,35.18,198.0,208.0
12510,GHY-SBC EXP,38,BWT,09:38:00,09:40:00,2927.0,198.0,7.69,7.69,84.62,0.0,2,39,1,56.0,0.9812269527321489,578,580,2,182.0,187.0,16.0,62.0,208.0,208.0
12621,MAS-NDLS TAM,1,MAS,22:00:00,22:00:00,0.0,17.0,96.99,2.74,0.27,0.0,2,12,11,2163.0,0.0,1320,1320,0,0.0,0.0,17.0,17.67,17.0,54.0
12621,MAS-NDLS TAM,2,BZA,04:10:00,04:20:00,429.0,17.0,59.18,37.26,3.01,0.55,2,12,10,1734.0,0.19833564493758668,250,260,10,17.0,0.0,0.0,58.12,28.0,54.0
12621,MAS-NDLS TAM,3,WL,07:03:00,07:05:00,636.0,28.0,32.6,61.64,4.93,0.83,2,12,9,1527.0,0.29403606102635227,423,425,2,17.0,17.0,11.0,55.25,22.0,54.0
12621,MAS-NDLS TAM,4,BPQ,11:00:00,11:10:00,880.0,22.0,53.97,38.9,6.3,0.83,2,12,8,1283.0,0.4068423485899214,660,670,10,28.0,17.0,-6.0,32.38,37.0,54.0
12621,MAS-NDLS TAM,5,NGP,14:10:00,14:20:00,1092.0,37.0,26.58,63.29,9.59,0.54,2,12,7,1071.0,0.5048543689320388,850,860,10,22.0,28.0,15.0,95.6,29.0,54.0
12621,MAS-NDLS TAM,6,ET,18:40:00,18:45:00,1389.0,29.0,67.95,20.27,11.78,0.0,2,12,6,774.0,0.6421636615811374,1120,1125,5,37.0,22.0,-8.0,33.5,31.5,54.0
12621,MAS-NDLS TAM,7,BPL,20:10:00,20:20:00,1481.0,31.5,67.4,20.82,11.78,0.0,2,12,5,682.0,0.6846971798428109,1210,1220,10,29.0,37.0,2.5,28.75,51.0,54.0
12621,MAS-NDLS TAM,9,GWL,01:37:00,01:40:00,1868.0,51.0,15.07,66.3,18.63,0.0,2,12,3,295.0,0.8636153490522422,97,100,3,31.5,29.0,19.5,33.6,49.0,54.0
12621,MAS-NDLS TAM,10,AGC,03:50:00,03:53:00,1975.0,49.0,43.01,37.26,19.73,0.0,2,12,2,188.0,0.9130836800739713,230,233,3,51.0,31.5,-2.0,28.58,53.0,54.0
12621,MAS-NDLS TAM,11,NZM,06:42:00,06:44:00,2156.0,53.0,47.95,33.42,18.63,0.0,2,12,1,7.0,0.9967637540453075,402,404,2,49.0,51.0,4.0,21.08,54.0,54.0
12622,NDLS-MAS TAM,1,NDLS,00:00:00,22:30:00,0.0,16.0,93.97,1.37,4.66,0.0,2,11,10,2163.0,0.0,0,1350,1350,0.0,0.0,16.0,18.33,37.0,36.0
12622,NDLS-MAS TAM,2,AGC,01:00:00,01:03:00,191.0,37.0,25.21,67.4,7.4,0.0,2,11,9,1972.0,0.08830328247803976,60,63,3,16.0,0.0,21.0,28.58,31.0,36.0
12622,NDLS-MAS TAM,3,GWL,02:32:00,02:35:00,298.0,31.0,61.64,29.04,9.32,0.0,2,11,8,1865.0,0.13777161349976885,152,155,3,37.0,16.0,-6.0,33.6,39.0,36.0
12622,NDLS-MAS TAM,5,BPL,07:50:00,08:00:00,684.0,39.0,59.18,27.4,13.42,0.0,2,11,6,1479.0,0.31622746185852985,470,480,10,31.0,37.0,8.0,28.75,35.0,36.0
12622,NDLS-MAS TAM,6,ET,09:40:00,09:45:00,776.0,35.0,78.36,7.95,13.7,0.0,2,11,5,1387.0,0.3587609801202034,580,585,5,39.0,31.0,-4.0,33.5,45.0,36.0
12622,NDLS-MAS TAM,7,NGP,14:00:00,14:10:00,1073.0,45.0,58.36,28.22,13.42,0.0,2,11,4,1090.0,0.4960702727693019,840,850,10,35.0,39.0,10.0,95.6,46.0,36.0
12622,NDLS-MAS TAM,8,BPQ,17:30:00,17:40:00,1284.0,46.0,61.92,22.19,15.62,0.27,2,11,3,879.0,0.5936199722607489,1050,1060,10,45.0,35.0,1.0,32.38,64.0,36.0
12622,NDLS-MAS TAM,9,WL,20:48:00,20:50:00,1526.0,64.0,23.56,55.07,21.1,0.27,2,11,2,637.0,0.7055016181229773,1248,1250,2,46.0,45.0,18.0,55.25,67.0,36.0
12622,NDLS-MAS TAM,10,BZA,00:15:00,00:25:00,1733.0,67.0,25.75,53.15,21.1,0.0,2,11,1,430.0,0.801202034211743,15,25,10,64.0,46.0,3.0,58.12,36.0,36.0
12625,KERALA EXPRE,1,TVC,11:15:00,11:15:00,0.0,7.0,94.52,4.93,0.55,0.0,2,43,42,3013.0,0.0,675,675,0,0.0,0.0,7.0,39.75,8.0,50.0
12625,KERALA EXPRE,2,VAK,11:49:00,11:50:00,41.0,8.0,89.59,9.59,0.82,0.0,2,43,41,2972.0,0.013607699966810488,709,710,1,7.0,0.0,1.0,57.0,10.0,50.0
12625,KERALA EXPRE,3,QLN,12:15:00,12:20:00,64.0,10.0,87.12,12.05,0.82,0.01,2,43,40,2949.0,0.02124128775307003,735,740,5,8.0,7.0,2.0,42.5,13.5,50.0
12625,KERALA EXPRE,4,KYJ,13:00:00,13:02:00,105.0,13.5,64.93,33.97,1.1,0.0,2,43,39,2908.0,0.03484898771988052,780,782,2,10.0,8.0,3.5,44.42,17.0,50.0
12625,KERALA EXPRE,5,MVLK,13:12:00,13:13:00,113.0,17.0,58.36,40.55,1.1,0.0,2,43,38,2900.0,0.03750414868901427,792,793,1,13.5,10.0,3.5,66.0,17.0,50.0
12625,KERALA EXPRE,6,CNGR,13:23:00,13:25:00,125.0,17.0,53.42,45.48,1.1,0.0,2,43,37,2888.0,0.0414868901427149,803,805,2,17.0,13.5,0.0,41.58,21.0,50.0
12625,KERALA EXPRE,7,TRVL,13:35:00,13:36:00,134.0,21.0,38.63,60.0,1.37,0.0,2,43,36,2879.0,0.04447394623299038,815,816,1,17.0,17.0,4.0,42.17,21.0,50.0
12625,KERALA EXPRE,8,CGY,13:46:00,13:47:00,142.0,21.0,41.64,56.71,1.64,0.01,2,43,35,2871.0,0.047129107202124126,826,827,1,21.0,17.0,0.0,67.0,22.0,50.0
12625,KERALA EXPRE,9,KTYM,14:15:00,14:18:00,160.0,22.0,33.7,63.84,2.47,0.0,2,43,34,2853.0,0.05310321938267507,855,858,3,21.0,21.0,1.0,43.25,23.0,50.0
12625,KERALA EXPRE,10,VARD,14:39:00,14:40:00,185.0,23.0,36.71,60.82,2.47,0.0,2,43,33,2828.0,0.061400597411218054,879,880,1,22.0,21.0,1.0,67.5,27.0,50.0
12625,KERALA EXPRE,12,AWY,16:13:00,16:15:00,239.0,27.0,24.93,70.96,4.11,0.0,2,43,31,2774.0,0.07932293395287089,973,975,2,23.0,22.0,4.0,54.75,30.0,50.0
12625,KERALA EXPRE,13,TCR,17:15:00,17:18:00,294.0,30.0,10.14,85.48,4.38,0.0,2,43,30,2719.0,0.09757716561566546,1035,1038,3,27.0,23.0,3.0,37.0,17.0,50.0
12625,KERALA EXPRE,14,OTP,18:03:00,18:05:00,339.0,17.0,70.14,26.85,3.01,0.0,2,43,29,2674.0,0.11251244606704282,1083,1085,2,30.0,27.0,-13.0,67.0,26.0,50.0
12625,KERALA EXPRE,15,PGT,18:40:00,18:45:00,370.0,26.0,25.48,71.23,3.29,0.0,2,43,28,2643.0,0.12280119482243611,1120,1125,5,17.0,30.0,9.0,34.0,17.0,50.0
12625,KERALA EXPRE,16,CBE,19:55:00,20:00:00,424.0,17.0,65.48,31.23,3.29,0.0,2,43,27,2589.0,0.14072353136408894,1195,1200,5,26.0,17.0,-9.0,18.2,18.0,50.0
12625,KERALA EXPRE,17,TUP,20:48:00,20:50:00,475.0,18.0,61.1,35.62,3.29,0.0,2,43,26,2538.0,0.15765018254231664,1248,1250,2,17.0,26.0,1.0,25.35,20.0,50.0
12625,KERALA EXPRE,18,ED,21:50:00,22:00:00,525.0,20.0,53.42,43.29,3.29,0.0,2,43,25,2488.0,0.1742449385994026,1310,1320,10,18.0,17.0,2.0,28.7,18.0,50.0
12625,KERALA EXPRE,19,SA,22:55:00,23:00:00,584.0,18.0,58.36,38.36,3.29,0.0,2,43,24,2429.0,0.19382675074676403,1375,1380,5,20.0,18.0,-2.0,26.25,12.0,50.0
12625,KERALA EXPRE,20,JTJ,00:43:00,00:45:00,705.0,12.0,89.86,7.4,2.74,0.0,2,43,23,2308.0,0.23398606040491204,43,45,2,18.0,20.0,-6.0,35.18,9.0,50.0
12625,KERALA EXPRE,21,KPD,02:00:00,02:02:00,789.0,9.0,93.7,4.11,2.19,0.0,2,43,22,2224.0,0.26186525058081644,120,122,2,12.0,18.0,-3.0,33.53,17.0,50.0
12625,KERALA EXPRE,22,CTO,02:39:00,02:40:00,821.0,17.0,65.21,31.78,3.01,0.0,2,43,21,2192.0,0.2724858944573515,159,160,1,9.0,12.0,8.0,61.0,20.0,50.0
12625,KERALA EXPRE,23,TPTY,03:55:00,03:57:00,894.0,20.0,56.16,40.82,3.01,0.01,2,43,20,2119.0,0.296714238300697,235,237,2,17.0,9.0,3.0,67.0,31.0,50.0
12625,KERALA EXPRE,24,RU,04:10:00,04:20:00,903.0,31.0,15.34,80.82,3.84,0.0,2,43,19,2110.0,0.29970129439097243,250,260,10,20.0,17.0,11.0,48.17,19.0,50.0
12625,KERALA EXPRE,25,GDR,05:55:00,05:57:00,987.0,19.0,53.7,42.47,3.01,0.82,2,43,18,2026.0,0.3275804845668769,355,357,2,31.0,20.0,-12.0,58.17,27.0,50.0
12625,KERALA EXPRE,26,NLR,06:22:00,06:23:00,1025.0,27.0,26.85,68.49,3.84,0.82,2,43,17,1988.0,0.3401924991702622,382,383,1,19.0,31.0,8.0,68.17,20.0,50.0
12625,KERALA EXPRE,27,BZA,10:00:00,10:15:00,1279.0,20.0,57.53,36.71,4.93,0.83,2,43,16,1734.0,0.4244938599402589,600,615,15,27.0,19.0,-7.0,58.12,84.0,50.0
12625,KERALA EXPRE,28,WL,13:00:00,13:05:00,1486.0,84.0,1.1,15.62,82.47,0.81,2,43,15,1527.0,0.4931961500165948,780,785,5,20.0,27.0,64.0,55.25,48.0,50.0
12625,KERALA EXPRE,29,RDM,14:40:00,14:41:00,1588.0,48.0,18.9,52.6,27.67,0.83,2,43,14,1425.0,0.5270494523730501,880,881,1,84.0,20.0,-36.0,66.5,18.0,50.0
12625,KERALA EXPRE,30,BPQ,17:00:00,17:10:00,1730.0,18.0,75.62,18.36,5.21,0.81,2,43,13,1283.0,0.5741785595751743,1020,1030,10,48.0,84.0,-30.0,32.38,19.0,50.0
12625,KERALA EXPRE,31,CD,17:26:00,17:29:00,1744.0,19.0,65.75,27.95,5.48,0.82,2,43,12,1269.0,0.5788250912711583,1046,1049,3,18.0,48.0,1.0,48.88,38.0,50.0
12625,KERALA EXPRE,32,SEGM,19:00:00,19:01:00,1866.0,38.0,15.07,72.05,12.05,0.83,2,43,11,1147.0,0.619316296050448,1140,1141,1,19.0,18.0,19.0,56.5,50.0,50.0
12625,KERALA EXPRE,33,NGP,20:05:00,20:15:00,1942.0,50.0,6.3,71.78,21.1,0.82,2,43,10,1071.0,0.6445403252572187,1205,1215,10,38.0,19.0,12.0,95.6,28.0,50.0
12625,KERALA EXPRE,34,ET,01:00:00,01:10:00,2239.0,28.0,54.52,36.99,8.49,0.0,2,43,9,774.0,0.7431131762363093,60,70,10,50.0,38.0,-22.0,33.5,28.0,50.0
12625,KERALA EXPRE,35,BPL,02:55:00,03:00:00,2331.0,28.0,57.26,34.52,8.22,0.0,2,43,8,682.0,0.7736475273813475,175,180,5,28.0,50.0,0.0,28.75,25.0,50.0
12625,KERALA EXPRE,36,BINA,04:55:00,05:00:00,2469.0,25.0,70.96,20.27,8.77,0.0,2,43,7,544.0,0.8194490540989048,295,300,5,28.0,28.0,-3.0,36.25,45.0,50.0
12625,KERALA EXPRE,38,GWL,08:20:00,08:25:00,2717.0,45.0,39.45,43.29,17.26,0.0,2,43,5,296.0,0.9017590441420511,500,505,5,25.0,28.0,20.0,33.6,43.0,50.0
12625,KERALA EXPRE,39,AGC,10:20:00,10:25:00,2824.0,43.0,58.36,23.01,18.63,0.0,2,43,4,189.0,0.9372718221042151,620,625,5,45.0,25.0,-2.0,28.58,60.0,50.0
12625,KERALA EXPRE,40,MTJ,11:10:00,11:13:00,2878.0,60.0,13.15,63.29,23.56,0.0,2,43,3,135.0,0.9551941586458679,670,673,3,43.0,45.0,17.0,29.25,45.0,50.0
12625,KERALA EXPRE,41,FDB,12:49:00,12:51:00,2988.0,45.0,60.82,18.36,20.82,0.0,2,43,2,25.0,0.991702621971457,769,771,2,60.0,43.0,-15.0,32.21,60.0,50.0
12625,KERALA EXPRE,42,NZM,13:21:00,13:23:00,3006.0,60.0,47.67,27.67,24.66,0.0,2,43,1,7.0,0.997676734152008,801,803,2,45.0,60.0,15.0,21.08,50.0,50.0
12626,NDLS-TVC KER,1,NDLS,11:25:00,11:25:00,0.0,35.0,84.38,3.84,11.78,0.0,2,42,41,3010.0,0.0,685,685,0,0.0,0.0,35.0,18.33,63.0,93.0
12626,NDLS-TVC KER,2,MTJ,13:18:00,13:21:00,137.0,63.0,13.7,70.96,15.34,0.0,2,42,40,2873.0,0.045514950166112955,798,801,3,35.0,0.0,28.0,29.25,68.0,93.0
12626,NDLS-TVC KER,3,AGC,14:05:00,14:10:00,191.0,68.0,5.75,77.53,16.16,0.56,2,42,39,2819.0,0.06345514950166113,845,850,5,63.0,35.0,5.0,28.58,64.0,93.0
12626,NDLS-TVC KER,4,GWL,16:05:00,16:10:00,298.0,64.0,39.45,43.56,16.44,0.55,2,42,38,2712.0,0.09900332225913622,965,970,5,68.0,63.0,-4.0,33.6,68.0,93.0
12626,NDLS-TVC KER,6,BINA,19:50:00,19:55:00,546.0,68.0,65.75,15.62,18.63,0.0,2,42,36,2464.0,0.1813953488372093,1190,1195,5,64.0,68.0,4.0,36.25,80.0,93.0
12626,NDLS-TVC KER,7,BPL,21:40:00,21:45:00,684.0,80.0,42.74,36.99,20.27,0.0,2,42,35,2326.0,0.22724252491694352,1300,1305,5,68.0,64.0,12.0,28.75,76.0,93.0
12626,NDLS-TVC KER,8,ET,23:45:00,23:55:00,776.0,76.0,54.25,26.03,19.73,0.0,2,42,34,2234.0,0.2578073089700997,1425,1435,10,80.0,68.0,-4.0,33.5,88.0,93.0
12626,NDLS-TVC KER,9,NGP,04:00:00,04:10:00,1073.0,88.0,30.96,48.22,20.55,0.27,2,42,33,1937.0,0.35647840531561464,240,250,10,76.0,80.0,12.0,95.6,103.0,93.0
12626,NDLS-TVC KER,10,SEGM,05:11:00,05:13:00,1149.0,103.0,9.32,60.27,30.14,0.27,2,42,32,1861.0,0.3817275747508306,311,313,2,88.0,76.0,15.0,56.5,116.0,93.0
12626,NDLS-TVC KER,11,CD,06:52:00,06:55:00,1270.0,116.0,1.92,58.36,39.45,0.27,2,42,31,1740.0,0.4219269102990033,412,415,3,103.0,88.0,13.0,48.88,117.0,93.0
12626,NDLS-TVC KER,12,BPQ,07:40:00,07:50:00,1284.0,117.0,46.58,29.86,23.29,0.27,2,42,30,1726.0,0.42657807308970097,460,470,10,116.0,103.0,1.0,32.38,118.0,93.0
12626,NDLS-TVC KER,13,RDM,09:30:00,09:32:00,1426.0,118.0,1.37,57.26,41.1,0.27,2,42,29,1584.0,0.47375415282392025,570,572,2,117.0,116.0,1.0,66.5,128.0,93.0
12626,NDLS-TVC KER,14,WL,11:02:00,11:07:00,1526.0,128.0,1.37,47.12,51.23,0.28,2,42,28,1484.0,0.5069767441860465,662,667,5,118.0,117.0,10.0,55.25,98.0,93.0
12626,NDLS-TVC KER,15,BZA,14:45:00,15:00:00,1733.0,98.0,26.85,43.84,29.04,0.27,2,42,27,1277.0,0.5757475083056478,885,900,15,128.0,118.0,-30.0,58.12,103.0,93.0
12626,NDLS-TVC KER,16,NLR,18:08:00,18:10:00,1987.0,103.0,24.38,41.1,34.25,0.27,2,42,26,1023.0,0.6601328903654485,1088,1090,2,98.0,128.0,5.0,68.17,107.0,93.0
12626,NDLS-TVC KER,17,GDR,19:14:00,19:20:00,2025.0,107.0,23.56,39.73,36.44,0.27,2,42,25,985.0,0.6727574750830565,1154,1160,6,103.0,98.0,4.0,58.17,107.0,93.0
12626,NDLS-TVC KER,18,RU,20:30:00,20:40:00,2108.0,107.0,33.15,31.23,35.62,0.0,2,42,24,902.0,0.7003322259136212,1230,1240,10,107.0,103.0,0.0,48.17,114.0,93.0
12626,NDLS-TVC KER,19,TPTY,20:58:00,21:00:00,2118.0,114.0,13.7,49.59,36.71,0.0,2,42,23,892.0,0.7036544850498339,1258,1260,2,107.0,107.0,7.0,67.0,105.0,93.0
12626,NDLS-TVC KER,20,CTO,21:58:00,22:00:00,2190.0,105.0,36.99,28.22,34.79,0.0,2,42,22,820.0,0.7275747508305648,1318,1320,2,114.0,107.0,-9.0,61.0,98.0,93.0
12626,NDLS-TVC KER,21,KPD,23:10:00,23:12:00,2223.0,98.0,54.52,12.88,32.6,0.0,2,42,21,787.0,0.7385382059800665,1390,1392,2,105.0,114.0,-7.0,33.53,101.5,93.0
12626,NDLS-TVC KER,22,JTJ,00:33:00,00:35:00,2307.0,101.5,57.26,9.32,33.42,0.0,2,42,20,703.0,0.7664451827242524,33,35,2,98.0,105.0,3.5,35.18,105.0,93.0
12626,NDLS-TVC KER,23,SA,02:10:00,02:15:00,2425.0,105.0,49.04,16.99,33.97,0.0,2,42,19,585.0,0.8056478405315615,130,135,5,101.5,98.0,3.5,26.25,105.0,93.0
12626,NDLS-TVC KER,24,ED,03:15:00,03:20:00,2485.0,105.0,46.58,19.45,33.97,0.0,2,42,18,525.0,0.8255813953488372,195,200,5,105.0,101.5,0.0,28.7,107.5,93.0
12626,NDLS-TVC KER,25,TUP,04:03:00,04:05:00,2535.0,107.5,42.19,22.74,35.07,0.0,2,42,17,475.0,0.8421926910299004,243,245,2,105.0,105.0,2.5,25.35,110.0,93.0
12626,NDLS-TVC KER,26,CBE,05:05:00,05:10:00,2585.0,110.0,37.81,27.4,34.25,0.54,2,42,16,425.0,0.8588039867109635,305,310,5,107.5,105.0,2.5,18.2,108.0,93.0
12626,NDLS-TVC KER,27,PGT,06:20:00,06:25:00,2640.0,108.0,44.66,23.01,32.33,0.0,2,42,15,370.0,0.8770764119601329,380,385,5,110.0,107.5,-2.0,34.0,117.0,93.0
12626,NDLS-TVC KER,28,OTP,06:53:00,06:55:00,2671.0,117.0,16.71,49.32,33.97,0.0,2,42,14,339.0,0.887375415282392,413,415,2,108.0,110.0,9.0,67.0,110.0,93.0
12626,NDLS-TVC KER,29,TCR,07:42:00,07:45:00,2716.0,110.0,20.0,49.04,30.96,0.0,2,42,13,294.0,0.9023255813953488,462,465,3,117.0,108.0,-7.0,37.0,121.0,93.0
12626,NDLS-TVC KER,30,AWY,08:40:00,08:42:00,2771.0,121.0,5.75,60.55,33.7,0.0,2,42,12,239.0,0.9205980066445183,520,522,2,110.0,117.0,11.0,54.75,112.0,93.0
12626,NDLS-TVC KER,32,VARD,10:37:00,10:38:00,2824.0,112.0,38.63,29.86,31.51,0.0,2,42,10,186.0,0.9382059800664452,637,638,1,121.0,110.0,-9.0,67.5,113.0,93.0
12626,NDLS-TVC KER,33,KTYM,11:27:00,11:30:00,2849.0,113.0,39.45,29.04,31.51,0.0,2,42,9,161.0,0.9465116279069767,687,690,3,112.0,121.0,1.0,43.25,113.0,93.0
12626,NDLS-TVC KER,34,CGY,11:50:00,11:51:00,2867.0,113.0,42.47,26.58,30.96,0.0,2,42,8,143.0,0.9524916943521595,710,711,1,113.0,112.0,0.0,67.0,113.0,93.0
12626,NDLS-TVC KER,35,TRVL,12:01:00,12:02:00,2875.0,113.0,42.19,26.3,31.51,0.0,2,42,7,135.0,0.9551495016611296,721,722,1,113.0,113.0,0.0,42.17,114.0,93.0
12626,NDLS-TVC KER,36,CNGR,12:11:00,12:13:00,2884.0,114.0,39.45,29.04,31.51,0.0,2,42,6,126.0,0.958139534883721,731,733,2,113.0,113.0,1.0,41.58,115.0,93.0
12626,NDLS-TVC KER,37,MVLK,12:23:00,12:24:00,2896.0,115.0,38.36,30.41,31.23,0.0,2,42,5,114.0,0.9621262458471761,743,744,1,114.0,113.0,1.0,66.0,117.0,93.0
12626,NDLS-TVC KER,38,KYJ,12:35:00,12:37:00,2904.0,117.0,32.05,36.99,30.96,0.0,2,42,4,106.0,0.9647840531561461,755,757,2,115.0,114.0,2.0,44.42,123.0,93.0
12626,NDLS-TVC KER,39,QLN,13:15:00,13:20:00,2945.0,123.0,16.99,51.78,31.23,0.0,2,42,3,65.0,0.978405315614618,795,800,5,117.0,115.0,6.0,42.5,126.0,93.0
12626,NDLS-TVC KER,40,VAK,13:42:00,13:43:00,2969.0,126.0,13.15,53.42,33.42,0.01,2,42,2,41.0,0.9863787375415283,822,823,1,123.0,117.0,3.0,57.0,107.0,93.0
12626,NDLS-TVC KER,41,TVP,14:09:00,14:10:00,3008.0,107.0,55.89,17.26,26.85,0.0,2,42,1,2.0,0.9993355481727575,849,850,1,126.0,123.0,-19.0,107.0,93.0,93.0
12631,MS-TEN NELLA,1,MS,20:10:00,20:10:00,0.0,3.0,99.45,0.27,0.27,0.01,2,15,14,649.0,0.0,1210,1210,0,0.0,0.0,3.0,3.67,6.0,17.0
12631,MS-TEN NELLA,2,TBM,20:38:00,20:40:00,24.0,6.0,97.26,2.19,0.55,0.0,2,15,13,625.0,0.03697996918335902,1238,1240,2,3.0,0.0,3.0,12.92,7.0,17.0
12631,MS-TEN NELLA,3,CGL,21:08:00,21:10:00,55.0,7.0,96.16,3.29,0.55,0.0,2,15,12,594.0,0.0847457627118644,1268,1270,2,6.0,3.0,1.0,10.78,11.0,17.0
12631,MS-TEN NELLA,4,MLMR,21:33:00,21:35:00,91.0,11.0,82.47,16.99,0.55,0.0,2,15,11,558.0,0.14021571648690292,1293,1295,2,7.0,6.0,4.0,15.25,17.0,17.0
12631,MS-TEN NELLA,5,TMV,21:58:00,22:00:00,121.0,17.0,59.45,40.0,0.55,0.0,2,15,10,528.0,0.1864406779661017,1318,1320,2,11.0,7.0,6.0,16.75,10.0,17.0
12631,MS-TEN NELLA,6,VM,22:40:00,22:45:00,158.0,10.0,82.74,16.71,0.55,0.0,2,15,9,491.0,0.24345146379044685,1360,1365,5,17.0,11.0,-7.0,9.5,12.0,17.0
12631,MS-TEN NELLA,7,VRI,23:30:00,23:32:00,212.0,12.0,75.62,23.56,0.82,0.0,2,15,8,437.0,0.3266563944530046,1410,1412,2,10.0,17.0,2.0,13.83,11.0,17.0
12631,MS-TEN NELLA,8,TPJ,01:30:00,01:35:00,335.0,11.0,78.36,20.55,1.1,0.0,2,15,7,314.0,0.5161787365177196,90,95,5,12.0,10.0,-1.0,12.83,13.0,17.0
12631,MS-TEN NELLA,9,DG,02:48:00,02:50:00,429.0,13.0,72.05,26.58,1.37,0.0,2,15,6,220.0,0.6610169491525424,168,170,2,11.0,12.0,2.0,14.0,16.0,17.0
12631,MS-TEN NELLA,10,SDN,03:18:00,03:19:00,470.0,16.0,58.36,40.27,1.37,0.0,2,15,5,179.0,0.724191063174114,198,199,1,13.0,11.0,3.0,16.0,13.0,17.0
12631,MS-TEN NELLA,11,MDU,03:50:00,03:55:00,492.0,13.0,68.22,30.68,1.1,0.0,2,15,4,157.0,0.7580893682588598,230,235,5,16.0,13.0,-3.0,11.62,16.0,17.0
12631,MS-TEN NELLA,12,VPT,04:34:00,04:35:00,535.0,16.0,61.64,37.53,0.82,0.01,2,15,3,114.0,0.8243451463790447,274,275,1,13.0,16.0,3.0,12.33,15.0,17.0
12631,MS-TEN NELLA,13,SRT,04:54:00,04:55:00,562.0,15.0,60.55,38.36,1.1,0.0,2,15,2,87.0,0.8659476117103235,294,295,1,16.0,13.0,-1.0,11.17,17.0,17.0
12631,MS-TEN NELLA,14,CVP,05:16:00,05:17:00,584.0,17.0,56.44,42.47,1.1,0.0,2,15,1,65.0,0.8998459167950693,316,317,1,15.0,16.0,2.0,11.83,17.0,17.0
12632,TEN-MS NELLA,1,TEN,19:45:00,19:45:00,0.0,3.0,99.18,0.82,0.0,0.0,2,16,15,649.0,0.0,1185,1185,0,0.0,0.0,3.0,8.17,8.0,9.0
12632,TEN-MS NELLA,2,CVP,20:33:00,20:35:00,65.0,8.0,96.16,3.84,0.0,0.0,2,16,14,584.0,0.10015408320493066,1233,1235,2,3.0,0.0,5.0,11.83,9.0,9.0
12632,TEN-MS NELLA,3,SRT,20:54:00,20:55:00,86.0,9.0,90.96,9.04,0.0,0.0,2,16,13,563.0,0.1325115562403698,1254,1255,1,8.0,3.0,1.0,11.17,7.0,9.0
12632,TEN-MS NELLA,4,VPT,21:18:00,21:20:00,113.0,7.0,96.16,3.84,0.0,0.0,2,16,12,536.0,0.17411402157164868,1278,1280,2,9.0,8.0,-2.0,12.33,11.0,9.0
12632,TEN-MS NELLA,5,MDU,22:10:00,22:15:00,156.0,11.0,78.9,21.1,0.0,0.0,2,16,11,493.0,0.24036979969183359,1330,1335,5,7.0,9.0,4.0,11.62,13.0,9.0
12632,TEN-MS NELLA,6,SDN,22:29:00,22:30:00,177.0,13.0,71.23,28.77,0.0,0.0,2,16,10,472.0,0.2727272727272727,1349,1350,1,11.0,7.0,2.0,16.0,9.0,9.0
12632,TEN-MS NELLA,7,DG,23:13:00,23:15:00,218.0,9.0,85.21,14.79,0.0,0.0,2,16,9,431.0,0.3359013867488444,1393,1395,2,13.0,11.0,-4.0,14.0,7.0,9.0
12632,TEN-MS NELLA,8,TPJ,00:50:00,00:55:00,313.0,7.0,91.78,8.22,0.0,0.0,2,16,8,336.0,0.48228043143297383,50,55,5,9.0,13.0,-2.0,12.83,22.0,9.0
12632,TEN-MS NELLA,9,VRI,02:38:00,02:40:00,436.0,22.0,36.16,62.74,1.1,0.0,2,16,7,213.0,0.6718027734976888,158,160,2,7.0,9.0,15.0,13.83,16.0,9.0
12632,TEN-MS NELLA,10,VM,03:40:00,03:45:00,490.0,16.0,54.79,43.56,1.64,0.01,2,16,6,159.0,0.7550077041602465,220,225,5,22.0,7.0,-6.0,9.5,19.0,9.0
12632,TEN-MS NELLA,11,TMV,04:18:00,04:20:00,528.0,19.0,39.18,58.9,1.64,0.28,2,16,5,121.0,0.8135593220338984,258,260,2,16.0,22.0,3.0,16.75,20.0,9.0
12632,TEN-MS NELLA,12,MLMR,04:43:00,04:45:00,558.0,20.0,37.53,60.55,1.64,0.28,2,16,4,91.0,0.8597842835130971,283,285,2,19.0,16.0,1.0,15.25,19.0,9.0
12632,TEN-MS NELLA,13,CGL,05:18:00,05:20:00,593.0,19.0,44.38,53.42,1.92,0.28,2,16,3,56.0,0.9137134052388289,318,320,2,20.0,19.0,-1.0,10.78,24.0,9.0
12632,TEN-MS NELLA,14,TBM,05:48:00,05:50:00,624.0,24.0,27.12,69.59,2.74,0.55,2,16,2,25.0,0.9614791987673343,348,350,2,19.0,20.0,5.0,12.92,9.0,9.0
12632,TEN-MS NELLA,15,MBM,06:09:00,06:10:00,642.0,9.0,89.32,9.04,1.1,0.54,2,16,1,7.0,0.9892141756548536,369,370,1,24.0,19.0,-15.0,5.33,9.0,9.0
12637,PANDIAN EXP,1,MS,21:40:00,21:40:00,0.0,2.0,99.45,0.55,0.0,0.0,2,11,10,492.0,0.0,1300,1300,0,0.0,0.0,2.0,3.67,4.0,21.0
12637,PANDIAN EXP,2,TBM,22:08:00,22:10:00,24.0,4.0,99.18,0.82,0.0,0.0,2,11,9,468.0,0.04878048780487805,1328,1330,2,2.0,0.0,2.0,12.92,4.666666666666667,21.0
12637,PANDIAN EXP,3,CGL,22:38:00,22:40:00,55.0,4.666666666666667,98.9,1.1,0.0,0.0,2,11,8,437.0,0.11178861788617886,1358,1360,2,4.0,2.0,0.666666666666667,10.78,6.0,21.0
12637,PANDIAN EXP,4,VM,23:53:00,23:58:00,158.0,6.0,95.07,4.66,0.27,0.0,2,11,7,334.0,0.32113821138211385,1433,1438,5,4.666666666666667,4.0,1.333333333333333,9.5,7.0,21.0
12637,PANDIAN EXP,5,VRI,00:38:00,00:40:00,212.0,7.0,96.44,3.29,0.27,0.0,2,11,6,280.0,0.43089430894308944,38,40,2,6.0,4.666666666666667,1.0,13.83,8.0,21.0
12637,PANDIAN EXP,6,TPJ,02:45:00,02:50:00,335.0,8.0,84.93,14.79,0.27,0.01,2,11,5,157.0,0.6808943089430894,165,170,5,7.0,6.0,1.0,12.83,14.0,21.0
12637,PANDIAN EXP,7,MPA,03:20:00,03:21:00,372.0,14.0,63.29,36.44,0.27,0.0,2,11,4,120.0,0.7560975609756098,200,201,1,8.0,7.0,6.0,11.25,17.0,21.0
12637,PANDIAN EXP,8,DG,04:15:00,04:20:00,429.0,17.0,55.62,43.56,0.82,0.0,2,11,3,63.0,0.8719512195121951,255,260,5,14.0,8.0,3.0,14.0,19.0,21.0
12637,PANDIAN EXP,9,ABI,04:30:00,04:31:00,440.0,19.0,44.66,54.52,0.82,0.0,2,11,2,52.0,0.8943089430894309,270,271,1,17.0,14.0,2.0,14.5,21.0,21.0
12637,PANDIAN EXP,10,KQN,04:40:00,04:41:00,451.0,21.0,33.7,65.21,1.1,0.0,2,11,1,41.0,0.9166666666666666,280,281,1,19.0,17.0,2.0,17.75,21.0,21.0
12638,MDU-MS PANDI,1,MDU,20:35:00,20:35:00,0.0,1.0,100.0,0.0,0.0,0.0,2,12,11,492.0,0.0,1235,1235,0,0.0,0.0,1.0,11.62,6.0,7.0
12638,MDU-MS PANDI,2,KQN,21:09:00,21:10:00,40.0,6.0,95.89,4.11,0.0,0.0,2,12,10,452.0,0.08130081300813008,1269,1270,1,1.0,0.0,5.0,17.75,10.0,7.0
12638,MDU-MS PANDI,3,ABI,21:23:00,21:24:00,51.0,10.0,91.78,8.22,0.0,0.0,2,12,9,441.0,0.10365853658536585,1283,1284,1,6.0,1.0,4.0,14.5,7.0,7.0
12638,MDU-MS PANDI,4,DG,21:39:00,21:40:00,62.0,7.0,96.44,3.56,0.0,0.0,2,12,8,430.0,0.12601626016260162,1299,1300,1,10.0,6.0,-3.0,14.0,8.0,7.0
12638,MDU-MS PANDI,5,MPA,22:24:00,22:25:00,119.0,8.0,93.7,6.3,0.0,0.0,2,12,7,373.0,0.241869918699187,1344,1345,1,7.0,10.0,1.0,11.25,6.0,7.0
12638,MDU-MS PANDI,6,TPJ,23:05:00,23:10:00,156.0,6.0,95.89,4.11,0.0,0.0,2,12,6,336.0,0.3170731707317073,1385,1390,5,8.0,7.0,-2.0,12.83,21.0,7.0
12638,MDU-MS PANDI,7,VRI,00:38:00,00:40:00,279.0,21.0,36.99,62.47,0.55,0.0,2,12,5,213.0,0.5670731707317073,38,40,2,6.0,8.0,15.0,13.83,12.0,7.0
12638,MDU-MS PANDI,8,VM,01:55:00,02:00:00,334.0,12.0,84.38,14.79,0.82,0.01,2,12,4,158.0,0.6788617886178862,115,120,5,21.0,6.0,-9.0,9.5,18.0,7.0
12638,MDU-MS PANDI,9,CGL,03:33:00,03:35:00,437.0,18.0,49.04,48.77,1.92,0.27,2,12,3,55.0,0.8882113821138211,213,215,2,12.0,21.0,6.0,10.78,23.0,7.0
12638,MDU-MS PANDI,10,TBM,04:03:00,04:05:00,467.0,23.0,32.33,64.93,2.47,0.27,2,12,2,25.0,0.9491869918699187,243,245,2,18.0,12.0,5.0,12.92,7.0,7.0
12638,MDU-MS PANDI,11,MBM,04:24:00,04:25:00,485.0,7.0,93.15,5.75,0.82,0.28,2,12,1,7.0,0.9857723577235772,264,265,1,23.0,18.0,-16.0,5.33,7.0,7.0
12673,MAS-CBE CHER,1,MAS,22:10:00,22:10:00,0.0,2.0,98.9,0.27,0.0,0.83,2,8,7,491.0,0.0,1330,1330,0,0.0,0.0,2.0,17.67,16.0,13.0
12673,MAS-CBE CHER,2,AJJ,22:58:00,23:00:00,68.0,16.0,55.34,44.38,0.27,0.01,2,8,6,423.0,0.1384928716904277,1378,1380,2,2.0,0.0,14.0,31.2,21.0,13.0
12673,MAS-CBE CHER,3,JTJ,01:18:00,01:20:00,212.0,21.0,70.96,27.67,1.37,0.0,2,8,5,279.0,0.4317718940936864,78,80,2,16.0,2.0,5.0,35.18,25.0,13.0
12673,MAS-CBE CHER,4,SA,02:45:00,02:50:00,331.0,25.0,23.01,74.79,2.19,0.01,2,8,4,160.0,0.6741344195519349,165,170,5,21.0,16.0,4.0,26.25,25.0,13.0
12673,MAS-CBE CHER,5,ED,03:55:00,04:00:00,390.0,25.0,21.37,76.44,2.19,0.0,2,8,3,101.0,0.7942973523421588,235,240,5,25.0,21.0,0.0,28.7,24.0,13.0
12673,MAS-CBE CHER,6,TUP,04:43:00,04:45:00,441.0,24.0,22.74,75.34,1.92,0.0,2,8,2,50.0,0.8981670061099797,283,285,2,25.0,25.0,-1.0,25.35,13.0,13.0
12673,MAS-CBE CHER,7,CBF,05:24:00,05:25:00,488.0,13.0,70.68,28.49,0.82,0.01,2,8,1,3.0,0.9938900203665988,324,325,1,24.0,25.0,-11.0,20.5,13.0,13.0
12674,CBE-MAS CHER,1,CBE,22:40:00,22:40:00,0.0,5.0,97.26,2.47,0.27,0.0,2,9,8,493.0,0.0,1360,1360,0,0.0,0.0,5.0,18.2,13.0,32.0
12674,CBE-MAS CHER,2,TUP,23:18:00,23:20:00,50.0,13.0,81.92,17.53,0.55,0.0,2,9,7,443.0,0.10141987829614604,1398,1400,2,5.0,0.0,8.0,25.35,21.0,32.0
12674,CBE-MAS CHER,3,ED,00:15:00,00:20:00,100.0,21.0,35.34,64.11,0.55,0.0,2,9,6,393.0,0.2028397565922921,15,20,5,13.0,5.0,8.0,28.7,24.0,32.0
12674,CBE-MAS CHER,4,SA,01:17:00,01:20:00,159.0,24.0,27.67,71.51,0.82,0.0,2,9,5,334.0,0.3225152129817444,77,80,3,21.0,13.0,3.0,26.25,7.0,32.0
12674,CBE-MAS CHER,5,JTJ,03:03:00,03:05:00,280.0,7.0,93.15,6.3,0.55,0.0,2,9,4,213.0,0.5679513184584178,183,185,2,24.0,21.0,-17.0,35.18,14.0,32.0
12674,CBE-MAS CHER,6,KPD,04:13:00,04:15:00,364.0,14.0,74.79,24.38,0.82,0.01,2,9,3,129.0,0.7383367139959433,253,255,2,7.0,24.0,7.0,33.53,28.0,32.0
12674,CBE-MAS CHER,7,AJJ,05:03:00,05:05:00,425.0,28.0,17.26,80.55,2.19,0.0,2,9,2,68.0,0.8620689655172413,303,305,2,14.0,7.0,14.0,31.2,32.0,32.0
12674,CBE-MAS CHER,8,PER,05:53:00,05:55:00,488.0,32.0,9.86,86.58,3.01,0.55,2,9,1,5.0,0.9898580121703854,353,355,2,28.0,14.0,4.0,22.67,32.0,32.0
12679,MAS-CBE INTE,1,MAS,14:30:00,14:30:00,0.0,2.0,100.0,0.0,0.0,0.0,2,12,11,491.0,0.0,870,870,0,0.0,0.0,2.0,17.67,16.0,1.0
12679,MAS-CBE INTE,2,AJJ,15:18:00,15:20:00,68.0,16.0,60.0,40.0,0.0,0.0,2,12,10,423.0,0.1384928716904277,918,920,2,2.0,0.0,14.0,31.2,20.0,1.0
12679,MAS-CBE INTE,3,KPD,16:03:00,16:05:00,128.0,20.0,16.67,83.33,0.0,0.0,2,12,9,363.0,0.2606924643584521,963,965,2,16.0,2.0,4.0,33.53,26.0,1.0
12679,MAS-CBE INTE,4,AB,16:44:00,16:45:00,181.0,26.0,6.67,93.33,0.0,0.0,2,12,8,310.0,0.36863543788187375,1004,1005,1,20.0,16.0,6.0,16.5,15.0,1.0
12679,MAS-CBE INTE,5,JTJ,17:28:00,17:30:00,212.0,15.0,63.33,36.67,0.0,0.0,2,12,7,279.0,0.4317718940936864,1048,1050,2,26.0,20.0,-11.0,35.18,28.0,1.0
12679,MAS-CBE INTE,6,MAP,18:14:00,18:15:00,266.0,28.0,16.67,76.67,6.67,0.0,2,12,6,225.0,0.5417515274949084,1094,1095,1,15.0,26.0,13.0,16.0,29.0,1.0
12679,MAS-CBE INTE,7,BQI,18:34:00,18:35:00,289.0,29.0,16.67,76.67,6.67,0.0,2,12,5,202.0,0.5885947046843177,1114,1115,1,28.0,15.0,1.0,17.0,22.0,1.0
12679,MAS-CBE INTE,8,SA,19:17:00,19:20:00,331.0,22.0,36.67,56.67,6.67,0.0,2,12,4,160.0,0.6741344195519349,1157,1160,3,29.0,28.0,-7.0,26.25,23.0,1.0
12679,MAS-CBE INTE,9,ED,20:15:00,20:20:00,390.0,23.0,26.67,66.67,6.67,0.0,2,12,3,101.0,0.7942973523421588,1215,1220,5,22.0,29.0,1.0,28.7,28.0,1.0
12679,MAS-CBE INTE,10,TUP,21:03:00,21:05:00,441.0,28.0,23.33,66.67,10.0,0.0,2,12,2,50.0,0.8981670061099797,1263,1265,2,23.0,22.0,5.0,25.35,28.0,1.0
12679,MAS-CBE INTE,11,CBF,21:44:00,21:45:00,488.0,28.0,16.67,76.67,6.67,0.0,2,12,1,3.0,0.9938900203665988,1304,1305,1,28.0,23.0,0.0,20.5,1.0,1.0
12680,CBE-MAS INTE,1,CBE,06:15:00,06:15:00,0.0,1.0,100.0,0.0,0.0,0.0,2,12,11,493.0,0.0,375,375,0,0.0,0.0,1.0,18.2,3.0,2.0
12680,CBE-MAS INTE,2,TUP,06:53:00,06:55:00,50.0,3.0,100.0,0.0,0.0,0.0,2,12,10,443.0,0.10141987829614604,413,415,2,1.0,0.0,2.0,25.35,6.0,2.0
12680,CBE-MAS INTE,3,ED,07:40:00,07:45:00,100.0,6.0,96.67,3.33,0.0,0.0,2,12,9,393.0,0.2028397565922921,460,465,5,3.0,1.0,3.0,28.7,7.0,2.0
12680,CBE-MAS INTE,4,SA,08:32:00,08:35:00,159.0,7.0,86.67,13.33,0.0,0.0,2,12,8,334.0,0.3225152129817444,512,515,3,6.0,3.0,1.0,26.25,5.0,2.0
12680,CBE-MAS INTE,5,BQI,09:14:00,09:15:00,202.0,5.0,93.33,6.67,0.0,0.0,2,12,7,291.0,0.40973630831643004,554,555,1,7.0,6.0,-2.0,17.0,4.0,2.0
12680,CBE-MAS INTE,6,MAP,09:34:00,09:35:00,225.0,4.0,93.33,6.67,0.0,0.0,2,12,6,268.0,0.4563894523326572,574,575,1,5.0,7.0,-1.0,16.0,4.0,2.0
12680,CBE-MAS INTE,7,JTJ,10:18:00,10:20:00,280.0,4.0,93.33,6.67,0.0,0.0,2,12,5,213.0,0.5679513184584178,618,620,2,4.0,5.0,0.0,35.18,7.0,2.0
12680,CBE-MAS INTE,8,AB,10:44:00,10:45:00,312.0,7.0,90.0,10.0,0.0,0.0,2,12,4,181.0,0.6328600405679513,644,645,1,4.0,4.0,3.0,16.5,6.0,2.0
12680,CBE-MAS INTE,9,KPD,11:28:00,11:30:00,364.0,6.0,93.33,6.67,0.0,0.0,2,12,3,129.0,0.7383367139959433,688,690,2,7.0,4.0,-1.0,33.53,6.0,2.0
12680,CBE-MAS INTE,10,AJJ,12:18:00,12:20:00,425.0,6.0,96.67,3.33,0.0,0.0,2,12,2,68.0,0.8620689655172413,738,740,2,6.0,7.0,0.0,31.2,12.0,2.0
12680,CBE-MAS INTE,11,PER,13:09:00,13:10:00,488.0,12.0,76.67,23.33,0.0,0.0,2,12,1,5.0,0.9898580121703854,789,790,1,6.0,6.0,6.0,22.67,2.0,2.0
12681,MAS CBE EXP,1,MAS,22:30:00,22:30:00,0.0,4.0,100.0,0.0,0.0,0.0,2,7,6,491.0,0.0,1350,1350,0,0.0,0.0,4.0,17.67,15.0,0.0
12681,MAS CBE EXP,2,AJJ,23:18:00,23:20:00,68.0,15.0,60.0,40.0,0.0,0.0,2,7,5,423.0,0.1384928716904277,1398,1400,2,4.0,0.0,11.0,31.2,11.0,0.0
12681,MAS CBE EXP,3,KPD,00:08:00,00:10:00,128.0,11.0,80.0,20.0,0.0,0.0,2,7,4,363.0,0.2606924643584521,8,10,2,15.0,4.0,-4.0,33.53,10.0,0.0
12681,MAS CBE EXP,4,SA,03:17:00,03:20:00,331.0,10.0,100.0,0.0,0.0,0.0,2,7,3,160.0,0.6741344195519349,197,200,3,11.0,15.0,-1.0,26.25,9.0,0.0
12681,MAS CBE EXP,5,ED,04:10:00,04:15:00,390.0,9.0,80.0,20.0,0.0,0.0,2,7,2,101.0,0.7942973523421588,250,255,5,10.0,11.0,-1.0,28.7,8.0,0.0
12681,MAS CBE EXP,6,TUP,04:58:00,05:00:00,441.0,8.0,80.0,20.0,0.0,0.0,2,7,1,50.0,0.8981670061099797,298,300,2,9.0,10.0,-1.0,25.35,0.0,0.0
12682,CHENNAI EXP,1,CBE,23:30:00,23:30:00,0.0,3.0,100.0,0.0,0.0,0.0,2,8,7,493.0,0.0,1410,1410,0,0.0,0.0,3.0,18.2,16.0,9.0
12682,CHENNAI EXP,2,TUP,00:03:00,00:05:00,50.0,16.0,40.0,60.0,0.0,0.0,2,8,6,443.0,0.10141987829614604,3,5,2,3.0,0.0,13.0,25.35,43.0,9.0
12682,CHENNAI EXP,3,ED,00:50:00,00:55:00,100.0,43.0,0.0,100.0,0.0,0.0,2,8,5,393.0,0.2028397565922921,50,55,5,16.0,3.0,27.0,28.7,41.0,9.0
12682,CHENNAI EXP,4,SA,01:50:00,01:55:00,159.0,41.0,0.0,100.0,0.0,0.0,2,8,4,334.0,0.3225152129817444,110,115,5,43.0,16.0,-2.0,26.25,1.0,9.0
12682,CHENNAI EXP,5,KPD,04:53:00,04:55:00,364.0,1.0,100.0,0.0,0.0,0.0,2,8,3,129.0,0.7383367139959433,293,295,2,41.0,43.0,-40.0,33.53,6.0,9.0
12682,CHENNAI EXP,6,AJJ,05:43:00,05:45:00,425.0,6.0,100.0,0.0,0.0,0.0,2,8,2,68.0,0.8620689655172413,343,345,2,1.0,41.0,5.0,31.2,11.0,9.0
12682,CHENNAI EXP,7,PER,06:33:00,06:35:00,488.0,11.0,80.0,20.0,0.0,0.0,2,8,1,5.0,0.9898580121703854,393,395,2,6.0,1.0,5.0,22.67,9.0,9.0
12839,HWH-MAS MAIL,1,HWH,23:45:00,23:45:00,0.0,45.0,36.67,46.67,16.67,0.0,2,35,34,1664.0,0.0,1425,1425,0,0.0,0.0,45.0,66.0,68.0,73.0
12839,HWH-MAS MAIL,2,KGP,01:25:00,01:30:00,116.0,68.0,10.0,50.0,40.0,0.0,2,35,33,1548.0,0.06971153846153846,85,90,5,45.0,0.0,23.0,99.5,87.0,73.0
12839,HWH-MAS MAIL,3,BLS,02:55:00,03:00:00,237.0,87.0,0.0,46.67,53.33,0.0,2,35,32,1427.0,0.1424278846153846,175,180,5,68.0,45.0,19.0,93.42,81.0,73.0
12839,HWH-MAS MAIL,4,BHC,04:05:00,04:07:00,299.0,81.0,16.67,40.0,43.33,0.0,2,35,31,1365.0,0.1796875,245,247,2,87.0,68.0,-6.0,78.42,90.0,73.0
12839,HWH-MAS MAIL,5,JJKR,04:36:00,04:38:00,343.0,90.0,6.67,36.67,56.67,0.0,2,35,30,1321.0,0.20612980769230768,276,278,2,81.0,87.0,9.0,85.33,104.0,73.0
12839,HWH-MAS MAIL,6,CTC,05:30:00,05:35:00,415.0,104.0,0.0,26.67,73.33,0.0,2,35,29,1249.0,0.24939903846153846,330,335,5,90.0,81.0,14.0,81.17,111.0,73.0
12839,HWH-MAS MAIL,7,BBS,06:20:00,06:25:00,442.0,111.0,0.0,26.67,73.33,0.0,2,35,28,1222.0,0.265625,380,385,5,104.0,90.0,7.0,89.12,104.0,73.0
12839,HWH-MAS MAIL,8,KUR,06:55:00,07:15:00,460.0,104.0,3.33,23.33,73.33,0.01,2,35,27,1204.0,0.2764423076923077,415,435,20,111.0,104.0,-7.0,94.83,115.0,73.0
12839,HWH-MAS MAIL,9,BALU,08:03:00,08:05:00,531.0,115.0,0.0,16.67,83.33,0.0,2,35,26,1133.0,0.3191105769230769,483,485,2,104.0,111.0,11.0,107.75,119.0,73.0
12839,HWH-MAS MAIL,10,CAP,08:41:00,08:43:00,586.0,119.0,0.0,20.0,80.0,0.0,2,35,25,1078.0,0.35216346153846156,521,523,2,115.0,104.0,4.0,111.0,139.0,73.0
12839,HWH-MAS MAIL,11,BAM,09:00:00,09:05:00,607.0,139.0,0.0,10.0,90.0,0.0,2,35,24,1057.0,0.36478365384615385,540,545,5,119.0,115.0,20.0,93.0,135.0,73.0
12839,HWH-MAS MAIL,12,IPM,09:26:00,09:28:00,631.0,135.0,0.0,13.33,86.67,0.0,2,35,23,1033.0,0.3792067307692308,566,568,2,139.0,119.0,-4.0,111.5,135.0,73.0
12839,HWH-MAS MAIL,13,SPT,09:41:00,09:43:00,649.0,135.0,0.0,13.33,86.67,0.0,2,35,22,1015.0,0.39002403846153844,581,583,2,135.0,139.0,0.0,109.0,104.0,73.0
12839,HWH-MAS MAIL,14,PSA,10:38:00,10:40:00,681.0,104.0,6.67,33.33,60.0,0.0,2,35,21,983.0,0.4092548076923077,638,640,2,135.0,135.0,-31.0,89.0,99.0,73.0
12839,HWH-MAS MAIL,15,NWP,11:00:00,11:02:00,707.0,99.0,6.67,33.33,60.0,0.0,2,35,20,957.0,0.4248798076923077,660,662,2,104.0,135.0,-5.0,97.5,98.0,73.0
12839,HWH-MAS MAIL,16,CHE,11:35:00,11:37:00,754.0,98.0,10.0,33.33,56.67,0.0,2,35,19,910.0,0.453125,695,697,2,99.0,104.0,-1.0,93.0,106.0,73.0
12839,HWH-MAS MAIL,17,CPP,12:05:00,12:07:00,793.0,106.0,6.67,26.67,66.67,0.0,2,35,18,871.0,0.4765625,725,727,2,98.0,99.0,8.0,98.5,98.0,73.0
12839,HWH-MAS MAIL,18,VZM,12:40:00,12:45:00,823.0,98.0,16.67,30.0,53.33,0.0,2,35,17,841.0,0.49459134615384615,760,765,5,106.0,98.0,-8.0,80.17,103.0,73.0
12839,HWH-MAS MAIL,19,VSKP,13:50:00,14:10:00,884.0,103.0,13.33,30.0,56.67,0.0,2,35,16,780.0,0.53125,830,850,20,98.0,106.0,5.0,74.33,106.0,73.0
12839,HWH-MAS MAIL,20,AKP,15:02:00,15:03:00,917.0,106.0,10.0,30.0,60.0,0.0,2,35,15,747.0,0.5510817307692307,902,903,1,103.0,98.0,3.0,117.0,112.0,73.0
12839,HWH-MAS MAIL,21,TUNI,15:46:00,15:47:00,981.0,112.0,3.33,33.33,63.33,0.01,2,35,14,683.0,0.5895432692307693,946,947,1,106.0,103.0,6.0,118.0,114.0,73.0
12839,HWH-MAS MAIL,22,ANV,16:01:00,16:02:00,998.0,114.0,0.0,33.33,66.67,0.0,2,35,13,666.0,0.5997596153846154,961,962,1,112.0,106.0,2.0,119.0,132.0,73.0
12839,HWH-MAS MAIL,23,SLO,16:29:00,16:30:00,1035.0,132.0,0.0,13.33,86.67,0.0,2,35,12,629.0,0.6219951923076923,989,990,1,114.0,112.0,18.0,126.5,140.0,73.0
12839,HWH-MAS MAIL,24,RJY,17:29:00,17:34:00,1085.0,140.0,0.0,13.33,86.67,0.0,2,35,11,579.0,0.6520432692307693,1049,1054,5,132.0,114.0,8.0,107.08,145.0,73.0
12839,HWH-MAS MAIL,25,NDD,17:57:00,17:58:00,1107.0,145.0,0.0,13.33,86.67,0.0,2,35,10,557.0,0.6652644230769231,1077,1078,1,140.0,132.0,5.0,124.0,144.0,73.0
12839,HWH-MAS MAIL,26,TDD,18:15:00,18:16:00,1127.0,144.0,0.0,13.33,86.67,0.0,2,35,9,537.0,0.6772836538461539,1095,1096,1,145.0,140.0,-1.0,97.25,147.0,73.0
12839,HWH-MAS MAIL,27,EE,18:49:00,18:50:00,1175.0,147.0,3.33,10.0,86.67,0.0,2,35,8,489.0,0.7061298076923077,1129,1130,1,144.0,145.0,3.0,95.0,106.0,73.0
12839,HWH-MAS MAIL,28,BZA,20:25:00,20:40:00,1234.0,106.0,3.33,43.33,53.33,0.01,2,35,7,430.0,0.7415865384615384,1225,1240,15,147.0,144.0,-41.0,58.12,127.0,73.0
12839,HWH-MAS MAIL,29,TEL,21:14:00,21:15:00,1266.0,127.0,0.0,26.67,73.33,0.0,2,35,6,398.0,0.7608173076923077,1274,1275,1,106.0,147.0,21.0,102.0,133.0,73.0
12839,HWH-MAS MAIL,30,BPP,21:47:00,21:48:00,1308.0,133.0,0.0,20.0,80.0,0.0,2,35,5,356.0,0.7860576923076923,1307,1308,1,127.0,106.0,6.0,109.0,133.0,73.0
12839,HWH-MAS MAIL,31,CLX,22:00:00,22:01:00,1323.0,133.0,0.0,20.0,80.0,0.0,2,35,4,341.0,0.7950721153846154,1320,1321,1,133.0,127.0,0.0,108.5,123.0,73.0
12839,HWH-MAS MAIL,32,OGL,22:45:00,22:46:00,1373.0,123.0,0.0,26.67,73.33,0.0,2,35,3,291.0,0.8251201923076923,1365,1366,1,133.0,133.0,-10.0,64.67,113.0,73.0
12839,HWH-MAS MAIL,33,NLR,00:02:00,00:03:00,1489.0,113.0,13.33,23.33,63.33,0.01,2,35,2,175.0,0.8948317307692307,2,3,1,123.0,133.0,-10.0,68.17,90.0,73.0
12839,HWH-MAS MAIL,34,GDR,01:23:00,01:25:00,1527.0,90.0,30.0,26.67,43.33,0.0,2,35,1,137.0,0.9176682692307693,83,85,2,113.0,123.0,-23.0,58.17,73.0,73.0
12840,MAS-HWH MAIL,1,MAS,23:45:00,23:45:00,0.0,56.0,61.92,11.51,26.3,0.27,2,36,35,1663.0,0.0,1425,1425,0,0.0,0.0,56.0,17.67,73.0,129.0
12840,MAS-HWH MAIL,2,GDR,01:50:00,01:52:00,137.0,73.0,33.97,33.97,31.78,0.28,2,36,34,1526.0,0.08238123872519543,110,112,2,56.0,0.0,17.0,58.17,81.0,129.0
12840,MAS-HWH MAIL,3,NLR,02:17:00,02:18:00,175.0,81.0,14.79,52.05,32.88,0.28,2,36,33,1488.0,0.10523150932050511,137,138,1,73.0,56.0,8.0,68.17,82.0,129.0
12840,MAS-HWH MAIL,4,OGL,03:44:00,03:45:00,291.0,82.0,17.53,48.22,33.97,0.28,2,36,32,1372.0,0.17498496692723992,224,225,1,81.0,73.0,1.0,64.67,84.0,129.0
12840,MAS-HWH MAIL,5,CLX,04:29:00,04:30:00,341.0,84.0,17.53,47.95,34.25,0.27,2,36,31,1322.0,0.20505111244738425,269,270,1,82.0,81.0,2.0,108.5,85.0,129.0
12840,MAS-HWH MAIL,6,BPP,04:42:00,04:44:00,356.0,85.0,18.08,45.48,36.16,0.28,2,36,30,1307.0,0.21407095610342755,282,284,2,84.0,82.0,1.0,109.0,77.0,129.0
12840,MAS-HWH MAIL,7,TEL,05:14:00,05:16:00,398.0,77.0,31.78,33.42,34.52,0.28,2,36,29,1265.0,0.23932651834034877,314,316,2,85.0,84.0,-8.0,102.0,84.0,129.0
12840,MAS-HWH MAIL,8,BZA,06:25:00,06:40:00,429.0,84.0,23.84,39.73,36.16,0.27,2,36,28,1234.0,0.2579675285628382,385,400,15,77.0,85.0,7.0,58.12,94.0,129.0
12840,MAS-HWH MAIL,9,EE,07:26:00,07:27:00,489.0,94.0,16.44,38.36,44.93,0.27,2,36,27,1174.0,0.29404690318701143,446,447,1,84.0,77.0,10.0,95.0,99.0,129.0
12840,MAS-HWH MAIL,10,TDD,07:59:00,08:00:00,537.0,99.0,14.79,36.16,48.77,0.28,2,36,26,1126.0,0.32291040288635,479,480,1,94.0,84.0,5.0,97.25,103.0,129.0
12840,MAS-HWH MAIL,11,NDD,08:22:00,08:23:00,556.0,103.0,13.97,30.68,55.07,0.28,2,36,25,1107.0,0.3343355381840048,502,503,1,99.0,94.0,4.0,124.0,112.0,129.0
12840,MAS-HWH MAIL,12,RJY,09:09:00,09:14:00,579.0,112.0,8.22,20.82,70.68,0.27,2,36,24,1084.0,0.3481659651232712,549,554,5,103.0,99.0,9.0,107.08,121.0,129.0
12840,MAS-HWH MAIL,13,SLO,09:52:00,09:53:00,629.0,121.0,16.44,10.14,73.15,0.27,2,36,23,1034.0,0.3782321106434155,592,593,1,112.0,103.0,9.0,126.5,124.0,129.0
12840,MAS-HWH MAIL,14,ANV,10:19:00,10:20:00,666.0,124.0,13.97,12.05,73.7,0.28,2,36,22,997.0,0.4004810583283223,619,620,1,121.0,112.0,3.0,119.0,124.0,129.0
12840,MAS-HWH MAIL,15,TUNI,10:35:00,10:36:00,683.0,124.0,14.25,11.78,73.7,0.27,2,36,21,980.0,0.4107035478051714,635,636,1,124.0,121.0,0.0,118.0,128.0,129.0
12840,MAS-HWH MAIL,16,AKP,11:21:00,11:22:00,746.0,128.0,14.25,9.32,76.16,0.27,2,36,20,917.0,0.4485868911605532,681,682,1,124.0,124.0,4.0,117.0,79.0,129.0
12840,MAS-HWH MAIL,17,VSKP,13:00:00,13:20:00,780.0,79.0,40.55,23.01,36.16,0.28,2,36,19,883.0,0.46903187011425135,780,800,20,128.0,124.0,-49.0,74.33,89.0,129.0
12840,MAS-HWH MAIL,18,VZM,14:15:00,14:20:00,840.0,89.0,21.64,39.73,38.36,0.27,2,36,18,823.0,0.5051112447384245,855,860,5,79.0,128.0,10.0,80.17,91.0,129.0
12840,MAS-HWH MAIL,19,CPP,14:45:00,14:47:00,871.0,91.0,17.81,42.47,39.45,0.27,2,36,17,792.0,0.523752254960914,885,887,2,89.0,79.0,2.0,98.5,91.0,129.0
12840,MAS-HWH MAIL,20,CHE,15:18:00,15:20:00,910.0,91.0,20.27,40.55,38.9,0.28,2,36,16,753.0,0.5472038484666266,918,920,2,91.0,89.0,0.0,93.0,96.0,129.0
12840,MAS-HWH MAIL,21,NWP,15:53:00,15:55:00,957.0,96.0,15.62,42.74,41.37,0.27,2,36,15,706.0,0.5754660252555622,953,955,2,91.0,91.0,5.0,97.5,77.0,129.0
12840,MAS-HWH MAIL,22,PSA,16:28:00,16:30:00,983.0,77.0,47.4,17.26,35.07,0.27,2,36,14,680.0,0.5911004209260373,988,990,2,96.0,91.0,-19.0,89.0,83.0,129.0
12840,MAS-HWH MAIL,23,SPT,16:53:00,16:55:00,1014.0,83.0,41.64,21.37,36.71,0.28,2,36,13,649.0,0.6097414311485267,1013,1015,2,77.0,96.0,6.0,109.0,88.0,129.0
12840,MAS-HWH MAIL,24,IPM,17:09:00,17:11:00,1032.0,88.0,31.23,30.68,37.81,0.28,2,36,12,631.0,0.6205652435357787,1029,1031,2,83.0,77.0,5.0,111.5,99.0,129.0
12840,MAS-HWH MAIL,25,BAM,17:35:00,17:40:00,1057.0,99.0,7.12,52.6,40.0,0.28,2,36,11,606.0,0.6355983162958508,1055,1060,5,88.0,83.0,11.0,93.0,103.0,129.0
12840,MAS-HWH MAIL,26,CAP,17:55:00,17:57:00,1078.0,103.0,2.47,54.52,42.74,0.27,2,36,10,585.0,0.6482260974143115,1075,1077,2,99.0,88.0,4.0,111.0,108.0,129.0
12840,MAS-HWH MAIL,27,BALU,18:37:00,18:39:00,1132.0,108.0,2.19,53.15,44.38,0.28,2,36,9,531.0,0.6806975345760673,1117,1119,2,103.0,99.0,5.0,107.75,117.0,129.0
12840,MAS-HWH MAIL,28,KUR,19:50:00,20:10:00,1203.0,117.0,4.66,43.01,52.05,0.28,2,36,8,460.0,0.7233914612146722,1190,1210,20,108.0,103.0,9.0,94.83,121.0,129.0
12840,MAS-HWH MAIL,29,BBS,20:35:00,20:40:00,1222.0,121.0,3.84,40.82,55.07,0.27,2,36,7,441.0,0.7348165965123271,1235,1240,5,117.0,108.0,4.0,89.12,124.0,129.0
12840,MAS-HWH MAIL,30,CTC,21:10:00,21:15:00,1249.0,124.0,4.93,36.99,57.26,0.82,2,36,6,414.0,0.751052315093205,1270,1275,5,121.0,117.0,3.0,81.17,127.0,129.0
12840,MAS-HWH MAIL,31,JJKR,22:08:00,22:10:00,1321.0,127.0,3.84,37.26,58.63,0.27,2,36,5,342.0,0.7943475646422129,1328,1330,2,124.0,121.0,3.0,85.33,87.0,129.0
12840,MAS-HWH MAIL,32,BHC,23:17:00,23:19:00,1365.0,87.0,41.64,17.26,40.82,0.28,2,36,4,298.0,0.8208057726999398,1397,1399,2,127.0,124.0,-40.0,78.42,101.0,129.0
12840,MAS-HWH MAIL,33,BLS,00:05:00,00:10:00,1427.0,101.0,23.84,29.32,46.58,0.26,2,36,3,236.0,0.8580877931449188,5,10,5,87.0,127.0,14.0,93.42,123.0,129.0
12840,MAS-HWH MAIL,34,KGP,01:43:00,01:48:00,1548.0,123.0,10.14,30.96,58.63,0.27,2,36,2,115.0,0.930847865303668,103,108,5,101.0,87.0,22.0,99.5,158.0,129.0
12840,MAS-HWH MAIL,35,SRC,03:12:00,03:14:00,1656.0,158.0,6.3,13.42,80.0,0.28,2,36,1,7.0,0.9957907396271798,192,194,2,123.0,101.0,35.0,104.5,129.0,129.0
12841,HOWRAH-CHENN,1,HWH,14:50:00,14:50:00,0.0,18.0,53.33,30.0,6.67,10.0,2,15,14,1664.0,0.0,890,890,0,0.0,0.0,18.0,66.0,34.0,21.0
12841,HOWRAH-CHENN,2,KGP,16:30:00,16:35:00,116.0,34.0,23.33,60.0,16.67,0.0,2,15,13,1548.0,0.06971153846153846,990,995,5,18.0,0.0,16.0,99.5,53.0,21.0
12841,HOWRAH-CHENN,3,BLS,17:58:00,18:03:00,237.0,53.0,10.0,60.0,30.0,0.0,2,15,12,1427.0,0.1424278846153846,1078,1083,5,34.0,18.0,19.0,93.42,44.5,21.0
12841,HOWRAH-CHENN,4,BHC,19:05:00,19:07:00,299.0,44.5,46.67,33.33,20.0,0.0,2,15,11,1365.0,0.1796875,1145,1147,2,53.0,34.0,-8.5,78.42,36.0,21.0
12841,HOWRAH-CHENN,5,JJKR,19:36:00,19:38:00,343.0,36.0,46.67,33.33,20.0,0.0,2,15,10,1321.0,0.20612980769230768,1176,1178,2,44.5,53.0,-8.5,85.33,48.0,21.0
12841,HOWRAH-CHENN,6,CTC,20:30:00,20:35:00,415.0,48.0,20.0,50.0,30.0,0.0,2,15,9,1249.0,0.24939903846153846,1230,1235,5,36.0,44.5,12.0,81.17,49.0,21.0
12841,HOWRAH-CHENN,7,BBS,21:15:00,21:20:00,442.0,49.0,23.33,50.0,26.67,0.0,2,15,8,1222.0,0.265625,1275,1280,5,48.0,36.0,1.0,89.12,71.0,21.0
12841,HOWRAH-CHENN,8,KUR,21:55:00,22:10:00,460.0,71.0,3.33,50.0,46.67,0.0,2,15,7,1204.0,0.2764423076923077,1315,1330,15,49.0,48.0,22.0,94.83,63.0,21.0
12841,HOWRAH-CHENN,9,BAM,23:50:00,23:52:00,607.0,63.0,6.67,50.0,43.33,0.0,2,15,6,1057.0,0.36478365384615385,1430,1432,2,71.0,49.0,-8.0,93.0,48.0,21.0
12841,HOWRAH-CHENN,10,VSKP,04:00:00,04:20:00,884.0,48.0,50.0,23.33,26.67,0.0,2,15,5,780.0,0.53125,240,260,20,63.0,71.0,-15.0,74.33,59.5,21.0
12841,HOWRAH-CHENN,11,RJY,07:04:00,07:06:00,1085.0,59.5,0.0,63.33,36.67,0.0,2,15,4,579.0,0.6520432692307693,424,426,2,48.0,63.0,11.5,107.08,71.0,21.0
12841,HOWRAH-CHENN,12,TDD,07:39:00,07:40:00,1127.0,71.0,6.67,60.0,33.33,0.0,2,15,3,537.0,0.6772836538461539,459,460,1,59.5,48.0,11.5,97.25,71.0,21.0
12841,HOWRAH-CHENN,13,EE,08:14:00,08:15:00,1175.0,71.0,3.33,63.33,33.33,0.01,2,15,2,489.0,0.7061298076923077,494,495,1,71.0,59.5,0.0,95.0,45.0,21.0
12841,HOWRAH-CHENN,14,BZA,10:05:00,10:20:00,1234.0,45.0,40.0,33.33,26.67,0.0,2,15,1,430.0,0.7415865384615384,605,620,15,71.0,71.0,-26.0,58.12,21.0,21.0
12842,COROMANDEL E,1,MAS,08:45:00,08:45:00,0.0,31.0,76.67,10.0,13.33,0.0,2,17,16,1663.0,0.0,525,525,0,0.0,0.0,31.0,17.67,50.0,63.0
12842,COROMANDEL E,2,OGL,12:48:00,12:50:00,291.0,50.0,36.67,43.33,20.0,0.0,2,17,15,1372.0,0.17498496692723992,768,770,2,31.0,0.0,19.0,64.67,56.0,63.0
12842,COROMANDEL E,3,BZA,15:10:00,15:25:00,429.0,56.0,16.67,60.0,23.33,0.0,2,17,14,1234.0,0.2579675285628382,910,925,15,50.0,31.0,6.0,58.12,68.0,63.0
12842,COROMANDEL E,4,EE,16:09:00,16:10:00,489.0,68.0,3.33,70.0,26.67,0.0,2,17,13,1174.0,0.29404690318701143,969,970,1,56.0,50.0,12.0,95.0,75.0,63.0
12842,COROMANDEL E,5,TDD,16:39:00,16:40:00,537.0,75.0,3.33,56.67,40.0,0.0,2,17,12,1126.0,0.32291040288635,999,1000,1,68.0,56.0,7.0,97.25,100.0,63.0
12842,COROMANDEL E,6,RJY,17:32:00,17:37:00,579.0,100.0,0.0,16.67,83.33,0.0,2,17,11,1084.0,0.3481659651232712,1052,1057,5,75.0,68.0,25.0,107.08,35.0,63.0
12842,COROMANDEL E,7,VSKP,21:50:00,22:10:00,780.0,35.0,60.0,23.33,16.67,0.0,2,17,10,883.0,0.46903187011425135,1310,1330,20,100.0,75.0,-65.0,74.33,57.0,63.0
12842,COROMANDEL E,8,BAM,01:55:00,01:57:00,1057.0,57.0,20.0,53.33,26.67,0.0,2,17,9,606.0,0.6355983162958508,115,117,2,35.0,100.0,22.0,93.0,79.0,63.0
12842,COROMANDEL E,9,KUR,03:55:00,04:10:00,1203.0,79.0,0.0,60.0,40.0,0.0,2,17,8,460.0,0.7233914612146722,235,250,15,57.0,35.0,22.0,94.83,77.0,63.0
12842,COROMANDEL E,10,BBS,04:35:00,04:40:00,1222.0,77.0,0.0,56.67,43.33,0.0,2,17,7,441.0,0.7348165965123271,275,280,5,79.0,57.0,-2.0,89.12,80.0,63.0
12842,COROMANDEL E,11,CTC,05:10:00,05:15:00,1249.0,80.0,0.0,53.33,46.67,0.0,2,17,6,414.0,0.751052315093205,310,315,5,77.0,79.0,3.0,81.17,104.0,63.0
12842,COROMANDEL E,12,JJKR,06:08:00,06:10:00,1321.0,104.0,0.0,13.33,86.67,0.0,2,17,5,342.0,0.7943475646422129,368,370,2,80.0,77.0,24.0,85.33,45.0,63.0
12842,COROMANDEL E,13,BHC,07:15:00,07:17:00,1365.0,45.0,40.0,36.67,23.33,0.0,2,17,4,298.0,0.8208057726999398,435,437,2,104.0,80.0,-59.0,78.42,58.0,63.0
12842,COROMANDEL E,14,BLS,08:01:00,08:06:00,1427.0,58.0,13.33,63.33,23.33,0.01,2,17,3,236.0,0.8580877931449188,481,486,5,45.0,104.0,13.0,93.42,89.0,63.0
12842,COROMANDEL E,15,KGP,09:40:00,09:50:00,1548.0,89.0,0.0,56.67,43.33,0.0,2,17,2,115.0,0.930847865303668,580,590,10,58.0,45.0,31.0,99.5,51.0,63.0
12842,COROMANDEL E,16,SRC,11:12:00,11:13:00,1656.0,51.0,36.67,33.33,30.0,0.0,2,17,1,7.0,0.9957907396271798,672,673,1,89.0,58.0,-38.0,104.5,63.0,63.0
12903,GOLDENTEMPLE,2,BVI,21:57:00,22:01:00,29.0,25.0,86.67,13.33,0.0,0.0,2,34,32,1856.0,0.015384615384615385,1317,1321,4,0.0,0.0,25.0,21.2,25.0,39.0
12903,GOLDENTEMPLE,3,ST,01:00:00,01:05:00,262.0,25.0,70.0,23.33,6.67,0.0,2,34,31,1623.0,0.1389920424403183,60,65,5,25.0,0.0,0.0,13.7,30.0,39.0
12903,GOLDENTEMPLE,4,BRC,02:46:00,02:56:00,391.0,30.0,80.0,6.67,13.33,0.0,2,34,30,1494.0,0.20742705570291778,166,176,10,25.0,25.0,5.0,15.19,28.0,39.0
12903,GOLDENTEMPLE,5,GDA,04:10:00,04:12:00,463.0,28.0,76.67,10.0,13.33,0.0,2,34,29,1422.0,0.24562334217506632,250,252,2,30.0,25.0,-2.0,21.62,33.0,39.0
12903,GOLDENTEMPLE,6,DHD,05:05:00,05:07:00,537.0,33.0,53.33,33.33,13.33,0.01,2,34,28,1348.0,0.28488063660477453,305,307,2,28.0,30.0,5.0,25.69,34.0,39.0
12903,GOLDENTEMPLE,7,MGN,05:29:00,05:31:00,570.0,34.0,53.33,33.33,13.33,0.01,2,34,27,1315.0,0.30238726790450926,329,331,2,33.0,28.0,1.0,25.25,25.0,39.0
12903,GOLDENTEMPLE,8,RTM,07:05:00,07:15:00,652.0,25.0,86.67,0.0,13.33,0.0,2,34,26,1233.0,0.3458885941644562,425,435,10,34.0,33.0,-9.0,19.67,20.0,39.0
12903,GOLDENTEMPLE,9,NAD,08:10:00,08:12:00,697.0,20.0,86.67,0.0,13.33,0.0,2,34,25,1188.0,0.36976127320954905,490,492,2,25.0,34.0,-5.0,17.94,24.0,39.0
12903,GOLDENTEMPLE,10,SGZ,09:12:00,09:14:00,788.0,24.0,70.0,16.67,13.33,0.0,2,34,24,1097.0,0.4180371352785146,552,554,2,20.0,25.0,4.0,25.62,26.0,39.0
12903,GOLDENTEMPLE,11,BWM,09:39:00,09:40:00,818.0,26.0,76.67,6.67,16.67,0.0,2,34,23,1067.0,0.43395225464190984,579,580,1,24.0,20.0,2.0,32.0,34.0,39.0
12903,GOLDENTEMPLE,12,KOTA,11:00:00,11:05:00,918.0,34.0,66.67,16.67,16.67,0.0,2,34,22,967.0,0.4870026525198939,660,665,5,26.0,24.0,8.0,21.75,42.0,39.0
12903,GOLDENTEMPLE,13,SWM,12:25:00,12:30:00,1026.0,42.0,56.67,23.33,20.0,0.0,2,34,21,859.0,0.5442970822281167,745,750,5,34.0,26.0,8.0,25.17,49.0,39.0
12903,GOLDENTEMPLE,14,GGC,13:20:00,13:25:00,1089.0,49.0,43.33,36.67,20.0,0.0,2,34,20,796.0,0.5777188328912467,800,805,5,42.0,34.0,7.0,29.5,48.0,39.0
12903,GOLDENTEMPLE,16,HAN,14:00:00,14:02:00,1130.0,48.0,43.33,36.67,20.0,0.0,2,34,18,755.0,0.5994694960212201,840,842,2,49.0,42.0,-1.0,29.0,46.0,39.0
12903,GOLDENTEMPLE,17,BXN,14:28:00,14:30:00,1162.0,46.0,53.33,26.67,20.0,0.0,2,34,17,723.0,0.6164456233421751,868,870,2,48.0,49.0,-2.0,29.25,50.0,39.0
12903,GOLDENTEMPLE,18,BTE,15:00:00,15:02:00,1204.0,50.0,43.33,36.67,20.0,0.0,2,34,16,681.0,0.6387267904509284,900,902,2,46.0,48.0,4.0,28.75,37.0,39.0
12903,GOLDENTEMPLE,19,MTJ,16:15:00,16:20:00,1238.0,37.0,76.67,3.33,20.0,0.0,2,34,15,647.0,0.656763925729443,975,980,5,50.0,46.0,-13.0,29.25,37.0,39.0
12903,GOLDENTEMPLE,20,FDB,18:04:00,18:06:00,1348.0,37.0,80.0,0.0,20.0,0.0,2,34,14,537.0,0.7151193633952254,1084,1086,2,37.0,50.0,0.0,32.21,45.0,39.0
12903,GOLDENTEMPLE,21,NZM,18:45:00,19:00:00,1366.0,45.0,70.0,10.0,20.0,0.0,2,34,13,519.0,0.7246684350132626,1125,1140,15,37.0,37.0,8.0,21.08,53.0,39.0
12903,GOLDENTEMPLE,22,GZB,19:51:00,19:53:00,1394.0,53.0,63.33,13.33,23.33,0.01,2,34,12,491.0,0.7395225464190981,1191,1193,2,45.0,37.0,8.0,37.5,57.0,39.0
12903,GOLDENTEMPLE,23,MTC,21:05:00,21:10:00,1441.0,57.0,50.0,30.0,20.0,0.0,2,34,11,444.0,0.7644562334217506,1265,1270,5,53.0,45.0,4.0,36.5,60.0,39.0
12903,GOLDENTEMPLE,24,MUT,21:15:00,21:17:00,1445.0,60.0,50.0,26.67,23.33,0.0,2,34,10,440.0,0.76657824933687,1275,1277,2,57.0,53.0,3.0,36.5,63.0,39.0
12903,GOLDENTEMPLE,25,MOZ,21:51:00,21:53:00,1496.0,63.0,40.0,36.67,23.33,0.0,2,34,9,389.0,0.793633952254642,1311,1313,2,60.0,57.0,3.0,36.0,43.0,39.0
12903,GOLDENTEMPLE,26,SRE,23:15:00,23:25:00,1554.0,43.0,70.0,10.0,20.0,0.0,2,34,8,331.0,0.8244031830238727,1395,1405,10,63.0,60.0,-20.0,26.0,44.0,39.0
12903,GOLDENTEMPLE,27,YJUD,23:52:00,23:55:00,1585.0,44.0,70.0,10.0,20.0,0.0,2,34,7,300.0,0.8408488063660478,1432,1435,3,43.0,63.0,1.0,29.0,49.0,39.0
12903,GOLDENTEMPLE,28,UMB,00:45:00,00:55:00,1636.0,49.0,60.0,20.0,20.0,0.0,2,34,6,249.0,0.8679045092838197,45,55,10,44.0,43.0,5.0,20.5,51.0,39.0
12903,GOLDENTEMPLE,29,LDH,02:37:00,02:47:00,1749.0,51.0,43.33,36.67,20.0,0.0,2,34,5,136.0,0.9278514588859417,157,167,10,49.0,44.0,2.0,25.0,44.0,39.0
12903,GOLDENTEMPLE,32,JUC,03:52:00,03:57:00,1806.0,44.0,66.67,13.33,20.0,0.0,2,34,2,79.0,0.9580901856763926,232,237,5,51.0,49.0,-7.0,22.25,45.0,39.0
12903,GOLDENTEMPLE,33,BEAS,04:29:00,04:31:00,1842.0,45.0,70.0,6.67,23.33,0.0,2,34,1,43.0,0.9771883289124669,269,271,2,44.0,51.0,1.0,24.75,39.0,39.0
12904,GOLDN TEMPLE,1,ASR,21:25:00,21:25:00,0.0,2.0,100.0,0.0,0.0,0.0,2,33,32,1858.0,0.0,1285,1285,0,0.0,0.0,2.0,16.5,13.0,27.0
12904,GOLDN TEMPLE,2,BEAS,21:53:00,21:55:00,42.0,13.0,80.0,20.0,0.0,0.0,2,33,31,1816.0,0.022604951560818085,1313,1315,2,2.0,0.0,11.0,24.75,9.0,27.0
12904,GOLDN TEMPLE,3,JUC,22:32:00,22:38:00,78.0,9.0,76.67,23.33,0.0,0.0,2,33,30,1780.0,0.04198062432723358,1352,1358,6,13.0,2.0,-4.0,22.25,13.0,27.0
12904,GOLDN TEMPLE,6,LDH,23:49:00,23:59:00,135.0,13.0,70.0,30.0,0.0,0.0,2,33,27,1723.0,0.07265877287405813,1429,1439,10,9.0,13.0,4.0,25.0,9.0,27.0
12904,GOLDN TEMPLE,7,UMB,01:50:00,02:00:00,249.0,9.0,76.67,23.33,0.0,0.0,2,33,26,1609.0,0.1340150699677072,110,120,10,13.0,9.0,-4.0,20.5,14.0,27.0
12904,GOLDN TEMPLE,8,YJUD,02:38:00,02:40:00,300.0,14.0,66.67,33.33,0.0,0.0,2,33,25,1558.0,0.16146393972012918,158,160,2,9.0,13.0,5.0,29.0,9.0,27.0
12904,GOLDN TEMPLE,9,SRE,03:30:00,03:40:00,330.0,9.0,80.0,16.67,3.33,0.0,2,33,24,1528.0,0.17761033369214208,210,220,10,14.0,9.0,-5.0,26.0,9.0,27.0
12904,GOLDN TEMPLE,10,MOZ,04:23:00,04:25:00,388.0,9.0,83.33,10.0,6.67,0.0,2,33,23,1470.0,0.20882669537136705,263,265,2,9.0,14.0,0.0,36.0,13.0,27.0
12904,GOLDN TEMPLE,11,MUT,04:59:00,05:01:00,439.0,13.0,76.67,16.67,6.67,0.0,2,33,22,1419.0,0.23627556512378903,299,301,2,9.0,9.0,4.0,36.5,16.0,27.0
12904,GOLDN TEMPLE,12,MTC,05:10:00,05:15:00,443.0,16.0,73.33,16.67,10.0,0.0,2,33,21,1415.0,0.23842841765339073,310,315,5,13.0,9.0,3.0,36.5,22.0,27.0
12904,GOLDN TEMPLE,13,GZB,06:18:00,06:20:00,491.0,22.0,56.67,30.0,13.33,0.0,2,33,20,1367.0,0.26426264800861143,378,380,2,16.0,13.0,6.0,37.5,17.0,27.0
12904,GOLDN TEMPLE,14,NZM,07:05:00,07:20:00,518.0,17.0,80.0,3.33,16.67,0.0,2,33,19,1340.0,0.27879440258342303,425,440,15,22.0,16.0,-5.0,21.08,31.0,27.0
12904,GOLDN TEMPLE,15,FDB,07:38:00,07:40:00,536.0,31.0,73.33,10.0,16.67,0.0,2,33,18,1322.0,0.2884822389666308,458,460,2,17.0,22.0,14.0,32.21,27.0,27.0
12904,GOLDN TEMPLE,16,MTJ,09:55:00,10:00:00,648.0,27.0,73.33,10.0,16.67,0.0,2,33,17,1210.0,0.348762109795479,595,600,5,31.0,17.0,-4.0,29.25,28.0,27.0
12904,GOLDN TEMPLE,17,BTE,10:29:00,10:30:00,682.0,28.0,70.0,13.33,16.67,0.0,2,33,16,1176.0,0.36706135629709363,629,630,1,27.0,31.0,1.0,28.75,35.0,27.0
12904,GOLDN TEMPLE,18,BXN,10:59:00,11:00:00,724.0,35.0,53.33,30.0,16.67,0.0,2,33,15,1134.0,0.38966630785791173,659,660,1,28.0,27.0,7.0,29.25,35.0,27.0
12904,GOLDN TEMPLE,19,HAN,11:24:00,11:25:00,757.0,35.0,50.0,33.33,16.67,0.0,2,33,14,1101.0,0.4074273412271259,684,685,1,35.0,28.0,0.0,29.0,34.0,27.0
12904,GOLDN TEMPLE,21,GGC,12:08:00,12:10:00,797.0,34.0,56.67,26.67,16.67,0.0,2,33,12,1061.0,0.42895586652314316,728,730,2,35.0,35.0,-1.0,29.5,35.0,27.0
12904,GOLDN TEMPLE,22,SWM,12:55:00,13:00:00,861.0,35.0,56.67,26.67,16.67,0.0,2,33,11,997.0,0.46340150699677074,775,780,5,34.0,35.0,1.0,25.17,32.0,27.0
12904,GOLDN TEMPLE,23,KOTA,14:20:00,14:25:00,968.0,32.0,56.67,26.67,16.67,0.0,2,33,10,890.0,0.5209903121636168,860,865,5,35.0,34.0,-3.0,21.75,38.0,27.0
12904,GOLDN TEMPLE,24,BWM,15:45:00,15:47:00,1069.0,38.0,56.67,23.33,20.0,0.0,2,33,9,789.0,0.5753498385360603,945,947,2,32.0,35.0,6.0,32.0,44.0,27.0
12904,GOLDN TEMPLE,25,SGZ,16:11:00,16:13:00,1098.0,44.0,30.0,50.0,20.0,0.0,2,33,8,760.0,0.5909580193756727,971,973,2,38.0,32.0,6.0,25.62,41.66666666666666,27.0
12904,GOLDN TEMPLE,26,NAD,17:55:00,17:57:00,1189.0,41.66666666666666,73.33,13.33,13.33,0.0,2,33,7,669.0,0.639935414424112,1075,1077,2,44.0,38.0,-2.333333333333343,17.94,39.333333333333336,27.0
12904,GOLDN TEMPLE,27,RTM,18:55:00,19:05:00,1234.0,39.333333333333336,56.67,23.33,20.0,0.0,2,33,6,624.0,0.6641550053821313,1135,1145,10,41.66666666666666,44.0,-2.3333333333333215,19.67,37.0,27.0
12904,GOLDN TEMPLE,28,MGN,20:07:00,20:09:00,1316.0,37.0,26.67,53.33,20.0,0.0,2,33,5,542.0,0.7082884822389667,1207,1209,2,39.333333333333336,41.66666666666666,-2.3333333333333357,25.25,39.0,27.0
12904,GOLDN TEMPLE,29,DHD,20:33:00,20:35:00,1349.0,39.0,30.0,50.0,20.0,0.0,2,33,4,509.0,0.7260495156081809,1233,1235,2,37.0,39.333333333333336,2.0,25.69,31.0,27.0
12904,GOLDN TEMPLE,30,GDA,21:50:00,21:52:00,1424.0,31.0,70.0,13.33,16.67,0.0,2,33,3,434.0,0.7664155005382132,1310,1312,2,39.0,37.0,-8.0,21.62,23.0,27.0
12904,GOLDN TEMPLE,31,BRC,22:53:00,23:03:00,1496.0,23.0,66.67,16.67,16.67,0.0,2,33,2,362.0,0.8051668460710442,1373,1383,10,31.0,39.0,-8.0,15.19,22.0,27.0
12904,GOLDN TEMPLE,32,ST,00:39:00,00:44:00,1625.0,22.0,73.33,10.0,16.67,0.0,2,33,1,233.0,0.8745963401506996,39,44,5,23.0,31.0,-1.0,13.7,27.0,27.0
12925,PASCHIM EXPR,1,BDTS,12:00:00,12:00:00,0.0,1.0,22.74,0.0,0.0,77.26,2,42,41,1810.0,0.0,720,720,0,0.0,0.0,1.0,3.0,16.0,16.0
12925,PASCHIM EXPR,3,BVI,12:34:00,12:37:00,18.0,16.0,56.99,43.01,0.0,0.0,2,42,39,1792.0,0.009944751381215469,754,757,3,1.0,0.0,15.0,21.2,19.0,16.0
12925,PASCHIM EXPR,4,DRD,13:50:00,13:52:00,108.0,19.0,44.11,55.07,0.82,0.0,2,42,38,1702.0,0.05966850828729282,830,832,2,16.0,1.0,3.0,23.5,24.0,16.0
12925,PASCHIM EXPR,5,VAPI,14:23:00,14:25:00,158.0,24.0,29.59,68.77,1.64,0.0,2,42,37,1652.0,0.08729281767955802,863,865,2,19.0,16.0,5.0,19.33,30.0,16.0
12925,PASCHIM EXPR,6,BL,14:48:00,14:51:00,182.0,30.0,14.52,82.19,3.29,0.0,2,42,36,1628.0,0.1005524861878453,888,891,3,24.0,19.0,6.0,20.0,20.0,16.0
12925,PASCHIM EXPR,7,NVS,15:30:00,15:35:00,222.0,20.0,14.79,82.74,2.47,0.0,2,42,35,1588.0,0.12265193370165746,930,935,5,30.0,24.0,-10.0,18.5,10.0,16.0
12925,PASCHIM EXPR,8,ST,16:15:00,16:20:00,251.0,10.0,89.04,9.59,1.37,0.0,2,42,34,1559.0,0.13867403314917126,975,980,5,20.0,30.0,-10.0,13.7,15.0,16.0
12925,PASCHIM EXPR,9,BH,17:04:00,17:06:00,310.0,15.0,68.22,29.59,2.19,0.0,2,42,33,1500.0,0.1712707182320442,1024,1026,2,10.0,20.0,5.0,12.25,14.25,16.0
12925,PASCHIM EXPR,10,BRC,18:03:00,18:13:00,380.0,14.25,88.49,9.59,1.92,0.0,2,42,32,1430.0,0.20994475138121546,1083,1093,10,15.0,10.0,-0.75,15.19,13.5,16.0
12925,PASCHIM EXPR,11,GDA,19:18:00,19:20:00,453.0,13.5,95.07,3.56,1.37,0.0,2,42,31,1357.0,0.25027624309392266,1158,1160,2,14.25,15.0,-0.75,21.62,12.75,16.0
12925,PASCHIM EXPR,12,DHD,20:13:00,20:15:00,527.0,12.75,81.64,16.71,1.64,0.0,2,42,30,1283.0,0.29116022099447514,1213,1215,2,13.5,14.25,-0.75,25.69,12.0,16.0
12925,PASCHIM EXPR,13,MGN,20:37:00,20:39:00,560.0,12.0,80.55,17.53,1.92,0.0,2,42,29,1250.0,0.30939226519337015,1237,1239,2,12.75,13.5,-0.75,25.25,13.0,16.0
12925,PASCHIM EXPR,14,RTM,22:20:00,22:30:00,642.0,13.0,80.27,17.81,1.92,0.0,2,42,28,1168.0,0.3546961325966851,1340,1350,10,12.0,12.75,1.0,19.67,7.0,16.0
12925,PASCHIM EXPR,15,NAD,23:23:00,23:25:00,686.0,7.0,96.99,1.64,1.37,0.0,2,42,27,1124.0,0.37900552486187844,1403,1405,2,13.0,12.0,-6.0,17.94,8.5,16.0
12925,PASCHIM EXPR,16,SGZ,00:24:00,00:26:00,778.0,8.5,93.42,4.93,1.64,0.0,2,42,26,1032.0,0.4298342541436464,24,26,2,7.0,13.0,1.5,25.62,10.0,16.0
12925,PASCHIM EXPR,17,RMA,01:08:00,01:10:00,835.0,10.0,92.05,6.03,1.92,0.0,2,42,25,975.0,0.4613259668508287,68,70,2,8.5,7.0,1.5,19.5,11.0,16.0
12925,PASCHIM EXPR,18,KOTA,02:10:00,02:15:00,907.0,11.0,85.48,12.05,2.47,0.0,2,42,24,903.0,0.5011049723756906,130,135,5,10.0,8.5,1.0,21.75,22.0,16.0
12925,PASCHIM EXPR,19,SWM,03:48:00,03:50:00,1015.0,22.0,50.96,44.38,4.66,0.0,2,42,23,795.0,0.5607734806629834,228,230,2,11.0,10.0,11.0,25.17,13.0,16.0
12925,PASCHIM EXPR,20,GGC,04:40:00,04:42:00,1078.0,13.0,81.64,14.79,3.56,0.01,2,42,22,732.0,0.5955801104972376,280,282,2,22.0,11.0,-9.0,29.5,17.0,16.0
12925,PASCHIM EXPR,21,HAN,05:13:00,05:15:00,1119.0,17.0,70.41,25.48,4.11,0.0,2,42,21,691.0,0.618232044198895,313,315,2,13.0,22.0,4.0,29.0,18.0,16.0
12925,PASCHIM EXPR,22,BXN,05:48:00,05:50:00,1152.0,18.0,68.49,27.4,4.11,0.0,2,42,20,658.0,0.63646408839779,348,350,2,17.0,13.0,1.0,29.25,19.0,16.0
12925,PASCHIM EXPR,23,BTE,06:20:00,06:22:00,1193.0,19.0,55.89,41.37,2.74,0.0,2,42,19,617.0,0.6591160220994475,380,382,2,18.0,17.0,1.0,28.75,10.0,16.0
12925,PASCHIM EXPR,24,MTJ,07:45:00,07:50:00,1227.0,10.0,90.96,7.67,1.37,0.0,2,42,18,583.0,0.6779005524861879,465,470,5,19.0,18.0,-9.0,29.25,13.5,16.0
12925,PASCHIM EXPR,25,FDB,09:29:00,09:31:00,1338.0,13.5,85.48,11.78,2.74,0.0,2,42,17,472.0,0.7392265193370166,569,571,2,10.0,19.0,3.5,32.21,17.0,16.0
12925,PASCHIM EXPR,26,NZM,10:03:00,10:05:00,1355.0,17.0,64.38,32.88,2.74,0.0,2,42,16,455.0,0.7486187845303868,603,605,2,13.5,10.0,3.5,21.08,13.0,16.0
12925,PASCHIM EXPR,27,NDLS,10:40:00,11:05:00,1362.0,13.0,80.0,16.99,3.01,0.0,2,42,15,448.0,0.7524861878453039,640,665,25,17.0,13.5,-4.0,18.33,17.0,16.0
12925,PASCHIM EXPR,28,SZM,11:19:00,11:21:00,1366.0,17.0,67.12,29.86,3.01,0.0,2,42,14,444.0,0.7546961325966851,679,681,2,13.0,17.0,4.0,25.5,21.0,16.0
12925,PASCHIM EXPR,29,SNP,11:50:00,11:52:00,1407.0,21.0,53.97,43.01,3.01,0.01,2,42,13,403.0,0.7773480662983425,710,712,2,17.0,13.0,4.0,24.5,27.0,16.0
12925,PASCHIM EXPR,30,PNP,12:25:00,12:27:00,1452.0,27.0,39.45,55.34,5.21,0.0,2,42,12,358.0,0.8022099447513812,745,747,2,21.0,17.0,6.0,26.0,33.0,16.0
12925,PASCHIM EXPR,31,KUN,12:50:00,12:52:00,1486.0,33.0,24.66,67.4,7.95,0.0,2,42,11,324.0,0.8209944751381215,770,772,2,27.0,21.0,6.0,27.5,38.0,16.0
12925,PASCHIM EXPR,32,KKDE,13:18:00,13:20:00,1519.0,38.0,10.96,79.45,9.59,0.0,2,42,10,291.0,0.8392265193370165,798,800,2,33.0,27.0,5.0,29.0,13.0,16.0
12925,PASCHIM EXPR,33,UMB,14:40:00,14:55:00,1561.0,13.0,83.56,13.15,3.29,0.0,2,42,9,249.0,0.8624309392265194,880,895,15,38.0,33.0,-25.0,20.5,14.0,16.0
12925,PASCHIM EXPR,37,LDH,16:47:00,16:52:00,1674.0,14.0,84.66,11.23,4.11,0.0,2,42,5,136.0,0.9248618784530387,1007,1012,5,13.0,38.0,1.0,25.0,19.0,16.0
12925,PASCHIM EXPR,38,PGW,17:19:00,17:21:00,1710.0,19.0,71.23,21.92,6.85,0.0,2,42,4,100.0,0.9447513812154696,1039,1041,2,14.0,13.0,5.0,20.0,20.0,16.0
12925,PASCHIM EXPR,39,JRC,17:37:00,17:39:00,1727.0,20.0,65.21,27.95,6.85,0.0,2,42,3,83.0,0.9541436464088398,1057,1059,2,19.0,14.0,1.0,20.0,19.0,16.0
12925,PASCHIM EXPR,40,JUC,17:53:00,17:58:00,1731.0,19.0,68.49,25.21,6.3,0.0,2,42,2,79.0,0.956353591160221,1073,1078,5,20.0,19.0,-1.0,22.25,19.0,16.0
12925,PASCHIM EXPR,41,BEAS,18:30:00,18:32:00,1767.0,19.0,70.68,21.64,7.67,0.01,2,42,1,43.0,0.976243093922652,1110,1112,2,19.0,20.0,0.0,24.75,16.0,16.0
12926,PASCHIM EXPR,1,ASR,08:10:00,08:10:00,0.0,9.0,94.79,3.29,1.92,0.0,2,41,40,1813.0,0.0,490,490,0,0.0,0.0,9.0,16.5,22.0,5.0
12926,PASCHIM EXPR,2,BEAS,08:38:00,08:40:00,42.0,22.0,51.78,46.3,1.92,0.0,2,41,39,1771.0,0.023166023166023165,518,520,2,9.0,0.0,13.0,24.75,17.0,5.0
12926,PASCHIM EXPR,3,JUC,09:15:00,09:20:00,78.0,17.0,71.23,26.03,2.74,0.0,2,41,38,1735.0,0.04302261445118588,555,560,5,22.0,9.0,-5.0,22.25,20.0,5.0
12926,PASCHIM EXPR,4,JRC,09:28:00,09:30:00,83.0,20.0,60.27,36.71,3.01,0.01,2,41,37,1730.0,0.045780474351902925,568,570,2,17.0,22.0,3.0,20.0,21.0,5.0
12926,PASCHIM EXPR,5,PGW,09:43:00,09:45:00,99.0,21.0,46.85,49.86,3.29,0.0,2,41,36,1714.0,0.05460562603419746,583,585,2,20.0,17.0,1.0,20.0,22.0,5.0
12926,PASCHIM EXPR,6,LDH,10:25:00,10:35:00,135.0,22.0,55.89,39.73,4.38,0.0,2,41,35,1678.0,0.07446221731936017,625,635,10,21.0,20.0,1.0,25.0,11.0,5.0
12926,PASCHIM EXPR,10,UMB,12:35:00,13:05:00,249.0,11.0,92.33,4.38,3.29,0.0,2,41,31,1564.0,0.13734142305570876,755,785,30,22.0,21.0,-11.0,20.5,20.0,5.0
12926,PASCHIM EXPR,11,KKDE,13:38:00,13:40:00,290.0,20.0,71.78,24.38,3.84,0.0,2,41,30,1523.0,0.15995587424158852,818,820,2,11.0,22.0,9.0,29.0,22.0,5.0
12926,PASCHIM EXPR,12,KUN,14:06:00,14:08:00,323.0,22.0,60.82,35.34,3.56,0.28,2,41,29,1490.0,0.17815774958632102,846,848,2,20.0,11.0,2.0,27.5,25.0,5.0
12926,PASCHIM EXPR,13,PNP,14:36:00,14:38:00,358.0,25.0,50.41,45.48,4.11,0.0,2,41,28,1455.0,0.19746276889134032,876,878,2,22.0,20.0,3.0,26.0,28.0,5.0
12926,PASCHIM EXPR,14,SNP,15:16:00,15:18:00,403.0,28.0,41.92,53.42,4.66,0.0,2,41,27,1410.0,0.2222835079977937,916,918,2,25.0,22.0,3.0,24.5,34.0,5.0
12926,PASCHIM EXPR,15,SZM,15:54:00,15:56:00,443.0,34.0,23.01,70.96,6.03,0.0,2,41,26,1370.0,0.24434638720353005,954,956,2,28.0,25.0,6.0,25.5,21.0,5.0
12926,PASCHIM EXPR,16,NDLS,16:25:00,16:45:00,447.0,21.0,66.58,28.49,4.93,0.0,2,41,25,1366.0,0.2465526751241037,985,1005,20,34.0,28.0,-13.0,18.33,48.0,5.0
12926,PASCHIM EXPR,17,FDB,17:12:00,17:14:00,472.0,48.0,6.85,84.38,8.77,0.0,2,41,24,1341.0,0.26034197462768893,1032,1034,2,21.0,34.0,27.0,32.21,18.0,5.0
12926,PASCHIM EXPR,18,MTJ,19:10:00,19:15:00,584.0,18.0,84.11,10.68,5.21,0.0,2,41,23,1229.0,0.3221180364037507,1150,1155,5,48.0,21.0,-30.0,29.25,18.0,5.0
12926,PASCHIM EXPR,19,BTE,19:40:00,19:42:00,618.0,18.0,79.45,15.07,5.48,0.0,2,41,22,1195.0,0.3408714837286266,1180,1182,2,18.0,48.0,0.0,28.75,18.0,5.0
12926,PASCHIM EXPR,20,BXN,20:11:00,20:13:00,660.0,18.0,83.29,11.23,5.48,0.0,2,41,21,1153.0,0.36403750689464975,1211,1213,2,18.0,18.0,0.0,29.25,16.0,5.0
12926,PASCHIM EXPR,21,HAN,20:36:00,20:38:00,693.0,16.0,78.63,15.34,6.03,0.0,2,41,20,1120.0,0.38223938223938225,1236,1238,2,18.0,18.0,-2.0,29.0,22.0,5.0
12926,PASCHIM EXPR,22,GGC,21:13:00,21:15:00,733.0,22.0,72.05,21.64,6.3,0.01,2,41,19,1080.0,0.4043022614451186,1273,1275,2,16.0,18.0,6.0,29.5,24.0,5.0
12926,PASCHIM EXPR,23,SWM,22:00:00,22:05:00,797.0,24.0,61.64,31.51,6.85,0.0,2,41,18,1016.0,0.4396028681742967,1320,1325,5,22.0,16.0,2.0,25.17,29.0,5.0
12926,PASCHIM EXPR,24,KOTA,23:30:00,23:40:00,904.0,29.0,53.7,36.71,9.59,0.0,2,41,17,909.0,0.49862107004964146,1410,1420,10,24.0,22.0,5.0,21.75,29.0,5.0
12926,PASCHIM EXPR,25,RMA,00:33:00,00:35:00,977.0,29.0,51.51,39.45,9.04,0.0,2,41,16,836.0,0.5388858246001104,33,35,2,29.0,24.0,0.0,19.5,26.0,5.0
12926,PASCHIM EXPR,26,SGZ,01:15:00,01:17:00,1034.0,26.0,56.71,36.16,7.12,0.01,2,41,15,779.0,0.5703254274682846,75,77,2,29.0,29.0,-3.0,25.62,13.0,5.0
12926,PASCHIM EXPR,27,NAD,03:18:00,03:20:00,1125.0,13.0,93.7,2.74,3.56,0.0,2,41,14,688.0,0.6205184776613348,198,200,2,26.0,29.0,-13.0,17.94,15.0,5.0
12926,PASCHIM EXPR,28,RTM,04:00:00,04:10:00,1170.0,15.0,88.77,7.4,3.84,0.0,2,41,13,643.0,0.6453392167677882,240,250,10,13.0,26.0,2.0,19.67,18.0,5.0
12926,PASCHIM EXPR,29,MGN,05:22:00,05:24:00,1252.0,18.0,83.84,12.05,4.11,0.0,2,41,12,561.0,0.6905681191395477,322,324,2,15.0,13.0,3.0,25.25,18.0,5.0
12926,PASCHIM EXPR,30,DHD,05:48:00,05:50:00,1285.0,18.0,81.37,14.52,4.11,0.0,2,41,11,528.0,0.7087699944842802,348,350,2,18.0,15.0,0.0,25.69,14.0,5.0
12926,PASCHIM EXPR,31,GDA,07:16:00,07:18:00,1359.0,14.0,93.42,3.29,3.29,0.0,2,41,10,454.0,0.7495863210148924,436,438,2,18.0,18.0,-4.0,21.62,16.0,5.0
12926,PASCHIM EXPR,32,BRC,08:16:00,08:26:00,1432.0,16.0,87.67,8.77,3.56,0.0,2,41,9,381.0,0.7898510755653613,496,506,10,14.0,18.0,2.0,15.19,18.0,5.0
12926,PASCHIM EXPR,33,BH,09:16:00,09:18:00,1502.0,18.0,82.19,14.25,3.56,0.0,2,41,8,311.0,0.8284611141753999,556,558,2,16.0,14.0,2.0,12.25,15.0,5.0
12926,PASCHIM EXPR,34,ST,10:15:00,10:20:00,1561.0,15.0,86.58,9.32,4.11,0.0,2,41,7,252.0,0.861003861003861,615,620,5,18.0,16.0,-3.0,13.7,17.0,5.0
12926,PASCHIM EXPR,35,NVS,10:48:00,10:50:00,1591.0,17.0,81.64,13.7,4.66,0.0,2,41,6,222.0,0.8775510204081632,648,650,2,15.0,18.0,2.0,18.5,25.0,5.0
12926,PASCHIM EXPR,36,BL,11:28:00,11:30:00,1630.0,25.0,49.59,44.66,5.75,0.0,2,41,5,183.0,0.8990623276337562,688,690,2,17.0,15.0,8.0,20.0,24.0,5.0
12926,PASCHIM EXPR,37,VAPI,11:50:00,11:52:00,1654.0,24.0,58.36,34.52,7.12,0.0,2,41,4,159.0,0.912300055157198,710,712,2,25.0,17.0,-1.0,19.33,28.0,5.0
12926,PASCHIM EXPR,38,DRD,12:32:00,12:34:00,1704.0,28.0,47.95,43.84,8.22,0.0,2,41,3,109.0,0.9398786541643684,752,754,2,24.0,25.0,4.0,23.5,29.0,5.0
12926,PASCHIM EXPR,39,BVI,13:54:00,13:57:00,1794.0,29.0,40.55,51.23,8.22,0.0,2,41,2,19.0,0.9895201323772752,834,837,3,28.0,24.0,1.0,21.2,5.0,5.0
12951,MUMBAI RAJDH,2,BVI,17:30:00,17:32:00,29.0,15.0,93.7,5.21,1.1,0.0,2,8,6,1344.0,0.02112163146394756,1050,1052,2,0.0,0.0,15.0,21.2,16.0,27.0
12951,MUMBAI RAJDH,3,ST,19:53:00,19:58:00,262.0,16.0,81.92,16.16,1.92,0.0,2,8,5,1111.0,0.1908230152949745,1193,1198,5,15.0,0.0,1.0,13.7,17.0,27.0
12951,MUMBAI RAJDH,4,BRC,21:18:00,21:28:00,391.0,17.0,74.52,23.84,1.64,0.0,2,8,4,982.0,0.2847778587035688,1278,1288,10,16.0,15.0,1.0,15.19,15.0,27.0
12951,MUMBAI RAJDH,5,RTM,00:37:00,00:40:00,652.0,15.0,83.56,14.25,2.19,0.0,2,8,3,721.0,0.4748725418790969,37,40,3,17.0,16.0,-2.0,19.67,11.0,27.0
12951,MUMBAI RAJDH,6,NAD,01:18:00,01:20:00,697.0,11.0,92.05,6.3,1.64,0.01,2,8,2,676.0,0.507647487254188,78,80,2,15.0,17.0,-4.0,17.94,16.0,27.0
12951,MUMBAI RAJDH,7,KOTA,03:20:00,03:25:00,918.0,16.0,80.27,17.81,1.92,0.0,2,8,1,455.0,0.6686088856518573,200,205,5,11.0,15.0,5.0,21.75,27.0,27.0
12952,MUMBAI RAJDH,1,NDLS,16:25:00,16:25:00,0.0,8.0,97.26,0.55,2.19,0.0,2,7,6,1346.0,0.0,985,985,0,0.0,0.0,8.0,18.33,20.0,28.0
12952,MUMBAI RAJDH,2,KOTA,21:00:00,21:05:00,457.0,20.0,57.81,38.9,3.29,0.0,2,7,5,889.0,0.3395245170876672,1260,1265,5,8.0,0.0,12.0,21.75,15.0,28.0
12952,MUMBAI RAJDH,3,NAD,23:35:00,23:37:00,678.0,15.0,76.71,20.0,3.29,0.0,2,7,4,668.0,0.5037147102526003,1415,1417,2,20.0,8.0,-5.0,17.94,20.0,28.0
12952,MUMBAI RAJDH,4,RTM,00:05:00,00:08:00,723.0,20.0,64.93,31.51,3.56,0.0,2,7,3,623.0,0.537147102526003,5,8,3,15.0,20.0,5.0,19.67,13.0,28.0
12952,MUMBAI RAJDH,5,BRC,03:24:00,03:34:00,985.0,13.0,87.12,9.86,3.01,0.01,2,7,2,361.0,0.7317979197622585,204,214,10,20.0,15.0,-7.0,15.19,15.0,28.0
12952,MUMBAI RAJDH,6,ST,04:58:00,05:03:00,1114.0,15.0,85.48,11.51,3.01,0.0,2,7,1,232.0,0.8276374442793462,298,303,5,13.0,20.0,2.0,13.7,28.0,28.0
12953,AUG KR RAJ E,3,BVI,18:16:00,18:19:00,29.0,9.0,86.67,13.33,0.0,0.0,2,13,10,1337.0,0.0212298682284041,1096,1099,3,0.0,0.0,9.0,21.2,14.0,7.0
12953,AUG KR RAJ E,4,VAPI,19:40:00,19:42:00,169.0,14.0,63.33,36.67,0.0,0.0,2,13,9,1197.0,0.12371888726207907,1180,1182,2,9.0,0.0,5.0,19.33,11.0,7.0
12953,AUG KR RAJ E,5,BL,20:02:00,20:05:00,193.0,11.0,80.0,20.0,0.0,0.0,2,13,8,1173.0,0.14128843338213762,1202,1205,3,14.0,9.0,-3.0,20.0,7.0,7.0
12953,AUG KR RAJ E,6,ST,20:50:00,20:55:00,262.0,7.0,93.33,6.67,0.0,0.0,2,13,7,1104.0,0.191800878477306,1250,1255,5,11.0,14.0,-4.0,13.7,8.5,7.0
12953,AUG KR RAJ E,7,BH,21:32:00,21:33:00,321.0,8.5,80.0,20.0,0.0,0.0,2,13,6,1045.0,0.2349926793557833,1292,1293,1,7.0,11.0,1.5,12.25,10.0,7.0
12953,AUG KR RAJ E,8,BRC,22:21:00,22:31:00,391.0,10.0,83.33,16.67,0.0,0.0,2,13,5,975.0,0.2862371888726208,1341,1351,10,8.5,7.0,1.5,15.19,10.0,7.0
12953,AUG KR RAJ E,9,RTM,02:18:00,02:20:00,652.0,10.0,80.0,20.0,0.0,0.0,2,13,4,714.0,0.4773060029282577,138,140,2,10.0,8.5,0.0,19.67,9.0,7.0
12953,AUG KR RAJ E,10,KOTA,05:10:00,05:20:00,918.0,9.0,73.33,23.33,3.33,0.01,2,13,3,448.0,0.6720351390922401,310,320,10,10.0,10.0,-1.0,21.75,15.0,7.0
12953,AUG KR RAJ E,11,SWM,06:26:00,06:28:00,1026.0,15.0,66.67,30.0,3.33,0.0,2,13,2,340.0,0.7510980966325037,386,388,2,9.0,10.0,6.0,25.17,8.0,7.0
12953,AUG KR RAJ E,12,MTJ,09:00:00,09:02:00,1238.0,8.0,96.67,0.0,3.33,0.0,2,13,1,128.0,0.9062957540263543,540,542,2,15.0,9.0,-7.0,29.25,7.0,7.0
12954,AG KRANTI RJ,1,NZM,16:50:00,16:50:00,0.0,0.0,100.0,0.0,0.0,0.0,2,11,10,1339.0,0.0,1010,1010,0,0.0,0.0,0.0,21.08,6.0,29.0
12954,AG KRANTI RJ,2,MTJ,18:38:00,18:40:00,130.0,6.0,96.67,3.33,0.0,0.0,2,11,9,1209.0,0.0970873786407767,1118,1120,2,0.0,0.0,6.0,29.25,13.0,29.0
12954,AG KRANTI RJ,3,SWM,20:36:00,20:38:00,342.0,13.0,76.67,20.0,3.33,0.0,2,11,8,997.0,0.2554144884241972,1236,1238,2,6.0,0.0,7.0,25.17,23.0,29.0
12954,AG KRANTI RJ,4,KOTA,21:40:00,21:50:00,450.0,23.0,43.33,50.0,6.67,0.0,2,11,7,889.0,0.33607169529499625,1300,1310,10,13.0,6.0,10.0,21.75,20.0,29.0
12954,AG KRANTI RJ,5,RTM,00:53:00,00:55:00,715.0,20.0,66.67,26.67,6.67,0.0,2,11,6,624.0,0.5339805825242718,53,55,2,23.0,13.0,-3.0,19.67,16.666666666666668,29.0
12954,AG KRANTI RJ,6,BRC,04:13:00,04:23:00,978.0,16.666666666666668,83.33,10.0,6.67,0.0,2,11,5,361.0,0.7303958177744585,253,263,10,20.0,23.0,-3.333333333333332,15.19,15.0,29.0
12954,AG KRANTI RJ,7,BH,05:05:00,05:07:00,1048.0,15.0,86.67,6.67,6.67,0.0,2,11,4,291.0,0.7826736370425691,305,307,2,16.666666666666668,20.0,-1.6666666666666679,12.25,14.0,29.0
12954,AG KRANTI RJ,8,ST,05:57:00,06:02:00,1106.0,14.0,90.0,3.33,6.67,0.0,2,11,3,233.0,0.8259895444361464,357,362,5,15.0,16.666666666666668,-1.0,13.7,14.0,29.0
12954,AG KRANTI RJ,9,BL,06:45:00,06:46:00,1175.0,14.0,86.67,6.67,6.67,0.0,2,11,2,164.0,0.8775205377147125,405,406,1,14.0,15.0,0.0,20.0,23.0,29.0
12954,AG KRANTI RJ,10,VAPI,07:03:00,07:05:00,1199.0,23.0,83.33,10.0,6.67,0.0,2,11,1,140.0,0.8954443614637789,423,425,2,14.0,14.0,9.0,19.33,29.0,29.0
12957,SWARNA J RAJ,3,MSH,18:45:00,18:47:00,68.0,8.0,93.33,3.33,3.33,0.01,2,10,7,863.0,0.07303974221267455,1125,1127,2,0.0,0.0,8.0,7.0,8.0,15.0
12957,SWARNA J RAJ,4,PNU,20:02:00,20:04:00,133.0,8.0,96.67,0.0,3.33,0.0,2,10,6,798.0,0.14285714285714285,1202,1204,2,8.0,0.0,0.0,6.0,8.0,15.0
12957,SWARNA J RAJ,5,ABR,20:45:00,20:50:00,186.0,8.0,96.67,0.0,3.33,0.0,2,10,5,745.0,0.19978517722878625,1245,1250,5,8.0,8.0,0.0,9.0,6.0,15.0
12957,SWARNA J RAJ,6,AII,00:55:00,01:00:00,489.0,6.0,96.67,0.0,3.33,0.0,2,10,4,442.0,0.5252416756176155,55,60,5,8.0,8.0,-2.0,11.0,7.0,15.0
12957,SWARNA J RAJ,7,JP,02:50:00,03:00:00,623.0,7.0,96.67,0.0,3.33,0.0,2,10,3,308.0,0.6691729323308271,170,180,10,6.0,8.0,1.0,9.25,14.0,15.0
12957,SWARNA J RAJ,8,GGN,06:26:00,06:28:00,899.0,14.0,96.67,0.0,3.33,0.0,2,10,2,32.0,0.9656283566058003,386,388,2,7.0,6.0,7.0,10.5,15.0,15.0
12957,SWARNA J RAJ,9,DEC,06:44:00,06:46:00,916.0,15.0,96.67,0.0,3.33,0.0,2,10,1,15.0,0.9838882921589689,404,406,2,14.0,7.0,1.0,9.5,15.0,15.0
12958,ADI SJ RAJDH,1,NDLS,19:55:00,19:55:00,0.0,4.0,100.0,0.0,0.0,0.0,2,8,7,865.0,0.0,1195,1195,0,0.0,0.0,4.0,18.33,4.0,6.0
12958,ADI SJ RAJDH,2,DEC,20:23:00,20:25:00,15.0,4.0,100.0,0.0,0.0,0.0,2,8,6,850.0,0.017341040462427744,1223,1225,2,4.0,0.0,0.0,9.5,7.0,6.0
12958,ADI SJ RAJDH,3,GGN,20:41:00,20:43:00,32.0,7.0,93.33,6.67,0.0,0.0,2,8,5,833.0,0.03699421965317919,1241,1243,2,4.0,4.0,3.0,10.5,11.5,6.0
12958,ADI SJ RAJDH,4,JP,00:20:00,00:30:00,308.0,11.5,46.67,53.33,0.0,0.0,2,8,4,557.0,0.3560693641618497,20,30,10,7.0,4.0,4.5,9.25,16.0,6.0
12958,ADI SJ RAJDH,5,AII,02:25:00,02:29:00,442.0,16.0,63.33,36.67,0.0,0.0,2,8,3,423.0,0.5109826589595375,145,149,4,11.5,7.0,4.5,11.0,10.0,6.0
12958,ADI SJ RAJDH,6,ABR,06:01:00,06:05:00,747.0,10.0,73.33,26.67,0.0,0.0,2,8,2,118.0,0.8635838150289017,361,365,4,16.0,11.5,-6.0,9.0,4.0,6.0
12958,ADI SJ RAJDH,7,PNU,07:10:00,07:12:00,800.0,4.0,90.0,10.0,0.0,0.0,2,8,1,65.0,0.9248554913294798,430,432,2,10.0,16.0,-6.0,6.0,6.0,6.0
15959,KAMRUP EXPRE,1,HWH,17:35:00,17:35:00,0.0,8.0,97.32,2.68,0.0,0.0,1,56,55,1507.0,0.0,1055,1055,0,0.0,0.0,8.0,66.0,8.0,17.0
15959,KAMRUP EXPRE,2,BDC,18:25:00,18:30:00,39.0,8.0,90.8,8.81,0.38,0.01,1,56,54,1468.0,0.025879230258792303,1105,1110,5,8.0,0.0,0.0,23.0,13.0,17.0
15959,KAMRUP EXPRE,3,ABKA,19:03:00,19:08:00,68.0,13.0,71.65,27.97,0.38,0.0,1,56,53,1439.0,0.0451227604512276,1143,1148,5,8.0,8.0,5.0,25.5,11.5,17.0
15959,KAMRUP EXPRE,4,NDAE,19:31:00,19:36:00,83.0,11.5,65.13,34.48,0.38,0.0,1,56,52,1424.0,0.055076310550763105,1171,1176,5,13.0,8.0,-1.5,23.75,10.0,17.0
15959,KAMRUP EXPRE,5,KWAE,20:28:00,20:33:00,122.0,10.0,79.69,19.92,0.38,0.01,1,56,51,1385.0,0.0809555408095554,1228,1233,5,11.5,13.0,-1.5,25.25,14.0,17.0
15959,KAMRUP EXPRE,6,SALE,20:50:00,20:52:00,139.0,14.0,62.45,37.16,0.38,0.01,1,56,50,1368.0,0.09223623092236231,1250,1252,2,10.0,11.5,4.0,29.5,11.5,17.0
15959,KAMRUP EXPRE,7,KGLE,22:01:00,22:03:00,180.0,11.5,48.66,50.19,1.15,0.0,1,56,49,1327.0,0.11944260119442601,1321,1323,2,14.0,10.0,-2.5,24.75,9.0,17.0
15959,KAMRUP EXPRE,8,AZ,22:40:00,22:45:00,195.0,9.0,85.82,13.03,1.15,0.0,1,56,48,1312.0,0.1293961512939615,1360,1365,5,11.5,14.0,-2.5,21.0,8.0,17.0
15959,KAMRUP EXPRE,9,JRLE,23:14:00,23:15:00,230.0,8.0,88.12,10.73,1.15,0.0,1,56,47,1277.0,0.15262110152621103,1394,1395,1,9.0,11.5,-1.0,24.5,12.0,17.0
15959,KAMRUP EXPRE,10,NILE,00:04:00,00:05:00,250.0,12.0,78.16,20.69,1.15,0.0,1,56,46,1257.0,0.16589250165892502,4,5,1,8.0,9.0,4.0,26.0,13.0,17.0
15959,KAMRUP EXPRE,11,DGLE,00:19:00,00:20:00,260.0,13.0,77.39,21.07,1.53,0.01,1,56,45,1247.0,0.17252820172528202,19,20,1,12.0,8.0,1.0,25.0,9.0,17.0
15959,KAMRUP EXPRE,12,NFK,00:47:00,00:52:00,272.0,9.0,90.04,8.05,1.92,0.0,1,56,44,1235.0,0.1804910418049104,47,52,5,13.0,12.0,-4.0,68.75,8.0,17.0
15959,KAMRUP EXPRE,13,MLDT,01:50:00,02:10:00,307.0,8.0,95.02,3.07,1.92,0.0,1,56,43,1200.0,0.20371599203715993,110,130,20,9.0,13.0,-1.0,63.25,10.0,17.0
15959,KAMRUP EXPRE,14,SM,02:39:00,02:41:00,342.0,10.0,86.21,11.49,2.3,0.0,1,56,42,1165.0,0.22694094226940942,159,161,2,8.0,9.0,2.0,29.5,11.0,17.0
15959,KAMRUP EXPRE,15,HCR,02:56:00,02:58:00,362.0,11.0,80.08,17.62,2.3,0.0,1,56,41,1145.0,0.2402123424021234,176,178,2,10.0,8.0,1.0,21.5,17.0,17.0
15959,KAMRUP EXPRE,16,BOE,03:31:00,03:33:00,395.0,17.0,0.77,1.15,0.0,98.08,1,56,40,1112.0,0.26211015262110154,211,213,2,11.0,10.0,6.0,68.25,25.5,17.0
15959,KAMRUP EXPRE,17,KNE,04:20:00,04:25:00,452.0,25.5,32.57,62.45,4.98,0.0,1,56,39,1055.0,0.29993364299933645,260,265,5,17.0,11.0,8.5,58.5,34.0,17.0
15959,KAMRUP EXPRE,18,AUB,04:50:00,04:52:00,483.0,34.0,14.18,78.16,7.66,0.0,1,56,38,1024.0,0.32050431320504313,290,292,2,25.5,17.0,8.5,35.0,17.0,17.0
15959,KAMRUP EXPRE,19,NJP,06:20:00,06:35:00,539.0,17.0,68.97,26.05,4.98,0.0,1,56,37,968.0,0.35766423357664234,380,395,15,34.0,25.5,-17.0,55.83,13.0,17.0
15959,KAMRUP EXPRE,20,JPE,07:10:00,07:12:00,573.0,13.0,68.2,26.82,4.98,0.0,1,56,36,934.0,0.3802256138022561,430,432,2,17.0,34.0,-4.0,75.5,21.0,17.0
15959,KAMRUP EXPRE,21,NMX,07:26:00,07:28:00,585.0,21.0,58.62,35.63,5.75,0.0,1,56,35,922.0,0.38818845388188455,446,448,2,13.0,17.0,8.0,33.5,19.0,17.0
15959,KAMRUP EXPRE,22,DQG,07:45:00,07:47:00,605.0,19.0,65.13,29.5,5.36,0.01,1,56,34,902.0,0.40145985401459855,465,467,2,21.0,13.0,-2.0,78.75,13.0,17.0
15959,KAMRUP EXPRE,23,FLK,08:15:00,08:17:00,627.0,13.0,77.39,18.77,3.83,0.01,1,56,33,880.0,0.41605839416058393,495,497,2,19.0,21.0,-6.0,28.75,13.0,17.0
15959,KAMRUP EXPRE,24,NCB,08:55:00,09:00:00,666.0,13.0,82.76,13.03,4.21,0.0,1,56,32,841.0,0.44193762441937623,535,540,5,13.0,19.0,0.0,57.83,12.0,17.0
15959,KAMRUP EXPRE,25,NOQ,09:20:00,09:25:00,684.0,12.0,82.76,13.41,3.45,0.38,1,56,31,823.0,0.45388188453881884,560,565,5,13.0,13.0,-1.0,74.75,18.0,17.0
15959,KAMRUP EXPRE,26,KAMG,09:43:00,09:45:00,705.0,18.0,74.33,21.46,3.83,0.38,1,56,30,802.0,0.4678168546781685,583,585,2,12.0,13.0,6.0,28.5,37.0,17.0
15959,KAMRUP EXPRE,27,FKM,10:26:00,10:28:00,753.0,37.0,6.9,85.06,8.05,0.0,1,56,29,754.0,0.4996682149966821,626,628,2,18.0,12.0,19.0,36.0,35.0,17.0
15959,KAMRUP EXPRE,28,KOJ,10:40:00,10:42:00,762.0,35.0,10.73,80.84,8.43,0.0,1,56,28,745.0,0.5056403450564034,640,642,2,37.0,18.0,-2.0,62.5,17.0,17.0
15959,KAMRUP EXPRE,29,NBQ,11:40:00,11:50:00,794.0,17.0,72.8,21.46,5.75,0.0,1,56,27,713.0,0.5268745852687459,700,710,10,35.0,37.0,-18.0,50.33,20.0,17.0
15959,KAMRUP EXPRE,30,BNGN,11:56:00,11:58:00,796.0,20.0,65.52,26.05,6.13,2.3,1,56,26,711.0,0.5282017252820173,716,718,2,17.0,35.0,3.0,30.5,23.0,17.0
15959,KAMRUP EXPRE,31,SBE,12:30:00,12:32:00,830.0,23.0,59.39,30.27,8.05,2.29,1,56,25,677.0,0.5507631055076311,750,752,2,20.0,17.0,3.0,29.0,24.0,17.0
15959,KAMRUP EXPRE,32,BPRD,12:42:00,12:47:00,838.0,24.0,55.17,34.48,8.05,2.3,1,56,24,669.0,0.5560716655607166,762,767,5,23.0,20.0,1.0,74.75,27.0,17.0
15959,KAMRUP EXPRE,33,PBL,13:04:00,13:06:00,859.0,27.0,48.28,41.38,8.05,2.29,1,56,23,648.0,0.5700066357000664,784,786,2,24.0,23.0,3.0,28.5,28.0,17.0
15959,KAMRUP EXPRE,34,TIHU,13:16:00,13:18:00,869.0,28.0,44.44,44.83,8.43,2.3,1,56,22,638.0,0.5766423357664233,796,798,2,27.0,24.0,1.0,27.0,30.0,17.0
15959,KAMRUP EXPRE,35,NLV,13:34:00,13:36:00,886.0,30.0,41.38,47.89,8.43,2.3,1,56,21,621.0,0.5879230258792303,814,816,2,28.0,27.0,2.0,26.5,26.0,17.0
15959,KAMRUP EXPRE,36,RNY,13:58:00,14:00:00,903.0,26.0,55.17,34.1,8.43,2.3,1,56,20,604.0,0.5992037159920371,838,840,2,30.0,28.0,-4.0,77.75,23.0,17.0
15959,KAMRUP EXPRE,37,KYQ,15:05:00,15:10:00,944.0,23.0,63.6,28.35,8.05,0.0,1,56,19,563.0,0.6264100862641009,905,910,5,26.0,30.0,-3.0,72.0,32.0,17.0
15959,KAMRUP EXPRE,38,GHY,15:35:00,15:50:00,951.0,32.0,41.0,47.51,11.49,0.0,1,56,18,556.0,0.6310550763105508,935,950,15,23.0,26.0,9.0,54.5,35.0,17.0
15959,KAMRUP EXPRE,39,CPK,17:15:00,17:20:00,1042.0,35.0,38.31,47.89,13.79,0.01,1,56,17,465.0,0.6914399469143995,1035,1040,5,32.0,23.0,3.0,28.88,37.0,17.0
15959,KAMRUP EXPRE,40,HJI,18:05:00,18:07:00,1087.0,37.0,36.78,47.51,15.71,0.0,1,56,16,420.0,0.721300597213006,1085,1087,2,35.0,32.0,2.0,29.0,36.0,17.0
15959,KAMRUP EXPRE,41,LKA,19:00:00,19:12:00,1101.0,36.0,41.0,42.53,16.48,0.0,1,56,15,406.0,0.7305905773059058,1140,1152,12,37.0,35.0,-1.0,27.5,47.0,17.0
15959,KAMRUP EXPRE,42,LMG,20:00:00,20:15:00,1132.0,47.0,20.69,57.85,21.46,0.0,1,56,14,375.0,0.7511612475116125,1200,1215,15,36.0,37.0,11.0,31.5,48.0,17.0
15959,KAMRUP EXPRE,43,DPU,20:46:00,20:48:00,1163.0,48.0,16.09,62.84,21.07,0.0,1,56,13,344.0,0.7717319177173192,1246,1248,2,47.0,36.0,1.0,30.75,49.0,17.0
15959,KAMRUP EXPRE,44,DMV,21:30:00,21:45:00,1201.0,49.0,17.62,62.07,20.31,0.0,1,56,12,306.0,0.7969475779694758,1290,1305,15,48.0,47.0,1.0,29.38,47.0,17.0
15959,KAMRUP EXPRE,45,SZR,22:45:00,22:47:00,1237.0,47.0,20.69,60.15,19.16,0.0,1,56,11,270.0,0.820836098208361,1365,1367,2,49.0,48.0,-2.0,30.0,48.0,17.0
15959,KAMRUP EXPRE,46,BXP,22:59:00,23:01:00,1246.0,48.0,19.92,60.54,19.54,0.0,1,56,10,261.0,0.8268082282680823,1379,1381,2,47.0,49.0,1.0,29.5,21.0,17.0
15959,KAMRUP EXPRE,47,FKG,23:50:00,23:55:00,1271.0,21.0,76.63,13.41,9.96,0.0,1,56,9,236.0,0.8433974784339748,1430,1435,5,48.0,47.0,-27.0,14.5,39.0,17.0
15959,KAMRUP EXPRE,48,MXN,01:05:00,01:15:00,1309.0,39.0,39.46,43.68,16.86,0.0,1,56,8,198.0,0.8686131386861314,65,75,10,21.0,48.0,18.0,30.25,46.0,17.0
15959,KAMRUP EXPRE,49,AGI,01:44:00,01:46:00,1337.0,46.0,11.49,70.88,17.62,0.01,1,56,7,170.0,0.887193098871931,104,106,2,39.0,21.0,7.0,48.0,42.0,17.0
15959,KAMRUP EXPRE,50,SLGR,02:10:00,02:15:00,1363.0,42.0,21.46,63.22,15.33,0.0,1,56,6,144.0,0.9044459190444591,130,135,5,46.0,39.0,-4.0,43.0,51.0,17.0
15959,KAMRUP EXPRE,51,BOJ,02:43:00,02:45:00,1397.0,51.0,9.2,72.03,18.77,0.0,1,56,5,110.0,0.927007299270073,163,165,2,42.0,46.0,9.0,40.0,54.0,17.0
15959,KAMRUP EXPRE,52,NAM,03:16:00,03:18:00,1429.0,54.0,6.9,71.65,21.46,0.0,1,56,4,78.0,0.9482415394824154,196,198,2,51.0,42.0,3.0,37.0,56.0,17.0
15959,KAMRUP EXPRE,53,NHK,03:30:00,03:35:00,1441.0,56.0,6.51,70.5,22.99,0.0,1,56,3,66.0,0.9562043795620438,210,215,5,54.0,51.0,2.0,39.5,56.0,17.0
15959,KAMRUP EXPRE,54,DJG,03:45:00,03:47:00,1449.0,56.0,7.28,68.97,23.75,0.0,1,56,2,58.0,0.9615129396151294,225,227,2,56.0,54.0,0.0,37.0,53.0,17.0
15959,KAMRUP EXPRE,55,NTSK,04:25:00,04:35:00,1466.0,53.0,13.79,65.52,20.69,0.0,1,56,1,41.0,0.9727936297279363,265,275,10,56.0,56.0,-3.0,32.5,17.0,17.0
15960,KAMRUP EXPRE,1,DBRG,18:25:00,18:25:00,0.0,15.0,96.54,2.69,0.77,0.0,1,56,55,1528.0,0.0,1105,1105,0,0.0,0.0,15.0,16.0,15.0,5.0
15960,KAMRUP EXPRE,2,NTSK,19:30:00,19:40:00,41.0,15.0,65.77,30.38,3.85,0.0,1,56,54,1487.0,0.026832460732984294,1170,1180,10,15.0,0.0,0.0,32.5,18.0,5.0
15960,KAMRUP EXPRE,3,DJG,20:01:00,20:03:00,57.0,18.0,57.31,37.69,5.0,0.0,1,56,53,1471.0,0.037303664921465966,1201,1203,2,15.0,15.0,3.0,37.0,23.0,5.0
15960,KAMRUP EXPRE,4,NHK,20:13:00,20:18:00,66.0,23.0,44.62,48.85,6.54,0.0,1,56,52,1462.0,0.04319371727748691,1213,1218,5,18.0,15.0,5.0,39.5,20.0,5.0
15960,KAMRUP EXPRE,5,NAM,20:29:00,20:31:00,78.0,20.0,50.0,43.08,6.92,0.0,1,56,51,1450.0,0.051047120418848166,1229,1231,2,23.0,18.0,-3.0,37.0,29.0,5.0
15960,KAMRUP EXPRE,6,BOJ,20:56:00,20:58:00,110.0,29.0,41.15,49.23,9.62,0.0,1,56,50,1418.0,0.07198952879581152,1256,1258,2,20.0,23.0,9.0,40.0,44.0,5.0
15960,KAMRUP EXPRE,7,SLGR,21:57:00,22:02:00,144.0,44.0,19.23,51.92,28.85,0.0,1,56,49,1384.0,0.09424083769633508,1317,1322,5,29.0,20.0,15.0,43.0,50.0,5.0
15960,KAMRUP EXPRE,8,AGI,22:23:00,22:25:00,170.0,50.0,10.38,53.08,36.54,0.0,1,56,48,1358.0,0.11125654450261781,1343,1345,2,44.0,29.0,6.0,48.0,34.0,5.0
15960,KAMRUP EXPRE,9,MXN,23:00:00,23:10:00,198.0,34.0,16.15,77.69,6.15,0.01,1,56,47,1330.0,0.12958115183246074,1380,1390,10,50.0,44.0,-16.0,30.25,8.0,5.0
15960,KAMRUP EXPRE,10,FKG,00:10:00,00:15:00,236.0,8.0,91.15,6.54,2.31,0.0,1,56,46,1292.0,0.1544502617801047,10,15,5,34.0,50.0,-26.0,14.5,11.0,5.0
15960,KAMRUP EXPRE,11,BXP,00:36:00,00:38:00,260.0,11.0,85.0,11.92,3.08,0.0,1,56,45,1268.0,0.17015706806282724,36,38,2,8.0,34.0,3.0,29.5,13.0,5.0
15960,KAMRUP EXPRE,12,SZR,00:50:00,00:52:00,270.0,13.0,80.38,16.15,3.46,0.01,1,56,44,1258.0,0.17670157068062828,50,52,2,11.0,8.0,2.0,30.0,20.0,5.0
15960,KAMRUP EXPRE,13,DMV,01:37:00,01:52:00,306.0,20.0,50.0,45.77,4.23,0.0,1,56,43,1222.0,0.20026178010471204,97,112,15,13.0,11.0,7.0,29.38,21.5,5.0
15960,KAMRUP EXPRE,14,DPU,02:30:00,02:32:00,343.0,21.5,38.08,56.92,5.0,0.0,1,56,42,1185.0,0.2244764397905759,150,152,2,20.0,13.0,1.5,30.75,23.0,5.0
15960,KAMRUP EXPRE,15,LMG,03:15:00,03:30:00,375.0,23.0,50.0,44.62,5.38,0.0,1,56,41,1153.0,0.24541884816753926,195,210,15,21.5,20.0,1.5,31.5,19.0,5.0
15960,KAMRUP EXPRE,16,LKA,04:18:00,04:20:00,405.0,19.0,56.92,37.31,5.77,0.0,1,56,40,1123.0,0.2650523560209424,258,260,2,23.0,21.5,-4.0,27.5,21.0,5.0
15960,KAMRUP EXPRE,17,HJI,04:33:00,04:35:00,420.0,21.0,53.85,40.0,6.15,0.0,1,56,39,1108.0,0.27486910994764396,273,275,2,19.0,23.0,2.0,29.0,25.0,5.0
15960,KAMRUP EXPRE,18,CPK,05:15:00,05:20:00,464.0,25.0,45.77,46.54,7.69,0.0,1,56,38,1064.0,0.3036649214659686,315,320,5,21.0,19.0,4.0,28.88,30.0,5.0
15960,KAMRUP EXPRE,19,GHY,07:30:00,07:45:00,555.0,30.0,35.77,50.38,13.85,0.0,1,56,37,973.0,0.3632198952879581,450,465,15,25.0,21.0,5.0,54.5,35.0,5.0
15960,KAMRUP EXPRE,20,KYQ,08:00:00,08:05:00,562.0,35.0,33.46,51.92,14.62,0.0,1,56,36,966.0,0.36780104712041883,480,485,5,30.0,25.0,5.0,72.0,29.0,5.0
15960,KAMRUP EXPRE,21,RNY,08:57:00,09:02:00,603.0,29.0,65.77,25.77,7.31,1.15,1,56,35,925.0,0.3946335078534031,537,542,5,35.0,30.0,-6.0,77.75,23.0,5.0
15960,KAMRUP EXPRE,22,NLV,09:18:00,09:20:00,620.0,23.0,58.08,33.08,7.69,1.15,1,56,34,908.0,0.40575916230366493,558,560,2,29.0,35.0,-6.0,26.5,26.0,5.0
15960,KAMRUP EXPRE,23,TIHU,09:36:00,09:38:00,637.0,26.0,48.08,40.77,10.0,1.15,1,56,33,891.0,0.4168848167539267,576,578,2,23.0,29.0,3.0,27.0,30.0,5.0
15960,KAMRUP EXPRE,24,PBL,09:48:00,09:50:00,647.0,30.0,36.54,50.38,11.92,1.16,1,56,32,881.0,0.42342931937172773,588,590,2,26.0,23.0,4.0,28.5,31.0,5.0
15960,KAMRUP EXPRE,25,BPRD,10:07:00,10:12:00,668.0,31.0,36.92,49.62,12.31,1.15,1,56,31,860.0,0.43717277486910994,607,612,5,30.0,26.0,1.0,74.75,35.0,5.0
15960,KAMRUP EXPRE,26,SBE,10:24:00,10:26:00,676.0,35.0,27.69,56.92,14.23,1.16,1,56,30,852.0,0.4424083769633508,624,626,2,31.0,30.0,4.0,29.0,41.0,5.0
15960,KAMRUP EXPRE,27,BNGN,11:10:00,11:12:00,710.0,41.0,17.69,63.08,18.08,1.15,1,56,29,818.0,0.46465968586387435,670,672,2,35.0,31.0,6.0,30.5,28.0,5.0
15960,KAMRUP EXPRE,28,NBQ,11:35:00,11:45:00,712.0,28.0,59.62,25.38,15.0,0.0,1,56,28,816.0,0.46596858638743455,695,705,10,41.0,35.0,-13.0,50.33,32.0,5.0
15960,KAMRUP EXPRE,29,KOJ,12:13:00,12:15:00,744.0,32.0,53.08,30.0,16.92,0.0,1,56,27,784.0,0.4869109947643979,733,735,2,28.0,41.0,4.0,62.5,35.0,5.0
15960,KAMRUP EXPRE,30,FKM,12:25:00,12:27:00,753.0,35.0,49.23,33.08,17.69,0.0,1,56,26,775.0,0.49280104712041883,745,747,2,32.0,28.0,3.0,36.0,39.0,5.0
15960,KAMRUP EXPRE,31,KAMG,13:08:00,13:10:00,801.0,39.0,40.0,40.77,18.85,0.38,1,56,25,727.0,0.5242146596858639,788,790,2,35.0,32.0,4.0,28.5,37.0,5.0
15960,KAMRUP EXPRE,32,NOQ,13:30:00,13:35:00,822.0,37.0,44.62,36.15,18.46,0.77,1,56,24,706.0,0.5379581151832461,810,815,5,39.0,35.0,-2.0,74.75,43.0,5.0
15960,KAMRUP EXPRE,33,NCB,14:00:00,14:05:00,840.0,43.0,36.15,42.69,21.15,0.01,1,56,23,688.0,0.5497382198952879,840,845,5,37.0,39.0,6.0,57.83,44.5,5.0
15960,KAMRUP EXPRE,34,FLK,14:48:00,14:50:00,879.0,44.5,16.15,58.85,24.62,0.38,1,56,22,649.0,0.5752617801047121,888,890,2,43.0,37.0,1.5,28.75,46.0,5.0
15960,KAMRUP EXPRE,35,DQG,15:13:00,15:18:00,901.0,46.0,28.46,49.23,21.92,0.39,1,56,21,627.0,0.5896596858638743,913,918,5,44.5,43.0,1.5,78.75,46.0,5.0
15960,KAMRUP EXPRE,36,NMX,15:35:00,15:37:00,921.0,46.0,27.69,48.08,23.85,0.38,1,56,20,607.0,0.6027486910994765,935,937,2,46.0,44.5,0.0,33.5,48.0,5.0
15960,KAMRUP EXPRE,37,JPE,15:53:00,15:55:00,933.0,48.0,24.23,51.54,24.23,0.0,1,56,19,595.0,0.6106020942408377,953,955,2,46.0,46.0,2.0,75.5,28.0,5.0
15960,KAMRUP EXPRE,38,NJP,16:40:00,16:55:00,967.0,28.0,66.54,18.46,15.0,0.0,1,56,18,561.0,0.6328534031413613,1000,1015,15,48.0,46.0,-20.0,55.83,36.0,5.0
15960,KAMRUP EXPRE,39,AUB,17:37:00,17:39:00,1023.0,36.0,55.0,26.54,18.46,0.0,1,56,17,505.0,0.6695026178010471,1057,1059,2,28.0,48.0,8.0,35.0,37.0,5.0
15960,KAMRUP EXPRE,40,KNE,18:05:00,18:10:00,1054.0,37.0,54.62,26.54,18.85,0.0,1,56,16,474.0,0.6897905759162304,1085,1090,5,36.0,28.0,1.0,58.5,15.0,5.0
15960,KAMRUP EXPRE,41,BOE,19:03:00,19:05:00,1111.0,15.0,1.15,0.77,0.0,98.08,1,56,15,417.0,0.7270942408376964,1143,1145,2,37.0,36.0,-22.0,68.25,32.0,5.0
15960,KAMRUP EXPRE,42,HCR,19:40:00,19:42:00,1144.0,32.0,33.46,44.62,21.92,0.0,1,56,14,384.0,0.7486910994764397,1180,1182,2,15.0,37.0,17.0,21.5,49.0,5.0
15960,KAMRUP EXPRE,43,SM,20:10:00,20:12:00,1164.0,49.0,28.08,48.46,23.46,0.0,1,56,13,364.0,0.7617801047120419,1210,1212,2,32.0,15.0,17.0,29.5,36.0,5.0
15960,KAMRUP EXPRE,44,MLDT,22:00:00,22:10:00,1199.0,36.0,66.92,8.85,24.23,0.0,1,56,12,329.0,0.7846858638743456,1320,1330,10,49.0,32.0,-13.0,63.25,37.0,5.0
15960,KAMRUP EXPRE,45,NFK,22:42:00,22:47:00,1234.0,37.0,64.62,10.77,24.62,0.0,1,56,11,294.0,0.8075916230366492,1362,1367,5,36.0,49.0,1.0,68.75,37.0,5.0
15960,KAMRUP EXPRE,46,DGLE,23:06:00,23:07:00,1247.0,37.0,64.23,11.15,24.62,0.0,1,56,10,281.0,0.8160994764397905,1386,1387,1,37.0,36.0,0.0,25.0,40.0,5.0
15960,KAMRUP EXPRE,47,NILE,23:21:00,23:22:00,1256.0,40.0,61.15,13.85,25.0,0.0,1,56,9,272.0,0.8219895287958116,1401,1402,1,37.0,37.0,3.0,26.0,41.0,5.0
15960,KAMRUP EXPRE,48,JRLE,23:43:00,23:44:00,1276.0,41.0,58.85,16.54,24.62,0.0,1,56,8,252.0,0.8350785340314136,1423,1424,1,40.0,37.0,1.0,24.5,33.0,5.0
15960,KAMRUP EXPRE,49,AZ,00:40:00,00:48:00,1311.0,33.0,68.46,8.46,23.08,0.0,1,56,7,217.0,0.8579842931937173,40,48,8,41.0,40.0,-8.0,21.0,38.0,5.0
15960,KAMRUP EXPRE,50,KGLE,01:03:00,01:05:00,1326.0,38.0,66.15,8.85,25.0,0.0,1,56,6,202.0,0.8678010471204188,63,65,2,33.0,41.0,5.0,24.75,45.0,5.0
15960,KAMRUP EXPRE,51,SALE,01:51:00,01:53:00,1367.0,45.0,50.0,23.85,26.15,0.0,1,56,5,161.0,0.8946335078534031,111,113,2,38.0,33.0,7.0,29.5,40.5,5.0
15960,KAMRUP EXPRE,52,KWAE,02:25:00,02:30:00,1384.0,40.5,65.77,10.38,23.85,0.0,1,56,4,144.0,0.9057591623036649,145,150,5,45.0,38.0,-4.5,25.25,36.0,5.0
15960,KAMRUP EXPRE,53,NDAE,03:02:00,03:06:00,1423.0,36.0,65.38,12.69,21.92,0.01,1,56,3,105.0,0.931282722513089,182,186,4,40.5,45.0,-4.5,23.75,38.0,5.0
15960,KAMRUP EXPRE,54,ABKA,03:27:00,03:29:00,1447.0,38.0,63.85,13.08,23.08,0.0,1,56,2,81.0,0.9469895287958116,207,209,2,36.0,40.5,2.0,25.5,38.0,5.0
15960,KAMRUP EXPRE,55,BDC,04:30:00,04:35:00,1489.0,38.0,49.62,32.31,18.08,0.0,1,56,1,39.0,0.974476439790576,270,275,5,38.0,36.0,0.0,23.0,5.0,5.0
16127,MS GURUVAYUR,1,MS,08:15:00,08:15:00,0.0,0.0,100.0,0.0,0.0,0.0,1,48,47,1095.0,0.0,495,495,0,0.0,0.0,0.0,3.67,1.5,22.0
16127,MS GURUVAYUR,2,TBM,08:43:00,08:45:00,24.0,1.5,100.0,0.0,0.0,0.0,1,48,46,1071.0,0.021917808219178082,523,525,2,0.0,0.0,1.5,12.92,3.0,22.0
16127,MS GURUVAYUR,3,CGL,09:13:00,09:15:00,55.0,3.0,96.67,3.33,0.0,0.0,1,48,45,1040.0,0.0502283105022831,553,555,2,1.5,0.0,1.5,10.78,16.0,22.0
16127,MS GURUVAYUR,4,MLMR,09:43:00,09:45:00,91.0,16.0,63.33,36.67,0.0,0.0,1,48,44,1004.0,0.08310502283105023,583,585,2,3.0,1.5,13.0,15.25,15.0,22.0
16127,MS GURUVAYUR,5,TMV,10:08:00,10:10:00,121.0,15.0,56.67,43.33,0.0,0.0,1,48,43,974.0,0.11050228310502283,608,610,2,16.0,3.0,-1.0,16.75,3.0,22.0
16127,MS GURUVAYUR,6,VM,10:50:00,10:55:00,158.0,3.0,93.33,6.67,0.0,0.0,1,48,42,937.0,0.14429223744292238,650,655,5,15.0,16.0,-12.0,9.5,4.0,22.0
16127,MS GURUVAYUR,7,VRI,11:31:00,11:33:00,212.0,4.0,93.33,6.67,0.0,0.0,1,48,41,883.0,0.19360730593607306,691,693,2,3.0,15.0,1.0,13.83,3.0,22.0
16127,MS GURUVAYUR,8,PNDM,11:44:00,11:45:00,231.0,3.0,93.33,6.67,0.0,0.0,1,48,40,864.0,0.21095890410958903,704,705,1,4.0,3.0,-1.0,13.5,19.0,22.0
16127,MS GURUVAYUR,9,ALU,12:13:00,12:15:00,266.0,19.0,70.0,26.67,3.33,0.0,1,48,39,829.0,0.24292237442922374,733,735,2,3.0,4.0,16.0,31.0,18.0,22.0
16127,MS GURUVAYUR,10,SRGM,12:58:00,13:00:00,324.0,18.0,70.0,26.67,3.33,0.0,1,48,38,771.0,0.2958904109589041,778,780,2,19.0,3.0,-1.0,28.0,8.0,22.0
16127,MS GURUVAYUR,11,TPJ,13:30:00,13:35:00,335.0,8.0,86.67,10.0,3.33,0.0,1,48,37,760.0,0.3059360730593607,810,815,5,18.0,19.0,-10.0,12.83,16.0,22.0
16127,MS GURUVAYUR,12,MPA,13:59:00,14:00:00,372.0,16.0,80.0,16.67,3.33,0.0,1,48,36,723.0,0.33972602739726027,839,840,1,8.0,18.0,8.0,11.25,20.0,22.0
16127,MS GURUVAYUR,13,DG,14:48:00,14:50:00,429.0,20.0,46.67,50.0,3.33,0.0,1,48,35,666.0,0.3917808219178082,888,890,2,16.0,8.0,4.0,14.0,27.0,22.0
16127,MS GURUVAYUR,14,SDN,15:15:00,15:16:00,470.0,27.0,16.67,80.0,3.33,0.0,1,48,34,625.0,0.4292237442922374,915,916,1,20.0,16.0,7.0,16.0,27.0,22.0
16127,MS GURUVAYUR,15,KON,15:34:00,15:35:00,488.0,27.0,20.0,76.67,3.33,0.0,1,48,33,607.0,0.445662100456621,934,935,1,27.0,20.0,0.0,27.0,15.0,22.0
16127,MS GURUVAYUR,16,MDU,16:05:00,16:15:00,492.0,15.0,60.0,36.67,3.33,0.0,1,48,32,603.0,0.44931506849315067,965,975,10,27.0,27.0,-12.0,11.62,13.0,22.0
16127,MS GURUVAYUR,17,VPT,16:53:00,16:55:00,535.0,13.0,73.33,23.33,3.33,0.01,1,48,31,560.0,0.4885844748858447,1013,1015,2,15.0,27.0,-2.0,12.33,13.0,22.0
16127,MS GURUVAYUR,18,SRT,17:14:00,17:15:00,562.0,13.0,73.33,23.33,3.33,0.01,1,48,30,533.0,0.5132420091324201,1034,1035,1,13.0,15.0,0.0,11.17,22.0,22.0
16127,MS GURUVAYUR,19,CVP,17:34:00,17:35:00,584.0,22.0,43.33,53.33,3.33,0.01,1,48,29,511.0,0.5333333333333333,1054,1055,1,13.0,13.0,9.0,11.83,27.0,22.0
16127,MS GURUVAYUR,20,MEJ,18:24:00,18:25:00,620.0,27.0,33.33,63.33,3.33,0.01,1,48,28,475.0,0.5662100456621004,1104,1105,1,22.0,13.0,5.0,17.5,22.0,22.0
16127,MS GURUVAYUR,21,TEN,19:30:00,19:35:00,649.0,22.0,40.0,56.67,3.33,0.0,1,48,27,446.0,0.5926940639269407,1170,1175,5,27.0,22.0,-5.0,8.17,27.0,22.0
16127,MS GURUVAYUR,22,NNN,20:19:00,20:20:00,677.0,27.0,33.33,63.33,3.33,0.01,1,48,26,418.0,0.6182648401826484,1219,1220,1,22.0,27.0,5.0,17.0,26.0,22.0
16127,MS GURUVAYUR,23,VLY,20:29:00,20:30:00,691.0,26.0,33.33,63.33,3.33,0.01,1,48,25,404.0,0.6310502283105023,1229,1230,1,27.0,22.0,-1.0,15.75,24.0,22.0
16127,MS GURUVAYUR,24,AAY,20:45:00,20:46:00,709.0,24.0,36.67,60.0,3.33,0.0,1,48,24,386.0,0.6474885844748859,1245,1246,1,26.0,27.0,-2.0,33.0,23.0,22.0
16127,MS GURUVAYUR,26,ERL,21:51:00,21:52:00,741.0,23.0,26.67,70.0,3.33,0.0,1,48,22,354.0,0.6767123287671233,1311,1312,1,24.0,26.0,-1.0,36.0,30.0,22.0
16127,MS GURUVAYUR,27,KZT,22:15:00,22:16:00,755.0,30.0,23.33,73.33,3.33,0.01,1,48,21,340.0,0.6894977168949772,1335,1336,1,23.0,24.0,7.0,34.5,30.0,22.0
16127,MS GURUVAYUR,28,NYY,22:41:00,22:42:00,776.0,30.0,10.0,83.33,6.67,0.0,1,48,20,319.0,0.708675799086758,1361,1362,1,30.0,23.0,0.0,33.0,30.0,22.0
16127,MS GURUVAYUR,29,TVC,23:15:00,23:20:00,793.0,30.0,20.0,73.33,6.67,0.0,1,48,19,302.0,0.7242009132420091,1395,1400,5,30.0,30.0,0.0,39.75,14.0,22.0
16127,MS GURUVAYUR,30,CRY,23:41:00,23:42:00,822.0,14.0,80.0,6.67,13.33,0.0,1,48,18,273.0,0.7506849315068493,1421,1422,1,30.0,30.0,-16.0,11.0,53.0,22.0
16127,MS GURUVAYUR,31,KVU,23:49:00,23:50:00,825.0,53.0,6.67,70.0,23.33,0.0,1,48,17,270.0,0.7534246575342466,1429,1430,1,14.0,30.0,39.0,53.0,56.0,22.0
16127,MS GURUVAYUR,32,VAK,00:01:00,00:02:00,834.0,56.0,10.0,66.67,23.33,0.0,1,48,16,261.0,0.7616438356164383,1,2,1,53.0,14.0,3.0,57.0,59.0,22.0
16127,MS GURUVAYUR,33,PVU,00:15:00,00:16:00,845.0,59.0,6.67,60.0,33.33,0.0,1,48,15,250.0,0.771689497716895,15,16,1,56.0,53.0,3.0,46.0,59.0,22.0
16127,MS GURUVAYUR,34,QLN,00:30:00,00:35:00,858.0,59.0,13.33,53.33,33.33,0.01,1,48,14,237.0,0.7835616438356164,30,35,5,59.0,56.0,0.0,42.5,69.0,22.0
16127,MS GURUVAYUR,35,KYJ,01:18:00,01:20:00,899.0,69.0,0.0,50.0,50.0,0.0,1,48,13,196.0,0.8210045662100457,78,80,2,59.0,59.0,10.0,44.42,70.0,22.0
16127,MS GURUVAYUR,36,HAD,01:35:00,01:36:00,912.0,70.0,0.0,46.67,53.33,0.0,1,48,12,183.0,0.8328767123287671,95,96,1,69.0,59.0,1.0,51.5,73.0,22.0
16127,MS GURUVAYUR,38,ALLP,02:02:00,02:05:00,942.0,73.0,0.0,36.67,63.33,0.0,1,48,10,153.0,0.8602739726027397,122,125,3,70.0,69.0,3.0,52.0,77.0,22.0
16127,MS GURUVAYUR,39,SRTL,02:20:00,02:21:00,966.0,77.0,0.0,30.0,70.0,0.0,1,48,9,129.0,0.8821917808219178,140,141,1,73.0,70.0,4.0,53.0,43.0,22.0
16127,MS GURUVAYUR,40,ERS,03:20:00,03:25:00,999.0,43.0,16.67,60.0,23.33,0.0,1,48,8,96.0,0.9123287671232877,200,205,5,77.0,73.0,-34.0,35.0,45.0,22.0
16127,MS GURUVAYUR,41,ERN,03:30:00,03:32:00,1001.0,45.0,10.0,66.67,23.33,0.0,1,48,7,94.0,0.9141552511415525,210,212,2,43.0,77.0,2.0,26.38,42.0,22.0
16127,MS GURUVAYUR,42,AWY,03:50:00,03:52:00,1018.0,42.0,10.0,66.67,23.33,0.0,1,48,6,77.0,0.9296803652968036,230,232,2,45.0,43.0,-3.0,54.75,46.0,22.0
16127,MS GURUVAYUR,43,AFK,04:12:00,04:13:00,1027.0,46.0,6.67,70.0,23.33,0.0,1,48,5,68.0,0.9378995433789954,252,253,1,42.0,45.0,4.0,34.5,50.0,22.0
16127,MS GURUVAYUR,44,CKI,04:30:00,04:31:00,1043.0,50.0,6.67,63.33,30.0,0.0,1,48,4,52.0,0.9525114155251142,270,271,1,46.0,42.0,4.0,35.0,54.0,22.0
16127,MS GURUVAYUR,45,IJK,04:39:00,04:40:00,1049.0,54.0,6.67,63.33,30.0,0.0,1,48,3,46.0,0.9579908675799087,279,280,1,50.0,46.0,4.0,35.5,30.0,22.0
16127,MS GURUVAYUR,46,TCR,05:00:00,05:03:00,1073.0,30.0,53.33,20.0,26.67,0.0,1,48,2,22.0,0.9799086757990868,300,303,3,54.0,50.0,-24.0,37.0,36.0,22.0
16127,MS GURUVAYUR,47,PNQ,05:06:00,05:07:00,1075.0,36.0,43.33,26.67,30.0,0.0,1,48,1,20.0,0.9817351598173516,306,307,1,30.0,54.0,6.0,22.0,22.0,22.0
16128,GUV CHENNAI,1,GUV,21:25:00,21:25:00,0.0,8.0,100.0,0.0,0.0,0.0,1,48,47,1096.0,0.0,1285,1285,0,0.0,0.0,8.0,15.0,8.0,1.0
16128,GUV CHENNAI,2,PNQ,21:45:00,21:46:00,20.0,8.0,90.0,10.0,0.0,0.0,1,48,46,1076.0,0.01824817518248175,1305,1306,1,8.0,0.0,0.0,22.0,11.0,1.0
16128,GUV CHENNAI,3,TCR,21:50:00,21:53:00,22.0,11.0,83.33,16.67,0.0,0.0,1,48,45,1074.0,0.020072992700729927,1310,1313,3,8.0,8.0,3.0,37.0,17.0,1.0
16128,GUV CHENNAI,4,IJK,22:14:00,22:15:00,46.0,17.0,60.0,40.0,0.0,0.0,1,48,44,1050.0,0.041970802919708027,1334,1335,1,11.0,8.0,6.0,35.5,20.0,1.0
16128,GUV CHENNAI,5,CKI,22:23:00,22:24:00,52.0,20.0,50.0,50.0,0.0,0.0,1,48,43,1044.0,0.04744525547445255,1343,1344,1,17.0,11.0,3.0,35.0,23.0,1.0
16128,GUV CHENNAI,6,AFK,22:38:00,22:39:00,68.0,23.0,26.67,70.0,3.33,0.0,1,48,42,1028.0,0.06204379562043796,1358,1359,1,20.0,17.0,3.0,34.5,29.0,1.0
16128,GUV CHENNAI,7,AWY,22:53:00,22:55:00,77.0,29.0,6.67,90.0,3.33,0.0,1,48,41,1019.0,0.07025547445255474,1373,1375,2,23.0,20.0,6.0,54.75,29.0,1.0
16128,GUV CHENNAI,8,ERN,23:15:00,23:17:00,94.0,29.0,6.67,90.0,3.33,0.0,1,48,40,1002.0,0.08576642335766424,1395,1397,2,29.0,23.0,0.0,26.38,27.0,1.0
16128,GUV CHENNAI,9,ERS,23:40:00,23:45:00,96.0,27.0,13.33,83.33,3.33,0.01,1,48,39,1000.0,0.08759124087591241,1420,1425,5,29.0,29.0,-2.0,35.0,29.0,1.0
16128,GUV CHENNAI,10,SRTL,00:30:00,00:31:00,129.0,29.0,10.0,86.67,3.33,0.0,1,48,38,967.0,0.1177007299270073,30,31,1,27.0,29.0,2.0,53.0,31.0,1.0
16128,GUV CHENNAI,11,ALLP,00:47:00,00:50:00,153.0,31.0,6.67,90.0,3.33,0.0,1,48,37,943.0,0.1395985401459854,47,50,3,29.0,27.0,2.0,52.0,33.0,1.0
16128,GUV CHENNAI,13,HAD,01:29:00,01:30:00,183.0,33.0,6.67,90.0,3.33,0.0,1,48,35,913.0,0.16697080291970803,89,90,1,31.0,29.0,2.0,51.5,33.0,1.0
16128,GUV CHENNAI,14,KYJ,01:48:00,01:50:00,196.0,33.0,6.67,90.0,3.33,0.0,1,48,34,900.0,0.17883211678832117,108,110,2,33.0,31.0,0.0,44.42,33.0,1.0
16128,GUV CHENNAI,15,QLN,02:30:00,02:35:00,237.0,33.0,10.0,86.67,3.33,0.0,1,48,33,859.0,0.21624087591240876,150,155,5,33.0,33.0,0.0,42.5,33.0,1.0
16128,GUV CHENNAI,16,PVU,02:49:00,02:50:00,250.0,33.0,6.67,90.0,3.33,0.0,1,48,32,846.0,0.2281021897810219,169,170,1,33.0,33.0,0.0,46.0,38.0,1.0
16128,GUV CHENNAI,17,VAK,03:00:00,03:01:00,261.0,38.0,6.67,86.67,6.67,0.0,1,48,31,835.0,0.23813868613138686,180,181,1,33.0,33.0,5.0,57.0,8.0,1.0
16128,GUV CHENNAI,19,CRY,03:16:00,03:17:00,273.0,8.0,86.67,13.33,0.0,0.0,1,48,29,823.0,0.2490875912408759,196,197,1,38.0,33.0,-30.0,11.0,29.0,1.0
16128,GUV CHENNAI,20,TVC,03:55:00,04:00:00,302.0,29.0,0.0,96.67,3.33,0.0,1,48,28,794.0,0.2755474452554745,235,240,5,8.0,38.0,21.0,39.75,36.0,1.0
16128,GUV CHENNAI,21,NYY,04:20:00,04:21:00,319.0,36.0,0.0,96.67,3.33,0.0,1,48,27,777.0,0.29105839416058393,260,261,1,29.0,8.0,7.0,33.0,39.0,1.0
16128,GUV CHENNAI,22,KZT,04:42:00,04:43:00,340.0,39.0,0.0,93.33,6.67,0.0,1,48,26,756.0,0.3102189781021898,282,283,1,36.0,29.0,3.0,34.5,49.0,1.0
16128,GUV CHENNAI,23,ERL,05:10:00,05:11:00,355.0,49.0,0.0,93.33,6.67,0.0,1,48,25,741.0,0.3239051094890511,310,311,1,39.0,36.0,10.0,36.0,42.0,1.0
16128,GUV CHENNAI,25,AAY,06:14:00,06:15:00,386.0,42.0,3.33,93.33,3.33,0.0,1,48,23,710.0,0.3521897810218978,374,375,1,49.0,39.0,-7.0,33.0,34.0,1.0
16128,GUV CHENNAI,26,VLY,06:33:00,06:34:00,404.0,34.0,0.0,96.67,3.33,0.0,1,48,22,692.0,0.3686131386861314,393,394,1,42.0,49.0,-8.0,15.75,36.0,1.0
16128,GUV CHENNAI,27,NNN,06:45:00,06:46:00,418.0,36.0,0.0,96.67,3.33,0.0,1,48,21,678.0,0.3813868613138686,405,406,1,34.0,42.0,2.0,17.0,5.0,1.0
16128,GUV CHENNAI,28,TEN,07:40:00,07:45:00,447.0,5.0,93.33,6.67,0.0,0.0,1,48,20,649.0,0.40784671532846717,460,465,5,36.0,34.0,-31.0,8.17,8.0,1.0
16128,GUV CHENNAI,29,MEJ,08:25:00,08:35:00,475.0,8.0,86.67,13.33,0.0,0.0,1,48,19,621.0,0.4333941605839416,505,515,10,5.0,36.0,3.0,17.5,11.0,1.0
16128,GUV CHENNAI,30,CVP,09:14:00,09:15:00,512.0,11.0,83.33,16.67,0.0,0.0,1,48,18,584.0,0.46715328467153283,554,555,1,8.0,5.0,3.0,11.83,14.0,1.0
16128,GUV CHENNAI,31,SRT,09:36:00,09:37:00,533.0,14.0,66.67,33.33,0.0,0.0,1,48,17,563.0,0.4863138686131387,576,577,1,11.0,8.0,3.0,11.17,20.0,1.0
16128,GUV CHENNAI,32,VPT,09:58:00,10:00:00,560.0,20.0,40.0,60.0,0.0,0.0,1,48,16,536.0,0.5109489051094891,598,600,2,14.0,11.0,6.0,12.33,5.0,1.0
16128,GUV CHENNAI,33,MDU,11:15:00,11:20:00,603.0,5.0,90.0,10.0,0.0,0.0,1,48,15,493.0,0.5501824817518248,675,680,5,20.0,14.0,-15.0,11.62,8.0,1.0
16128,GUV CHENNAI,34,SDN,11:39:00,11:40:00,624.0,8.0,76.67,23.33,0.0,0.0,1,48,14,472.0,0.5693430656934306,699,700,1,5.0,20.0,3.0,16.0,7.0,1.0
16128,GUV CHENNAI,35,DG,12:19:00,12:20:00,665.0,7.0,76.67,23.33,0.0,0.0,1,48,13,431.0,0.6067518248175182,739,740,1,8.0,5.0,-1.0,14.0,7.0,1.0
16128,GUV CHENNAI,36,MPA,13:04:00,13:05:00,723.0,7.0,80.0,20.0,0.0,0.0,1,48,12,373.0,0.6596715328467153,784,785,1,7.0,8.0,0.0,11.25,37.0,1.0
16128,GUV CHENNAI,37,TPJ,14:00:00,14:05:00,760.0,37.0,16.67,73.33,10.0,0.0,1,48,11,336.0,0.6934306569343066,840,845,5,7.0,7.0,30.0,12.83,38.0,1.0
16128,GUV CHENNAI,38,SRGM,14:24:00,14:25:00,772.0,38.0,16.67,66.67,16.67,0.0,1,48,10,324.0,0.7043795620437956,864,865,1,37.0,7.0,1.0,28.0,43.0,1.0
16128,GUV CHENNAI,39,ALU,15:19:00,15:20:00,830.0,43.0,6.67,76.67,16.67,0.0,1,48,9,266.0,0.7572992700729927,919,920,1,38.0,37.0,5.0,31.0,24.0,1.0
16128,GUV CHENNAI,40,PNDM,15:43:00,15:44:00,864.0,24.0,36.67,60.0,3.33,0.0,1,48,8,232.0,0.7883211678832117,943,944,1,43.0,38.0,-19.0,13.5,17.0,1.0
16128,GUV CHENNAI,41,VRI,16:08:00,16:10:00,883.0,17.0,0.0,60.0,40.0,0.0,1,48,7,213.0,0.8056569343065694,968,970,2,24.0,43.0,-7.0,13.83,10.0,1.0
16128,GUV CHENNAI,42,VM,17:10:00,17:15:00,937.0,10.0,76.67,23.33,0.0,0.0,1,48,6,159.0,0.8549270072992701,1030,1035,5,17.0,24.0,-7.0,9.5,16.0,1.0
16128,GUV CHENNAI,43,TMV,17:48:00,17:50:00,975.0,16.0,60.0,40.0,0.0,0.0,1,48,5,121.0,0.8895985401459854,1068,1070,2,10.0,17.0,6.0,16.75,14.0,1.0
16128,GUV CHENNAI,44,MLMR,18:13:00,18:15:00,1005.0,14.0,60.0,40.0,0.0,0.0,1,48,4,91.0,0.916970802919708,1093,1095,2,16.0,10.0,-2.0,15.25,13.0,1.0
16128,GUV CHENNAI,45,CGL,19:08:00,19:10:00,1040.0,13.0,60.0,40.0,0.0,0.0,1,48,3,56.0,0.948905109489051,1148,1150,2,14.0,16.0,-1.0,10.78,19.0,1.0
16128,GUV CHENNAI,46,TBM,19:38:00,19:40:00,1071.0,19.0,36.67,63.33,0.0,0.0,1,48,2,25.0,0.9771897810218978,1178,1180,2,13.0,14.0,6.0,12.92,0.0,1.0
16128,GUV CHENNAI,47,MBM,19:58:00,20:00:00,1089.0,0.0,100.0,0.0,0.0,0.0,1,48,1,7.0,0.9936131386861314,1198,1200,2,19.0,13.0,-19.0,5.33,1.0,1.0
16339,CSMT-NCJ  EX,1,CSMT,12:10:00,12:10:00,0.0,5.0,94.12,0.0,5.88,0.0,1,40,39,1874.0,0.0,730,730,0,0.0,0.0,5.0,101.38,9.0,3.0
16339,CSMT-NCJ  EX,2,DR,12:17:00,12:20:00,8.0,9.0,94.12,0.0,5.88,0.0,1,40,38,1866.0,0.004268943436499467,737,740,3,5.0,0.0,4.0,23.88,13.0,3.0
16339,CSMT-NCJ  EX,3,TNA,12:42:00,12:45:00,33.0,13.0,88.24,5.88,5.88,0.0,1,40,37,1841.0,0.017609391675560297,762,765,3,9.0,5.0,4.0,32.33,26.0,3.0
16339,CSMT-NCJ  EX,4,KYN,13:05:00,13:08:00,53.0,26.0,5.88,88.24,5.88,0.0,1,40,36,1821.0,0.028281750266808965,785,788,3,13.0,9.0,13.0,34.0,28.5,3.0
16339,CSMT-NCJ  EX,5,KJT,13:48:00,13:50:00,99.0,28.5,41.18,52.94,5.88,0.0,1,40,35,1775.0,0.0528281750266809,828,830,2,26.0,13.0,2.5,28.5,31.0,3.0
16339,CSMT-NCJ  EX,7,PUNE,15:45:00,15:50:00,191.0,31.0,11.76,82.35,5.88,0.01,1,40,33,1683.0,0.10192102454642477,945,950,5,28.5,26.0,2.5,26.75,33.0,3.0
16339,CSMT-NCJ  EX,8,DD,17:00:00,17:05:00,269.0,33.0,5.88,82.35,11.76,0.0,1,40,32,1605.0,0.14354322305229456,1020,1025,5,31.0,28.5,2.0,22.57,35.0,3.0
16339,CSMT-NCJ  EX,9,KWV,18:58:00,19:00:00,378.0,35.0,0.0,88.24,11.76,0.0,1,40,31,1496.0,0.2017075773745998,1138,1140,2,33.0,31.0,2.0,38.33,52.0,3.0
16339,CSMT-NCJ  EX,10,SUR,20:15:00,20:25:00,456.0,52.0,0.0,88.24,11.76,0.0,1,40,30,1418.0,0.24332977588046958,1215,1225,10,35.0,33.0,17.0,36.88,27.0,3.0
16339,CSMT-NCJ  EX,12,SDB,23:00:00,23:02:00,596.0,27.0,29.41,58.82,11.76,0.01,1,40,28,1278.0,0.31803628601921025,1380,1382,2,52.0,35.0,-25.0,26.25,10.0,3.0
16339,CSMT-NCJ  EX,13,WADI,23:15:00,23:20:00,606.0,10.0,88.24,5.88,5.88,0.0,1,40,27,1268.0,0.3233724653148346,1395,1400,5,27.0,52.0,-17.0,19.81,14.0,3.0
16339,CSMT-NCJ  EX,14,YG,23:53:00,23:55:00,645.0,14.0,82.35,11.76,5.88,0.01,1,40,26,1229.0,0.3441835645677695,1433,1435,2,10.0,27.0,4.0,25.17,18.0,3.0
16339,CSMT-NCJ  EX,15,RC,00:58:00,01:00:00,714.0,18.0,64.71,29.41,5.88,0.0,1,40,25,1160.0,0.3810032017075774,58,60,2,14.0,10.0,4.0,29.75,22.0,3.0
16339,CSMT-NCJ  EX,16,MALM,01:28:00,01:30:00,742.0,22.0,82.35,11.76,5.88,0.0,1,40,24,1132.0,0.3959445037353255,88,90,2,18.0,14.0,4.0,31.25,26.0,3.0
16339,CSMT-NCJ  EX,17,AD,02:19:00,02:20:00,783.0,26.0,47.06,47.06,5.88,0.0,1,40,23,1091.0,0.41782283884738525,139,140,1,22.0,18.0,4.0,34.38,19.0,3.0
16339,CSMT-NCJ  EX,18,GTL,03:25:00,03:30:00,834.0,19.0,58.82,35.29,5.88,0.01,1,40,22,1040.0,0.4450373532550694,205,210,5,26.0,22.0,-7.0,31.38,25.0,3.0
16339,CSMT-NCJ  EX,20,ATP,05:28:00,05:30:00,920.0,25.0,41.18,52.94,5.88,0.0,1,40,20,954.0,0.49092849519743864,328,330,2,19.0,26.0,6.0,27.83,24.0,3.0
16339,CSMT-NCJ  EX,21,DMM,06:48:00,06:50:00,953.0,24.0,58.82,35.29,5.88,0.0,1,40,19,921.0,0.508537886872999,408,410,2,25.0,19.0,-1.0,23.25,13.0,3.0
16339,CSMT-NCJ  EX,26,TPT,13:59:00,14:00:00,1271.0,13.0,70.59,29.41,0.0,0.0,1,40,14,603.0,0.6782283884738527,839,840,1,24.0,25.0,-11.0,22.33,23.0,3.0
16339,CSMT-NCJ  EX,27,SA,15:35:00,15:40:00,1382.0,23.0,11.76,88.24,0.0,0.0,1,40,13,492.0,0.7374599786552828,935,940,5,13.0,24.0,10.0,26.25,6.0,3.0
16339,CSMT-NCJ  EX,29,KRR,18:17:00,18:20:00,1507.0,6.0,94.12,5.88,0.0,0.0,1,40,11,367.0,0.804162219850587,1097,1100,3,23.0,13.0,-17.0,16.75,6.0,3.0
16339,CSMT-NCJ  EX,30,DG,19:50:00,19:55:00,1581.0,6.0,94.12,5.88,0.0,0.0,1,40,10,293.0,0.843649946638207,1190,1195,5,6.0,23.0,0.0,14.0,15.0,3.0
16339,CSMT-NCJ  EX,31,KQN,20:13:00,20:14:00,1603.0,15.0,64.71,35.29,0.0,0.0,1,40,9,271.0,0.8553895410885806,1213,1214,1,6.0,6.0,9.0,17.75,8.0,3.0
16339,CSMT-NCJ  EX,32,MDU,20:50:00,20:55:00,1643.0,8.0,76.47,23.53,0.0,0.0,1,40,8,231.0,0.8767342582710779,1250,1255,5,15.0,6.0,-7.0,11.62,10.0,3.0
16339,CSMT-NCJ  EX,33,VPT,22:24:00,22:25:00,1687.0,10.0,76.47,23.53,0.0,0.0,1,40,7,187.0,0.9002134471718249,1344,1345,1,8.0,15.0,2.0,12.33,10.0,3.0
16339,CSMT-NCJ  EX,34,SRT,22:44:00,22:45:00,1714.0,10.0,76.47,23.53,0.0,0.0,1,40,6,160.0,0.9146211312700107,1364,1365,1,10.0,8.0,0.0,11.17,9.0,3.0
16339,CSMT-NCJ  EX,35,CVP,23:04:00,23:05:00,1736.0,9.0,82.35,17.65,0.0,0.0,1,40,5,138.0,0.9263607257203842,1384,1385,1,10.0,10.0,-1.0,11.83,0.0,3.0
16339,CSMT-NCJ  EX,37,TEN,01:28:00,01:30:00,1801.0,0.0,100.0,0.0,0.0,0.0,1,40,3,73.0,0.9610458911419424,88,90,2,9.0,10.0,-9.0,8.17,3.0,3.0
16339,CSMT-NCJ  EX,38,NNN,02:10:00,02:11:00,1829.0,3.0,100.0,0.0,0.0,0.0,1,40,2,45.0,0.9759871931696905,130,131,1,0.0,9.0,3.0,17.0,3.0,3.0
16339,CSMT-NCJ  EX,39,VLY,02:21:00,02:22:00,1843.0,3.0,100.0,0.0,0.0,0.0,1,40,1,31.0,0.9834578441835645,141,142,1,3.0,0.0,0.0,15.75,3.0,3.0
16340,NCJ-CSMT EXP,1,NCJ,06:30:00,06:30:00,0.0,1.0,100.0,0.0,0.0,0.0,1,39,38,1875.0,0.0,390,390,0,0.0,0.0,1.0,2.0,0.0,17.0
16340,NCJ-CSMT EXP,2,VLY,07:05:00,07:06:00,31.0,0.0,100.0,0.0,0.0,0.0,1,39,37,1844.0,0.016533333333333334,425,426,1,1.0,0.0,-1.0,15.75,2.0,17.0
16340,NCJ-CSMT EXP,3,NNN,07:27:00,07:28:00,45.0,2.0,100.0,0.0,0.0,0.0,1,39,36,1830.0,0.024,447,448,1,0.0,1.0,2.0,17.0,2.0,17.0
16340,NCJ-CSMT EXP,4,TEN,08:30:00,08:35:00,73.0,2.0,100.0,0.0,0.0,0.0,1,39,35,1802.0,0.038933333333333334,510,515,5,2.0,0.0,0.0,8.17,4.0,17.0
16340,NCJ-CSMT EXP,6,CVP,09:44:00,09:45:00,138.0,4.0,75.0,25.0,0.0,0.0,1,39,33,1737.0,0.0736,584,585,1,2.0,2.0,2.0,11.83,6.0,17.0
16340,NCJ-CSMT EXP,7,SRT,10:09:00,10:10:00,159.0,6.0,75.0,25.0,0.0,0.0,1,39,32,1716.0,0.0848,609,610,1,4.0,2.0,2.0,11.17,8.0,17.0
16340,NCJ-CSMT EXP,8,VPT,10:43:00,10:45:00,186.0,8.0,81.25,18.75,0.0,0.0,1,39,31,1689.0,0.0992,643,645,2,6.0,4.0,2.0,12.33,19.0,17.0
16340,NCJ-CSMT EXP,9,MDU,11:45:00,11:50:00,229.0,19.0,56.25,31.25,12.5,0.0,1,39,30,1646.0,0.12213333333333333,705,710,5,8.0,6.0,11.0,11.62,29.0,17.0
16340,NCJ-CSMT EXP,10,KQN,12:24:00,12:25:00,270.0,29.0,25.0,37.5,37.5,0.0,1,39,29,1605.0,0.144,744,745,1,19.0,8.0,10.0,17.75,39.0,17.0
16340,NCJ-CSMT EXP,11,DG,13:05:00,13:10:00,292.0,39.0,37.5,31.25,31.25,0.0,1,39,28,1583.0,0.15573333333333333,785,790,5,29.0,19.0,10.0,14.0,43.0,17.0
16340,NCJ-CSMT EXP,12,KRR,14:17:00,14:20:00,366.0,43.0,12.5,50.0,37.5,0.0,1,39,27,1509.0,0.1952,857,860,3,39.0,29.0,4.0,16.75,16.0,17.0
16340,NCJ-CSMT EXP,14,SA,16:40:00,16:45:00,490.0,16.0,56.25,43.75,0.0,0.0,1,39,25,1385.0,0.2613333333333333,1000,1005,5,43.0,39.0,-27.0,26.25,31.666666666666664,17.0
16340,NCJ-CSMT EXP,15,TPT,18:29:00,18:30:00,603.0,31.666666666666664,6.25,75.0,18.75,0.0,1,39,24,1272.0,0.3216,1109,1110,1,16.0,43.0,15.666666666666664,22.33,11.0,17.0
16340,NCJ-CSMT EXP,20,DMM,01:20:00,01:25:00,921.0,11.0,75.0,25.0,0.0,0.0,1,39,19,954.0,0.4912,80,85,5,31.666666666666664,16.0,-20.666666666666664,23.25,10.0,17.0
16340,NCJ-CSMT EXP,21,ATP,02:14:00,02:15:00,954.0,10.0,68.75,31.25,0.0,0.0,1,39,18,921.0,0.5088,134,135,1,11.0,31.666666666666664,-1.0,27.83,15.0,17.0
16340,NCJ-CSMT EXP,23,GTL,04:15:00,04:20:00,1039.0,15.0,56.25,43.75,0.0,0.0,1,39,16,836.0,0.5541333333333334,255,260,5,10.0,11.0,5.0,31.38,24.0,17.0
16340,NCJ-CSMT EXP,24,AD,04:58:00,05:00:00,1091.0,24.0,25.0,75.0,0.0,0.0,1,39,15,784.0,0.5818666666666666,298,300,2,15.0,10.0,9.0,34.38,24.0,17.0
16340,NCJ-CSMT EXP,25,MALM,05:38:00,05:40:00,1132.0,24.0,18.75,75.0,6.25,0.0,1,39,14,743.0,0.6037333333333333,338,340,2,24.0,15.0,0.0,31.25,21.5,17.0
16340,NCJ-CSMT EXP,26,RC,06:08:00,06:10:00,1160.0,21.5,68.75,31.25,0.0,0.0,1,39,13,715.0,0.6186666666666667,368,370,2,24.0,24.0,-2.5,29.75,19.0,17.0
16340,NCJ-CSMT EXP,27,YG,07:13:00,07:15:00,1229.0,19.0,37.5,62.5,0.0,0.0,1,39,12,646.0,0.6554666666666666,433,435,2,21.5,24.0,-2.5,25.17,10.0,17.0
16340,NCJ-CSMT EXP,28,WADI,09:00:00,09:05:00,1268.0,10.0,81.25,18.75,0.0,0.0,1,39,11,607.0,0.6762666666666667,540,545,5,19.0,21.5,-9.0,19.81,10.0,17.0
16340,NCJ-CSMT EXP,29,SDB,09:18:00,09:19:00,1278.0,10.0,81.25,18.75,0.0,0.0,1,39,10,597.0,0.6816,558,559,1,10.0,19.0,0.0,26.25,18.0,17.0
16340,NCJ-CSMT EXP,31,SUR,11:40:00,11:50:00,1417.0,18.0,43.75,56.25,0.0,0.0,1,39,8,458.0,0.7557333333333334,700,710,10,10.0,10.0,8.0,36.88,19.0,17.0
16340,NCJ-CSMT EXP,32,KWV,12:48:00,12:50:00,1496.0,19.0,43.75,56.25,0.0,0.0,1,39,7,379.0,0.7978666666666666,768,770,2,18.0,10.0,1.0,38.33,7.0,17.0
16340,NCJ-CSMT EXP,33,DD,15:15:00,15:20:00,1605.0,7.0,87.5,12.5,0.0,0.0,1,39,6,270.0,0.856,915,920,5,19.0,18.0,-12.0,22.57,14.0,17.0
16340,NCJ-CSMT EXP,34,PUNE,16:35:00,16:45:00,1683.0,14.0,68.75,31.25,0.0,0.0,1,39,5,192.0,0.8976,995,1005,10,7.0,19.0,7.0,26.75,29.0,17.0
16340,NCJ-CSMT EXP,36,KYN,19:27:00,19:30:00,1821.0,29.0,12.5,81.25,6.25,0.0,1,39,3,54.0,0.9712,1167,1170,3,14.0,7.0,15.0,34.0,31.0,17.0
16340,NCJ-CSMT EXP,37,TNA,19:47:00,19:50:00,1841.0,31.0,12.5,81.25,6.25,0.0,1,39,2,34.0,0.9818666666666667,1187,1190,3,29.0,14.0,2.0,32.33,27.0,17.0
16340,NCJ-CSMT EXP,38,DR,20:17:00,20:20:00,1866.0,27.0,18.75,75.0,6.25,0.0,1,39,1,9.0,0.9952,1217,1220,3,31.0,29.0,-4.0,23.88,17.0,17.0
17057,CSMT-SC DEVA,1,CSMT,21:10:00,21:10:00,0.0,3.0,96.67,3.33,0.0,0.0,1,30,29,875.0,0.0,1270,1270,0,0.0,0.0,3.0,101.38,10.0,52.0
17057,CSMT-SC DEVA,2,DR,21:22:00,21:25:00,8.0,10.0,90.0,10.0,0.0,0.0,1,30,28,867.0,0.009142857142857144,1282,1285,3,3.0,0.0,7.0,23.88,13.0,52.0
17057,CSMT-SC DEVA,3,TNA,21:42:00,21:45:00,33.0,13.0,93.33,6.67,0.0,0.0,1,30,27,842.0,0.037714285714285714,1302,1305,3,10.0,3.0,3.0,32.33,16.0,52.0
17057,CSMT-SC DEVA,4,KYN,22:07:00,22:10:00,53.0,16.0,40.0,60.0,0.0,0.0,1,30,26,822.0,0.060571428571428575,1327,1330,3,13.0,10.0,3.0,34.0,21.0,52.0
17057,CSMT-SC DEVA,5,KSRA,23:13:00,23:15:00,120.0,21.0,36.67,63.33,0.0,0.0,1,30,25,755.0,0.13714285714285715,1393,1395,2,16.0,13.0,5.0,24.0,22.0,52.0
17057,CSMT-SC DEVA,6,IGP,23:45:00,23:50:00,136.0,22.0,33.33,66.67,0.0,0.0,1,30,24,739.0,0.15542857142857142,1425,1430,5,21.0,16.0,1.0,30.5,23.0,52.0
17057,CSMT-SC DEVA,8,NK,00:38:00,00:40:00,187.0,23.0,30.0,70.0,0.0,0.0,1,30,22,688.0,0.21371428571428572,38,40,2,22.0,21.0,1.0,44.25,20.0,52.0
17057,CSMT-SC DEVA,10,MMR,01:55:00,02:05:00,260.0,20.0,43.33,53.33,3.33,0.01,1,30,20,615.0,0.29714285714285715,115,125,10,23.0,22.0,-3.0,42.75,17.0,52.0
17057,CSMT-SC DEVA,11,RGO,03:09:00,03:10:00,307.0,17.0,66.67,30.0,3.33,0.0,1,30,19,568.0,0.35085714285714287,189,190,1,20.0,23.0,-3.0,29.0,19.5,52.0
17057,CSMT-SC DEVA,12,LSR,03:34:00,03:35:00,334.0,19.5,50.0,46.67,3.33,0.0,1,30,18,541.0,0.38171428571428573,214,215,1,17.0,20.0,2.5,31.25,22.0,52.0
17057,CSMT-SC DEVA,13,AWB,04:05:00,04:10:00,368.0,22.0,60.0,33.33,6.67,0.0,1,30,17,507.0,0.4205714285714286,245,250,5,19.5,17.0,2.5,35.5,40.0,52.0
17057,CSMT-SC DEVA,15,PTU,05:39:00,05:40:00,476.0,40.0,3.33,46.67,50.0,0.0,1,30,15,399.0,0.544,339,340,1,22.0,19.5,18.0,43.0,58.0,52.0
17057,CSMT-SC DEVA,16,SELU,06:04:00,06:05:00,503.0,58.0,6.67,60.0,33.33,0.0,1,30,14,372.0,0.5748571428571428,364,365,1,40.0,22.0,18.0,46.5,54.0,52.0
17057,CSMT-SC DEVA,17,MVO,06:19:00,06:20:00,518.0,54.0,3.33,70.0,26.67,0.0,1,30,13,357.0,0.592,379,380,1,58.0,40.0,-4.0,45.0,48.0,52.0
17057,CSMT-SC DEVA,18,PBN,07:10:00,07:15:00,545.0,48.0,10.0,66.67,23.33,0.0,1,30,12,330.0,0.6228571428571429,430,435,5,54.0,58.0,-6.0,39.0,42.5,52.0
17057,CSMT-SC DEVA,19,PAU,08:00:00,08:05:00,574.0,42.5,26.67,63.33,10.0,0.0,1,30,11,301.0,0.656,480,485,5,48.0,54.0,-5.5,33.25,37.0,52.0
17057,CSMT-SC DEVA,20,NED,08:40:00,08:45:00,604.0,37.0,20.0,66.67,13.33,0.0,1,30,10,271.0,0.6902857142857143,520,525,5,42.5,48.0,-5.5,33.0,37.5,52.0
17057,CSMT-SC DEVA,21,MUE,09:23:00,09:25:00,627.0,37.5,33.33,53.33,13.33,0.0,1,30,9,248.0,0.7165714285714285,563,565,2,37.0,42.5,0.5,33.25,38.0,52.0
17057,CSMT-SC DEVA,22,UMRI,09:43:00,09:45:00,646.0,38.0,26.67,53.33,20.0,0.0,1,30,8,229.0,0.7382857142857143,583,585,2,37.5,37.0,0.5,45.5,44.0,52.0
17057,CSMT-SC DEVA,23,DAB,10:11:00,10:13:00,676.0,44.0,10.0,70.0,20.0,0.0,1,30,7,199.0,0.7725714285714286,611,613,2,38.0,37.5,6.0,50.5,51.0,52.0
17057,CSMT-SC DEVA,24,BSX,10:30:00,10:32:00,686.0,51.0,6.67,66.67,26.67,0.0,1,30,6,189.0,0.784,630,632,2,44.0,38.0,7.0,52.5,55.0,52.0
17057,CSMT-SC DEVA,25,NZB,11:00:00,11:02:00,715.0,55.0,6.67,63.33,30.0,0.0,1,30,5,160.0,0.8171428571428572,660,662,2,51.0,44.0,4.0,48.5,57.0,52.0
17057,CSMT-SC DEVA,26,KMC,11:50:00,11:52:00,767.0,57.0,13.33,50.0,36.67,0.0,1,30,4,108.0,0.8765714285714286,710,712,2,55.0,51.0,2.0,43.0,57.0,52.0
17057,CSMT-SC DEVA,27,AKE,12:19:00,12:20:00,793.0,57.0,13.33,46.67,40.0,0.0,1,30,3,82.0,0.9062857142857143,739,740,1,57.0,55.0,0.0,39.0,60.0,52.0
17057,CSMT-SC DEVA,28,MZL,12:27:00,12:28:00,803.0,60.0,13.33,43.33,43.33,0.01,1,30,2,72.0,0.9177142857142857,747,748,1,57.0,57.0,3.0,38.5,35.0,52.0
17057,CSMT-SC DEVA,29,BMO,13:29:00,13:30:00,862.0,35.0,36.67,46.67,16.67,0.0,1,30,1,13.0,0.9851428571428571,809,810,1,60.0,57.0,-25.0,20.0,52.0,52.0
17058,SC-CSMT DEVA,1,SC,12:25:00,12:25:00,0.0,4.5,86.67,13.33,0.0,0.0,1,29,28,875.0,0.0,745,745,0,0.0,0.0,4.5,28.25,5.0,39.0
17058,SC-CSMT DEVA,2,BMO,12:40:00,12:41:00,13.0,5.0,90.0,10.0,0.0,0.0,1,29,27,862.0,0.014857142857142857,760,761,1,4.5,0.0,0.5,20.0,17.0,39.0
17058,SC-CSMT DEVA,3,MZL,13:16:00,13:17:00,71.0,17.0,43.33,56.67,0.0,0.0,1,29,26,804.0,0.08114285714285714,796,797,1,5.0,4.5,12.0,38.5,21.0,39.0
17058,SC-CSMT DEVA,4,AKE,13:24:00,13:25:00,81.0,21.0,33.33,66.67,0.0,0.0,1,29,25,794.0,0.09257142857142857,804,805,1,17.0,5.0,4.0,39.0,29.0,39.0
17058,SC-CSMT DEVA,5,KMC,14:03:00,14:05:00,107.0,29.0,16.67,80.0,3.33,0.0,1,29,24,768.0,0.12228571428571429,843,845,2,21.0,17.0,8.0,43.0,42.0,39.0
17058,SC-CSMT DEVA,6,NZB,15:00:00,15:05:00,159.0,42.0,13.33,70.0,16.67,0.0,1,29,23,716.0,0.18171428571428572,900,905,5,29.0,21.0,13.0,48.5,54.0,39.0
17058,SC-CSMT DEVA,7,BSX,15:35:00,15:37:00,189.0,54.0,6.67,80.0,13.33,0.0,1,29,22,686.0,0.216,935,937,2,42.0,29.0,12.0,52.5,57.0,39.0
17058,SC-CSMT DEVA,8,DAB,15:46:00,15:47:00,198.0,57.0,6.67,80.0,13.33,0.0,1,29,21,677.0,0.22628571428571428,946,947,1,54.0,42.0,3.0,50.5,53.0,39.0
17058,SC-CSMT DEVA,9,UMRI,16:20:00,16:21:00,228.0,53.0,6.67,83.33,10.0,0.0,1,29,20,647.0,0.26057142857142856,980,981,1,57.0,54.0,-4.0,45.5,29.0,39.0
17058,SC-CSMT DEVA,10,MUE,17:08:00,17:10:00,248.0,29.0,73.33,16.67,10.0,0.0,1,29,19,627.0,0.2834285714285714,1028,1030,2,53.0,57.0,-24.0,33.25,29.0,39.0
17058,SC-CSMT DEVA,11,NED,18:00:00,18:05:00,270.0,29.0,66.67,23.33,10.0,0.0,1,29,18,605.0,0.30857142857142855,1080,1085,5,29.0,53.0,0.0,33.0,24.0,39.0
17058,SC-CSMT DEVA,12,PAU,18:43:00,18:45:00,300.0,24.0,70.0,23.33,6.67,0.0,1,29,17,575.0,0.34285714285714286,1123,1125,2,29.0,29.0,-5.0,33.25,30.0,39.0
17058,SC-CSMT DEVA,13,PBN,19:28:00,19:30:00,329.0,30.0,80.0,10.0,10.0,0.0,1,29,16,546.0,0.376,1168,1170,2,24.0,29.0,6.0,39.0,36.0,39.0
17058,SC-CSMT DEVA,14,MVO,19:54:00,19:55:00,357.0,36.0,70.0,20.0,10.0,0.0,1,29,15,518.0,0.408,1194,1195,1,30.0,24.0,6.0,45.0,35.0,39.0
17058,SC-CSMT DEVA,15,SELU,20:19:00,20:20:00,371.0,35.0,60.0,30.0,10.0,0.0,1,29,14,504.0,0.424,1219,1220,1,36.0,30.0,-1.0,46.5,46.0,39.0
17058,SC-CSMT DEVA,16,PTU,20:49:00,20:50:00,399.0,46.0,33.33,56.67,10.0,0.0,1,29,13,476.0,0.456,1249,1250,1,35.0,36.0,11.0,43.0,49.0,39.0
17058,SC-CSMT DEVA,18,AWB,23:20:00,23:25:00,506.0,49.0,20.0,70.0,10.0,0.0,1,29,11,369.0,0.5782857142857143,1400,1405,5,46.0,35.0,3.0,35.5,43.0,39.0
17058,SC-CSMT DEVA,19,LSR,23:49:00,23:50:00,540.0,43.0,50.0,40.0,10.0,0.0,1,29,10,335.0,0.6171428571428571,1429,1430,1,49.0,46.0,-6.0,31.25,41.0,39.0
17058,SC-CSMT DEVA,20,RGO,00:19:00,00:20:00,567.0,41.0,53.33,36.67,10.0,0.0,1,29,9,308.0,0.648,19,20,1,43.0,49.0,-2.0,29.0,53.0,39.0
17058,SC-CSMT DEVA,21,MMR,01:40:00,01:50:00,615.0,53.0,53.33,33.33,13.33,0.01,1,29,8,260.0,0.7028571428571428,100,110,10,41.0,43.0,12.0,42.75,62.0,39.0
17058,SC-CSMT DEVA,23,NK,02:55:00,03:00:00,688.0,62.0,16.67,70.0,13.33,0.0,1,29,6,187.0,0.7862857142857143,175,180,5,53.0,41.0,9.0,44.25,39.0,39.0
17058,SC-CSMT DEVA,25,IGP,04:10:00,04:15:00,738.0,39.0,83.33,3.33,13.33,0.01,1,29,4,137.0,0.8434285714285714,250,255,5,62.0,53.0,-23.0,30.5,53.0,39.0
17058,SC-CSMT DEVA,26,KYN,05:47:00,05:50:00,822.0,53.0,46.67,40.0,13.33,0.0,1,29,3,53.0,0.9394285714285714,347,350,3,39.0,62.0,14.0,34.0,62.0,39.0
17058,SC-CSMT DEVA,27,TNA,06:12:00,06:15:00,842.0,62.0,10.0,76.67,13.33,0.0,1,29,2,33.0,0.9622857142857143,372,375,3,53.0,39.0,9.0,32.33,61.0,39.0
17058,SC-CSMT DEVA,28,DR,06:37:00,06:40:00,866.0,61.0,20.0,66.67,13.33,0.0,1,29,1,9.0,0.9897142857142858,397,400,3,62.0,53.0,-1.0,23.88,39.0,39.0
22601,MAS-SNSI EXP,1,MAS,00:00:00,10:10:00,0.0,1.0,100.0,0.0,0.0,0.0,2,23,22,1391.0,0.0,0,610,610,0.0,0.0,1.0,17.67,28.0,40.0
22601,MAS-SNSI EXP,2,AJJ,11:03:00,11:05:00,68.0,28.0,75.0,0.0,25.0,0.0,2,23,21,1323.0,0.04888569374550683,663,665,2,1.0,0.0,27.0,31.2,55.0,40.0
22601,MAS-SNSI EXP,3,KPD,11:53:00,11:55:00,128.0,55.0,75.0,0.0,25.0,0.0,2,23,20,1263.0,0.09202012940330698,713,715,2,28.0,1.0,27.0,33.53,57.0,40.0
22601,MAS-SNSI EXP,4,JTJ,13:18:00,13:20:00,212.0,57.0,75.0,0.0,25.0,0.0,2,23,19,1179.0,0.15240833932422718,798,800,2,55.0,28.0,2.0,35.18,63.0,40.0
22601,MAS-SNSI EXP,5,BWT,14:23:00,14:25:00,290.0,63.0,50.0,25.0,25.0,0.0,2,23,18,1101.0,0.20848310567936737,863,865,2,57.0,55.0,6.0,62.0,59.0,40.0
22601,MAS-SNSI EXP,6,MLO,14:54:00,14:55:00,317.0,59.0,50.0,25.0,25.0,0.0,2,23,17,1074.0,0.22789360172537743,894,895,1,63.0,57.0,-4.0,33.5,73.0,40.0
22601,MAS-SNSI EXP,7,KJM,15:28:00,15:30:00,346.0,73.0,25.0,50.0,25.0,0.0,2,23,16,1045.0,0.24874191229331416,928,930,2,59.0,63.0,14.0,63.0,59.0,40.0
22601,MAS-SNSI EXP,8,YNK,16:04:00,16:05:00,362.0,59.0,75.0,0.0,25.0,0.0,2,23,15,1029.0,0.26024442846872753,964,965,1,73.0,59.0,-14.0,39.0,62.0,40.0
22601,MAS-SNSI EXP,9,HUP,17:18:00,17:20:00,446.0,62.0,75.0,0.0,25.0,0.0,2,23,14,945.0,0.32063263838964773,1038,1040,2,59.0,73.0,3.0,34.5,63.5,40.0
22601,MAS-SNSI EXP,10,SSPN,18:13:00,18:15:00,503.0,63.5,75.0,0.0,25.0,0.0,2,23,13,888.0,0.3616103522645579,1093,1095,2,62.0,59.0,1.5,30.38,65.0,40.0
22601,MAS-SNSI EXP,11,DMM,19:08:00,19:10:00,536.0,65.0,75.0,0.0,25.0,0.0,2,23,12,855.0,0.38533429187634793,1148,1150,2,63.5,62.0,1.5,23.25,64.0,40.0
22601,MAS-SNSI EXP,12,ATP,19:38:00,19:40:00,570.0,64.0,75.0,0.0,25.0,0.0,2,23,11,821.0,0.4097771387491014,1178,1180,2,65.0,63.5,-1.0,27.83,70.0,40.0
22601,MAS-SNSI EXP,13,GTL,21:00:00,21:10:00,637.0,70.0,75.0,0.0,25.0,0.0,2,23,10,754.0,0.45794392523364486,1260,1270,10,64.0,65.0,6.0,31.38,66.0,40.0
22601,MAS-SNSI EXP,14,AD,21:53:00,21:55:00,689.0,66.0,75.0,0.0,25.0,0.0,2,23,9,702.0,0.4953271028037383,1313,1315,2,70.0,64.0,-4.0,34.38,61.0,40.0
22601,MAS-SNSI EXP,15,MALM,22:28:00,22:30:00,730.0,61.0,75.0,0.0,25.0,0.0,2,23,8,661.0,0.5248023005032351,1348,1350,2,66.0,70.0,-5.0,31.25,61.0,40.0
22601,MAS-SNSI EXP,16,RC,23:00:00,23:02:00,758.0,61.0,75.0,0.0,25.0,0.0,2,23,7,633.0,0.5449317038102085,1380,1382,2,61.0,66.0,0.0,29.75,54.0,40.0
22601,MAS-SNSI EXP,17,WADI,01:00:00,01:05:00,866.0,54.0,50.0,25.0,25.0,0.0,2,23,6,525.0,0.6225736879942487,60,65,5,61.0,61.0,-7.0,19.81,66.0,40.0
22601,MAS-SNSI EXP,19,SUR,03:50:00,04:00:00,1015.0,66.0,0.0,75.0,25.0,0.0,2,23,4,376.0,0.7296908698777858,230,240,10,54.0,61.0,12.0,36.88,59.0,40.0
22601,MAS-SNSI EXP,20,DD,06:45:00,06:55:00,1203.0,59.0,25.0,50.0,25.0,0.0,2,23,3,188.0,0.8648454349388929,405,415,10,66.0,54.0,-7.0,22.57,90.0,40.0
22601,MAS-SNSI EXP,21,ANG,08:47:00,08:50:00,1287.0,90.0,0.0,50.0,50.0,0.0,2,23,2,104.0,0.9252336448598131,527,530,3,59.0,66.0,31.0,50.0,40.0,40.0
22602,SNSI-MAS EXP,1,SNSI,08:25:00,08:25:00,0.0,2.0,100.0,0.0,0.0,0.0,2,24,23,1391.0,0.0,505,505,0,0.0,0.0,2.0,21.0,10.0,10.0
22602,SNSI-MAS EXP,3,ANG,10:12:00,10:15:00,103.0,10.0,0.0,100.0,0.0,0.0,2,24,21,1288.0,0.07404744787922359,612,615,3,2.0,0.0,8.0,50.0,18.0,10.0
22602,SNSI-MAS EXP,4,DD,12:10:00,12:15:00,187.0,18.0,50.0,50.0,0.0,0.0,2,24,20,1204.0,0.13443565780014377,730,735,5,10.0,2.0,8.0,22.57,30.0,10.0
22602,SNSI-MAS EXP,5,SUR,15:00:00,15:10:00,375.0,30.0,25.0,75.0,0.0,0.0,2,24,19,1016.0,0.2695902228612509,900,910,10,18.0,10.0,12.0,36.88,19.5,10.0
22602,SNSI-MAS EXP,7,WADI,17:55:00,18:00:00,524.0,19.5,100.0,0.0,0.0,0.0,2,24,17,867.0,0.3767074047447879,1075,1080,5,30.0,18.0,-10.5,19.81,13.0,10.0
22602,SNSI-MAS EXP,8,RC,19:28:00,19:30:00,632.0,13.0,50.0,50.0,0.0,0.0,2,24,16,759.0,0.4543493889288282,1168,1170,2,19.5,30.0,-6.5,29.75,15.0,10.0
22602,SNSI-MAS EXP,9,MALM,19:58:00,20:00:00,660.0,15.0,50.0,50.0,0.0,0.0,2,24,15,731.0,0.4744787922358016,1198,1200,2,13.0,19.5,2.0,31.25,17.0,10.0
22602,SNSI-MAS EXP,10,AD,20:38:00,20:40:00,701.0,17.0,75.0,25.0,0.0,0.0,2,24,14,690.0,0.5039539899352984,1238,1240,2,15.0,13.0,2.0,34.38,15.0,10.0
22602,SNSI-MAS EXP,11,GTL,21:40:00,21:45:00,753.0,15.0,50.0,50.0,0.0,0.0,2,24,13,638.0,0.5413371675053918,1300,1305,5,17.0,15.0,-2.0,31.38,21.0,10.0
22602,SNSI-MAS EXP,12,ATP,23:28:00,23:30:00,820.0,21.0,50.0,50.0,0.0,0.0,2,24,12,571.0,0.5895039539899353,1408,1410,2,15.0,17.0,6.0,27.83,0.0,10.0
22602,SNSI-MAS EXP,13,DMM,00:45:00,00:50:00,854.0,0.0,100.0,0.0,0.0,0.0,2,24,11,537.0,0.6139468008626887,45,50,5,21.0,15.0,-21.0,23.25,13.0,10.0
22602,SNSI-MAS EXP,14,SSPN,01:26:00,01:28:00,887.0,13.0,50.0,50.0,0.0,0.0,2,24,10,504.0,0.6376707404744788,86,88,2,0.0,21.0,13.0,30.38,12.0,10.0
22602,SNSI-MAS EXP,15,HUP,02:18:00,02:20:00,944.0,12.0,75.0,25.0,0.0,0.0,2,24,9,447.0,0.6786484543493889,138,140,2,13.0,0.0,-1.0,34.5,19.0,10.0
22602,SNSI-MAS EXP,16,YNK,03:33:00,03:35:00,1028.0,19.0,25.0,75.0,0.0,0.0,2,24,8,363.0,0.7390366642703091,213,215,2,12.0,13.0,7.0,39.0,4.0,10.0
22602,SNSI-MAS EXP,17,KJM,03:53:00,03:55:00,1043.0,4.0,75.0,25.0,0.0,0.0,2,24,7,348.0,0.7498202731847592,233,235,2,19.0,12.0,-15.0,63.0,8.0,10.0
22602,SNSI-MAS EXP,18,MLO,04:13:00,04:15:00,1073.0,8.0,75.0,25.0,0.0,0.0,2,24,6,318.0,0.7713874910136592,253,255,2,4.0,19.0,4.0,33.5,8.0,10.0
22602,SNSI-MAS EXP,19,BWT,04:43:00,04:45:00,1100.0,8.0,75.0,25.0,0.0,0.0,2,24,5,291.0,0.7907979870596693,283,285,2,8.0,4.0,0.0,62.0,2.0,10.0
22602,SNSI-MAS EXP,20,JTJ,06:13:00,06:15:00,1178.0,2.0,100.0,0.0,0.0,0.0,2,24,4,213.0,0.8468727534148095,373,375,2,8.0,8.0,-6.0,35.18,5.0,10.0
22602,SNSI-MAS EXP,21,KPD,07:23:00,07:25:00,1261.0,5.0,100.0,0.0,0.0,0.0,2,24,3,130.0,0.9065420560747663,443,445,2,2.0,8.0,3.0,33.53,12.0,10.0
22602,SNSI-MAS EXP,22,AJJ,08:13:00,08:15:00,1322.0,12.0,100.0,0.0,0.0,0.0,2,24,2,69.0,0.9503953989935299,493,495,2,5.0,2.0,7.0,31.2,19.0,10.0
22602,SNSI-MAS EXP,23,PER,09:03:00,09:05:00,1385.0,19.0,50.0,50.0,0.0,0.0,2,24,1,6.0,0.99568655643422,543,545,2,12.0,5.0,7.0,22.67,10.0,10.0
22651,MAS-PGT  EXP,1,MAS,21:40:00,21:40:00,0.0,3.0,96.67,3.33,0.0,0.0,2,19,18,669.0,0.0,1300,1300,0,0.0,0.0,3.0,17.67,15.0,1.0
22651,MAS-PGT  EXP,2,AJJ,22:38:00,22:40:00,68.0,15.0,66.67,33.33,0.0,0.0,2,19,17,601.0,0.10164424514200299,1358,1360,2,3.0,0.0,12.0,31.2,18.0,1.0
22651,MAS-PGT  EXP,3,KPD,23:33:00,23:35:00,128.0,18.0,50.0,50.0,0.0,0.0,2,19,16,541.0,0.19133034379671152,1413,1415,2,15.0,3.0,3.0,33.53,24.0,1.0
22651,MAS-PGT  EXP,4,GYM,23:54:00,23:55:00,153.0,24.0,16.67,83.33,0.0,0.0,2,19,15,516.0,0.22869955156950672,1434,1435,1,18.0,15.0,6.0,14.5,12.0,1.0
22651,MAS-PGT  EXP,5,JTJ,00:54:00,00:55:00,212.0,12.0,73.33,26.67,0.0,0.0,2,19,14,457.0,0.31689088191330345,54,55,1,24.0,18.0,-12.0,35.18,14.0,1.0
22651,MAS-PGT  EXP,6,SA,02:40:00,02:50:00,331.0,14.0,66.67,33.33,0.0,0.0,2,19,13,338.0,0.4947683109118087,160,170,10,12.0,24.0,2.0,26.25,14.0,1.0
22651,MAS-PGT  EXP,7,RASP,03:14:00,03:15:00,357.0,14.0,70.0,30.0,0.0,0.0,2,19,12,312.0,0.5336322869955157,194,195,1,14.0,12.0,0.0,13.5,13.0,1.0
22651,MAS-PGT  EXP,8,NMKL,03:44:00,03:45:00,383.0,13.0,66.67,33.33,0.0,0.0,2,19,11,286.0,0.5724962630792227,224,225,1,14.0,14.0,-1.0,13.0,13.0,1.0
22651,MAS-PGT  EXP,9,MONR,03:59:00,04:00:00,401.0,13.0,66.67,33.33,0.0,0.0,2,19,10,268.0,0.5994020926756353,239,240,1,13.0,14.0,0.0,12.0,11.0,1.0
22651,MAS-PGT  EXP,10,KRR,04:23:00,04:25:00,416.0,11.0,80.0,20.0,0.0,0.0,2,19,9,253.0,0.6218236173393124,263,265,2,13.0,13.0,-2.0,16.75,17.0,1.0
22651,MAS-PGT  EXP,11,DG,05:40:00,06:10:00,490.0,17.0,46.67,53.33,0.0,0.0,2,19,8,179.0,0.7324364723467862,340,370,30,11.0,13.0,6.0,14.0,14.0,1.0
22651,MAS-PGT  EXP,13,ODC,06:48:00,06:49:00,523.0,14.0,63.33,36.67,0.0,0.0,2,19,6,146.0,0.7817638266068759,408,409,1,17.0,11.0,-3.0,12.5,13.5,1.0
22651,MAS-PGT  EXP,15,PLNI,07:15:00,07:20:00,549.0,13.5,53.33,46.67,0.0,0.0,2,19,4,120.0,0.820627802690583,435,440,5,14.0,17.0,-0.5,10.25,13.0,1.0
22651,MAS-PGT  EXP,16,UDT,08:04:00,08:05:00,582.0,13.0,60.0,40.0,0.0,0.0,2,19,3,87.0,0.8699551569506726,484,485,1,13.5,14.0,-0.5,7.5,8.0,1.0
22651,MAS-PGT  EXP,17,POY,09:00:00,09:05:00,611.0,8.0,80.0,20.0,0.0,0.0,2,19,2,58.0,0.9133034379671151,540,545,5,13.0,13.5,-5.0,4.5,1.0,1.0
22651,MAS-PGT  EXP,18,PGTN,10:05:00,10:10:00,665.0,1.0,100.0,0.0,0.0,0.0,2,19,1,4.0,0.9940209267563528,605,610,5,8.0,13.0,-7.0,2.0,1.0,1.0
22652,PGT-MAS SF E,1,PGT,00:00:00,15:00:00,0.0,1.0,100.0,0.0,0.0,0.0,2,20,19,671.0,0.0,0,900,900,0.0,0.0,1.0,34.0,3.0,1.0
22652,PGT-MAS SF E,2,PGTN,15:15:00,15:20:00,4.0,3.0,100.0,0.0,0.0,0.0,2,20,18,667.0,0.005961251862891207,915,920,5,1.0,0.0,2.0,2.0,1.0,1.0
22652,PGT-MAS SF E,3,POY,16:25:00,16:30:00,57.0,1.0,100.0,0.0,0.0,0.0,2,20,17,614.0,0.08494783904619971,985,990,5,3.0,1.0,-2.0,4.5,2.0,1.0
22652,PGT-MAS SF E,4,UDT,17:01:00,17:02:00,87.0,2.0,100.0,0.0,0.0,0.0,2,20,16,584.0,0.12965722801788376,1021,1022,1,1.0,3.0,1.0,7.5,7.0,1.0
22652,PGT-MAS SF E,5,PLNI,17:55:00,18:00:00,120.0,7.0,96.67,3.33,0.0,0.0,2,20,15,551.0,0.17883755588673622,1075,1080,5,2.0,1.0,5.0,10.25,11.0,1.0
22652,PGT-MAS SF E,7,ODC,18:30:00,18:31:00,145.0,11.0,73.33,26.67,0.0,0.0,2,20,13,526.0,0.21609538002980627,1110,1111,1,7.0,2.0,4.0,12.5,5.0,1.0
22652,PGT-MAS SF E,9,DG,19:35:00,19:50:00,178.0,5.0,96.67,3.33,0.0,0.0,2,20,11,493.0,0.26527570789865873,1175,1190,15,11.0,7.0,-6.0,14.0,7.0,1.0
22652,PGT-MAS SF E,10,KRR,20:53:00,20:55:00,252.0,7.0,83.33,16.67,0.0,0.0,2,20,10,419.0,0.37555886736214605,1253,1255,2,5.0,11.0,2.0,16.75,11.0,1.0
22652,PGT-MAS SF E,11,MONR,21:09:00,21:10:00,268.0,11.0,70.0,30.0,0.0,0.0,2,20,9,403.0,0.39940387481371087,1269,1270,1,7.0,5.0,4.0,12.0,13.0,1.0
22652,PGT-MAS SF E,12,NMKL,21:29:00,21:30:00,286.0,13.0,63.33,36.67,0.0,0.0,2,20,8,385.0,0.4262295081967213,1289,1290,1,11.0,7.0,2.0,13.0,13.0,1.0
22652,PGT-MAS SF E,13,RASP,21:54:00,21:55:00,311.0,13.0,63.33,36.67,0.0,0.0,2,20,7,360.0,0.46348733233979134,1314,1315,1,13.0,11.0,0.0,13.5,5.0,1.0
22652,PGT-MAS SF E,14,SA,22:35:00,22:45:00,337.0,5.0,96.67,3.33,0.0,0.0,2,20,6,334.0,0.5022354694485842,1355,1365,10,13.0,13.0,-8.0,26.25,3.0,1.0
22652,PGT-MAS SF E,15,JTJ,00:28:00,00:30:00,458.0,3.0,96.67,3.33,0.0,0.0,2,20,5,213.0,0.6825633383010432,28,30,2,5.0,13.0,-2.0,35.18,5.0,1.0
22652,PGT-MAS SF E,16,GYM,01:18:00,01:20:00,517.0,5.0,93.33,6.67,0.0,0.0,2,20,4,154.0,0.7704918032786885,78,80,2,3.0,5.0,2.0,14.5,7.0,1.0
22652,PGT-MAS SF E,17,KPD,01:43:00,01:45:00,542.0,7.0,83.33,16.67,0.0,0.0,2,20,3,129.0,0.8077496274217586,103,105,2,5.0,3.0,2.0,33.53,10.0,1.0
22652,PGT-MAS SF E,18,AJJ,02:38:00,02:40:00,603.0,10.0,83.33,16.67,0.0,0.0,2,20,2,68.0,0.8986587183308494,158,160,2,7.0,5.0,3.0,31.2,18.0,1.0
22652,PGT-MAS SF E,19,PER,03:28:00,03:30:00,666.0,18.0,46.67,53.33,0.0,0.0,2,20,1,5.0,0.992548435171386,208,210,2,10.0,7.0,8.0,22.67,1.0,1.0
