station_code,station_name
142,SUR
214,UBL
33,BJP
AABH,AMBIKA BHAWA
AADR,AMB  ANDAURA
AAG,ANGAR
AAH,ITEHAR
AAL,AMLAI
AAM,ANGADIPURAM
AAP,AMBIAPUR
AAR,ADESAR
AAS,ASARANADA
AAY,ARALVAYMOLI
AB,AMBUR
ABB,ABADA
ABD,AMBLI ROAD
ABE,AMBIKESHWAR
ABFC,AMBARI FALAK
ABGT,ARABAGATTA
ABH,AMBERNATH
ABI,AMBATURAI
ABKA,AMBIKA KALNA
ABKP,AMBIKAPUR
ABLE,AMBLE
ABO,ASTHAL BOHAR
ABP,AKBARPUR JN.
ABR,ABU ROAD
ABS,ABOHAR
ABSA,AMBASSA
ABU,AMBATTUR
ABW,ABUTARA HALT
ABX,AMBARI
ABY,AMBIVLI
ACCI,ADICHUNCHUNA
ACG,ACHEGAON
ACH,ACHAL GANJ
ACL,ANCHELI
ACLE,AZIMGANJ  CI
ACND,ACHARYA NARE
ACOI,CHHEOKI
ACPR,ARCHIPATHAR
AD,ADONI
ADB,ADILABAD
ADD,ADAS ROAD
ADE,ADRI ROAD
ADF,ADINA
ADH,ANDHERI
ADHL,ADIHALLI
ADI,AHMEDABAD
ADIJ,AHMEDABAD JN
ADL,ANDUL
ADQ,ADHIKARI
ADR,MANDI ADAMPU
ADRA,ADRA
ADST,ADI SAPTAGRA
ADT,ADUTHURAI
ADTL,ADHARTAL
ADTP,ADITYAPUR
ADVI,ADAVALI
ADX,ADAPUR
AE,AMRELI
AED,AULENDA
AEH,ANANTPAITH
AEJ,ARNEJ
AEK,ANEKAL ROAD
AEL,ATELI
AEP,AMRELI PARA
AF,AGRA  FORT
AFK,ANGAMALI (FO
AFR,ASAFPUR
AG,ARANGHATA
AGA,AGRA CITY
AGAE,AGRADWIP
AGAS,AGAS
AGB,AMBAGAON
AGC,AGRA CANTT
AGCI,ANGADI
AGD,AGASOD
AGDL,AGRAN DHULGA
AGE,ANGAI HALT
AGI,AMGURI
AGL,AMARGOL
AGM,AGARAM SIBBA
AGMN,AGOMONI
AGN,AMGAON
AGP,AGARPARA
AGQ,ASIRGARH ROA
AGR,AMARGARH
AGT,AGTHORI
AGTL,AGARTALA
AGTR,AGAUTHAR HAL
AGV,ANGUA PH
AGY,AGORI KHAS
AGZ,AMAGURA
AH,ACHHNERA JN.
AHA,ABHAIPUR
AHD,AHERWADI H
AHH,AHMED GARH
AHJU,AHJU
AHL,AJHARAIL
AHLR,AHALYAPUR F
AHM,AHIMANPUR
AHN,AHIRAN H
AHO,ADARSHNAGAR
AHQ,AHERA
AHU,AHIRAULI (HA
AHZ,ADHINPUR
AI,ADIPUR
AIA,AJARKA
AIG,AIGAWAN
AIH,ALAWALPUR ID
AII,AJMER JN.
AILM,AILAM HALT
AIP,ATTIPATTU
AIPP,ATTIPATTU PU
AIR,ALINDRA ROAD
AIT,AIT JN
AJ,AJGAIN
AJE,ANJAR
AJH,AJHAI
AJI,ANJI SHAHABA
AJIT,AJIT
AJJ,ARAKKONAM JN
AJJN,ARAKKONAM NO
AJK,AJAKOLLU HAL
AJL,AJITWAL
AJM,ADRAJ MOTI
AJN,AJNOD
AJNI,AJNI
AJP,AJAMPUR
AJR,AJAIBPUR
AJRE,AUJURI
AJTM,AJIT GILL MA
AJU,ARJUNI
AJUG,ABJUGANJ
AK,AKOLA JN.
AKAH,ARTALAKATTA
AKAT,AKKAMPET
AKD,AKODIA
AKE,AKANAPET
AKI,ADARKI
AKIP,AKAIPUR H
AKJ,AKBAR GANJ
AKK,AKKIHEBBALU
AKM,ARAMBAKKAM
AKN,AKBARNAGAR
AKNR,ADHYATMIK NA
AKOR,AKALKOT ROAD
AKP,ANAKAPALLE
AKR,AKOLNER
AKRA,AKRA
AKRD,AKURDI
AKS,ANKUSPUR
AKT,AKALTARA
AKU,ANGALAKUDURU
AKV,ANKLESHWAR J
AKVD,AKIVIDU
AKVU,ANKLESHWAR U
AKW,AKONA
AKZ,AKASHI  PH
AL,ATTILI
ALAI,ALAI
ALAL,ALAL
ALB,ALIYAVADA
ALD,ALLAHABAD JN
ALE,AMLETHA
ALER,ALER
ALGP,ALGAPUR
ALJ,ALIGANJ
ALJN,ALIGARH JN.
ALK,ALAKKUDI
ALLP,ALLEPPEY
ALM,ALAMANDA
ALMR,ALAMPUR
ALMW,ALMAW (HALT)
ALN,ALANDI
ALNI,ALNIYA
ALNP,AKELA HANSPU
ALP,ALAPPAKKAM
ALPD,ADALPAHARI
ALPR,ALAM PUR ROA
ALS,AMLORI SARSA
ALU,ARIYALUR
ALV,ANKLAV
ALW,ALWAL HALT
ALY,ALLAHABAD CI
AMA,ATAMANDA
AMB,AMBODALA
AMBG,ARAMBAG
AMBR,AMBIKA (ROHI
AMC,AMRITHAPURA
AMD,AMILA (HALT)
AMDI,AMDI
AME,AMETHI
AMG,ALAM NAGAR
AMGA,AMJONGA
AMH,AZAMGARH
AMI,AMRAVATI
AMIN,AMIN
AML,AMALSAD
AMLA,AMLA JN.
AMLI,AMLI
AMLO,AMLO
AMLP,AMALPUR
AMP,AHMADPUR JN.
AMPA,AMBALAPUZHA
AMPL,AMMAPALI
AMPR,AMARPURA RAT
AMQ,AMMUGUDA HAL
AMRO,AMROHA
AMS,AMAUSI
AMSA,AMMASANDRA
AMT,AMMAPET
AMVA,AMARAVILLA H
AMW,AMANVADI
AMY,AKATHAMURI
AMZ,AMTA
AN,AMALNER
ANA,ASLANA
ANAS,ANAS
ANB,AMMANABROLU
ANC,ANNECHAKANAH
ANCR,ANCHURI PH
ANDI,ADARSH NAGAR
ANDN,ANAND NAGAR
ANE,ANANTARAJUPE
ANF,ANANTAPURAM
ANG,AHMADNAGAR
ANGL,ANGUL
ANGR,ANGADGERI H
ANH,ANKORAH (AKO
ANK,ANKAI
ANKL,ANKOLA
ANM,ANAMALAI ROA
ANMD,ARANGMAHANAD
ANND,ANAND JN.
ANNR,ANNANUR
ANO,ANJANI
ANP,ANANDATANDAV
ANPR,ANPARA
ANQ,AMNAPUR
ANR,ANARA
ANSB,ANANDPUR SAH
ANT,ANANTNAG
ANTU,ANTU
ANU,ANANGUR
ANV,ANNAVARAM
ANVR,ANAND VIHAR
ANVT,ANAND VIHAR
ANY,ARUMUGANERI
AO,AONLA
AON,ARAON
AONI,AMONI
AOR,ARGORA  PH
AP,ASHOKAPURAM
APA,AMARPURA
APB,ANUPPAMBATTU
APD,ALIPUR DUAR
APDC,ALIPUR DUAR
APDJ,ALIPUR DUAR
APE,ANDANAPETTAI
APG,ANUPGANJ
APH,ANUPGARH
API,AKKARAIPPATT
APJ,AMARPUR-JORA
APK,ARUPPUKKOTTA
APL,APPIKATLA
APN,AYODHYAPATTI
APR,ANUPPUR JN.
APRD,ASHAPURNA DE
APRH,ALEHPUR
APT,ANAPARTI
APTA,APTA
APU,ANIPUR
AQG,ASHAPURA GOM
ARA,ARA
ARAG,ARAG
ARCL,ARUNACHAL
ARD,AMARDA ROAD
ARE,ARNETHA
ARG,ANGAR GHAT
ARGD,ARIGADA
ARGL,ARGUL
ARGP,ARALAGUPPE
ARH,AMHERA  HALT
ARI,ANTRI
ARJ,AUNRIHAR JN.
ARK,ARAKU
ARKA,ARKHA HALT
ARL,ARAUL MAKANP
ARMU,ARMOOR
ARN,ARAND
ARNA,ARNIYA
ARNB,AMARUN
ARNG,ARUN NAGAR H
ARNH,ARJUNAHALLI
AROR,ARUR H.
ARP,ATRAMPUR
ARPL,AREPALLI HAL
ARQ,ARARIYA COUR
ARR,ARARIYA
ARU,ARASALU
ARV,ARNI ROAD
ARW,AHRAURA ROAD
ARX,ARELI (HALT)
AS,ARJANSAR
ASAF,ASIFABAD ROA
ASAN,ASAN
ASAR,ASRA HALT
ASB,ASANBONI
ASCE,ATHSARAI
ASD,AMBASAMUDRAM
ASE,ASAUDAH
ASH,AISHBAGH
ASI,ARSENI
ASJP,AMAR SAHEED
ASK,ARSIKERE JN.
ASKN,ASHOK NAGAR
ASKR,ASHOKNAGAR R
ASL,ASALODA
ASLU,ASLU
ASN,ASANSOL MAIN
ASO,ASANGAON
ASP,ASPARI
ASR,AMRITSAR JN.
AST,ASAOTI
ASTG,ASHTEGAON
AT,ASNOTI
ATA,ATA
ATC,ARTS COLLAGE
ATE,ATARRA
ATG,ATGAON
ATH,ANTAH
ATKS,ATWA KURSATH
ATL,ATHMAL GOLA
ATM,ALTAGRAM
ATMO,AITHAL
ATNR,AWATARNAGAR
ATP,ANANTAPUR
ATPA,AWANTIPURA
ATRR,ATRAURA (HAL
ATRU,ATRU
ATS,ATTABIRA
ATT,ATARI JN
ATU,ATTUR
ATUL,ATUL
ATW,ATWA MUTHIA
AUB,ALUABARI ROA
AUBR,ANUGRAH NARA
AUL,AGSAULI
AUN,AURANG NAGAR
AUNG,AUNG
AUR,ATRAULI ROAD
AUS,ANUP SHAHR
AUWA,AUWA
AV,ASVALI
AVC,AMARAVATHI C
AVD,AVADI
AVH,AVIDHA
AVK,ARAVANKADU
AVL,AMRUTVEL
AVLI,ARAVALLI
AVN,ANVARDIKANPE
AVP,ABHANPUR JN.
AVRD,ARAVALI ROAD
AVS,AUVANEESWARA
AVT,AVATIHALLI
AWB,AURANGABAD
AWG,AWA GARH
AWH,ALEWAHI
AWL,ALAWAL PUR
AWM,ASWAPURAM
AWP,AGHWANPUR
AWPR,AWAPUR F
AWR,ALWAR JN.
AWS,AWASANI
AWT,ALWAR TIRUNA
AWY,ALWAYE
AXA,AMARSAR
AXK,ASOKHAR
AXR,ALLURUROAD
AY,AYODHYA
AYD,AYANDUR
AYN,AIYANAPURAM
AYR,AYYALUR
AYRN,AKSHAYWAT RA
AYU,ABHAYAPURI A
AZ,AZIMGANJ JN.
AZA,AZARA
AZK,AZHWARKURUCH
AZP,AYYAMPET
AZR,AZAMNAGAR RO
BA,BANDRA
BAA,BARALA
BAAR,BANDAR PH
BAB,BABINA
BABR,BALANAGAR
BAC,BARGACHIA
BAD,BAAD
BADK,BARKA HALT
BADR,BHADER
BAE,BALIAKHERI
BAF,BAP
BAGA,BHAGEGA
BAGD,BAGWADA
BAGJ,BARHARAGANJ
BAGL,BARA-GOPAL
BAH,BHABHAR
BAHI,BALENAHALLI
BAHL,BANIHAL
BAHN,BABHAN GAON
BAHP,BAND HAMIRPU
BAHW,BAHIR KHANDA
BAI,BASSI
BAJ,BHALEJ
BAJE,BAJAKARE
BAK,BHAN KARI
BAKA,BANKA
BAKL,BAKAL
BAL,BUDALUR
BALE,BALE
BALR,BAITALPUR
BALU,BALUGAN
BAM,BERHAMPUR
BAMA,BIRAMBAD
BAMR,BAMUR
BAND,BANASWADI
BANE,BASNI
BANI,BANI
BANO,BANO
BAO,BANMORE
BAOL,BAWLI HALT
BAP,BELAPUR
BAPN,BARAIPURA  H
BAPR,BALLUPUR FLA
BAQ,GANJ BASODA
BAR,BAR
BARA,BILARA
BARD,DUBRIKALAN
BARH,BARH
BARI,BARI
BARJ,BHARATGARH
BARL,BARAL
BARN,BARANAGAR RO
BARU,BAHARU F
BASN,ADRA
BASR,BATESAR
BAT,BATALA JN.
BATL,BAIHATOLA
BATM,BATALA SUGAR
BAU,BURHANPUR
BAV,BARUVA
BAW,CHIKBANAVAR
BAWA,BALWARA
BAY,BELLARY JN.
BAYD,BAYAD
BAZ,BARAN
BBA,BABRALA
BBAE,BAIDYABATI
BBAI,BHADBHUNJA
BBAR,BARA
BBC,BHACHHBAR
BBCE,BULBULCHANDI
BBD,BABLAD
BBDB,BENOY BADAL
BBDE,BABARPUR
BBGN,BARUA BAMUNG
BBHT,BARABAR HALT
BBI,BARA BANI
BBJ,BABAGANJ HAL
BBK,BARA BANKI J
BBKR,BABA BAKALA
BBL,BALRAI
BBLA,BHYABLA
BBLK,BABA LAKSHMA
BBM,BARABHUM
BBMN,BARI BRAHMAN
BBN,BARBIL
BBO,BABUGARH
BBPM,BALABHADRAPU
BBPR,BABUPUR (HAL
BBQ,BASIN BRIDGE
BBR,BAGH BAZAR
BBS,BHUBANESWAR
BBT,BIRATI
BBTR,BARBATPUR
BBU,BHABUA ROAD
BBW,BODARWAR
BBY,BHADROLI HAL
BC,BAREILLY CIT
BCA,BACHWARA JN.
BCB,BHOWRA BH
BCD,BANSDIH ROAD
BCF,BANKAPASI
BCGM,BAINCHI GRAM
BCH,BERCHHA
BCHL,BACHELI
BCHN,BOCHASAN JN.
BCJ,BAGAHA BISHN
BCK,BALICHAK
BCL,MUMBAI CENTR
BCN,BACHHRAWN
BCOB,BHACHAU
BCP,BICHPURI
BCPR,BACHHARPUR H
BCQ,BARACHAK JN.
BCRD,BARCHHI ROAD
BCT,MUMBAI CENTR
BCU,BHUCHCHU
BCW,BHAWI
BCY,VARANASI CIT
BD,BADNERA JN.
BDAG,BONIDANGA
BDB,VRINDAVAN
BDBA,BADABANDHA R
BDBG,BADHAI BALAM
BDBP,BASUDEBPUR H
BDBS,BINDUBASINI
BDC,BANDEL JN.
BDCR,BHADRACHALAM
BDDR,BADODAR
BDE,BODELI
BDGM,BUDGAM
BDGP,BADANAGUPPE
BDH,BHEDIA
BDHA,BADHADA
BDHL,BADHAL
BDHN,BODHAN
BDHP,BHUDPUR
BDHY,BUDHI
BDI,BHADLI
BDIN,BHADAIYAN
BDJ,VADAKARA
BDKN,BANDHUA KALA
BDKT,BADAKHANDITA
BDL,VINDHYACHAL
BDLN,BORDOLANI
BDM,BADAMI
BDMA,BUDHMA
BDME,BAIDYANATHDH
BDMJ,BHODWAL MAJR
BDN,BHADAN
BDNP,BIDANPUR
BDO,BAHALDA ROAD
BDPA,BADALPUR PH
BDPG,BADA PADAGAO
BDPK,BURHA PANKA
BDPL,BANDARUPALLE
BDPR,BRINDABANPUR
BDQ,BUDORA
BDRI,BHADRAULI
BDRL,BYADARA HALL
BDS,BORADIGHI
BDSW,BUDHSINGHWAL
BDT,BORDUBI ROAD
BDTS,BANDRA TERMI
BDU,BADNAPUR
BDUA,BASUDEOPUR C
BDVL,BUDVEL
BDVR,BODDAVARA
BDVT,BHADRAVATI
BDW,BANDANWARA
BDWA,BHADWA PARA
BDWD,BODWAD
BDWL,BIRADHWAL
BDWS,BADARWAS
BDXT,BASAI DHANKO
BDXX,BADEARAPUR
BDY,BUDDIREDDIPP
BDYK,BINDAYAKA
BDYP,BIDYADHARPUR
BDYR,BIDYADABRI
BDZ,BADKULLA
BE,BAREILLY JN.
BEA,BIHIYA
BEAS,BEAS JN
BEB,BELDANGA
BED,BASERI
BEDM,BEDHAM
BEE,BEBEJIA
BEF,BHUPADEOPUR
BEG,BEHTAGOKAL
BEH,BAGDIHI
BEHJ,BEHAJ
BEHR,BEOHARI
BEHS,BIHAR SHARIF
BEHT,BIHAT HALT
BEJ,BENIGANJ
BEK,BUNDKI
BELA,BELA
BELD,BELKHEDA
BELT,BELA
BEM,BADAUN
BEML,BEML NAGAR
BENL,BENAL H
BEO,BIROHE
BEP,BHEERPUR
BEPR,BELAPUR C.B.
BEQ,BELUR
BER,BEAWAR
BERO,BERO
BES,BES
BET,BARETH
BETI,BHETASI
BEW,BETAWAD
BEX,BELBONI PH
BEY,BUGGANAPALLI
BFD,BORHAT
BFE,BAHAWAL BASI
BFF,BARABHATI
BFG,BAGTHAR
BFJ,BHORAS BUDRU
BFM,BHALUI
BFP,BILOCHPURA (
BFPA,BHOPATPUR
BFQ,BENDI
BFR,PALLIKERI HA
BFT,BHABTA
BFW,BYATRAYANHAL
BFZ,BHANDARTIKUR
BG,BHONGIR
BGA,BAGALIA
BGAE,BALA GARH
BGAR,BANGARI
BGB,BUDGE BUDGE
BGBR,BAGBAHRA
BGD,BARA GUDHA
BGDI,BAGADIA  PH
BGDS,BHAGWANPUR D
BGF,BAGILA
BGG,BANTA RUGHNA
BGH,BAGHAULI
BGHI,BAGAHAI ROAD
BGHU,BORRAGUHALU
BGJT,.BAGHAJATIN
BGK,BAGALKOT
BGKA,BANGURKELA
BGKT,BHAGAT-KI-KO
BGL,BAGULA
BGLI,BARGOLAI
BGM,BELGAUM
BGMR,BAGUMRA
BGMU,BANGARMAU
BGN,BORGAON
BGNA,BALGONA
BGND,BOGINADI
BGNP,BANAGALAPALL
BGNR,B G NAGAR
BGO,BOGRI ROAD
BGP,BHAGALPUR
BGPA,BAGESHPURA
BGPL,BHAGUAPAL
BGQ,BHONGAON
BGRA,BAGHNAPARA
BGRD,BELIAGHATA R
BGRM,BIGGABAS RAM
BGRR,BAGARPUR HAL
BGS,BEGU SARAI
BGSF,BISUGIR SHAR
BGTA,BAGRATAWA
BGTN,BHAGTANWALA
BGU,BAIRAGNIA
BGUA,BAIGUDA
BGVN,BHIGVAN
BGWD,BAGEWADI H
BGWI,BEGDAEWAI
BGY,BANGRIPOSI
BGZ,BAHADURGARH
BH,BHARUCH JN.
BHA,BHANDAI
BHAL,BHATIEL
BHAN,BHOYANI
BHAS,BHOJRAS
BHAT,BHATPURA
BHAU,BHALUA
BHAW,BLOCK HUT(A)
BHB,BADLA GHAT
BHBK,BODHADI BUJR
BHBR,BATHUA BAZAR
BHBV,BLOCK HUT B
BHC,BHADRAKH
BHCL,BAHORA CHAND
BHD,BADLI
BHDH,BAHADURPUR
BHDR,BHADRI
BHET,BHESTAN
BHGH,BAHIRGACHHI
BHGN,BHILGAON
BHGP,BHAGIRATHPUR
BHHZ,BEHTA HAZIPU
BHI,BAHERI
BHJ,BARHAJ BAZAR
BHJA,BHEJA
BHK,BADHARI KALA
BHKA,BAHIRA KALIB
BHKD,BHURKUNDA
BHKH,BAGHOIKUSA
BHKL,BHAKRAULI
BHL,BHILWARA
BHLA,BEHULA
BHLE,BARAHAT
BHLK,BHALKI
BHLP,BHULANPUR F
BHM,BAHRAM
BHMA,BAGHMARA HAL
BHME,BHANDARIDAH
BHMW,BHAMBHEWA
BHN,BHULI
BHNA,BHAINA H
BHNE,BHONE
BHNG,BHALUKPONG
BHNP,BISHANPUR HA
BHNS,BHANSI
BHP,BOLPUR
BHPA,BAHIRPUYA HA
BHR,BHADRESHWAR
BHRB,BHAIRABI
BHRH,BHUYAR
BHRJ,BECHRAJI
BHRL,BHAROLI
BHRM,BISHRAMGANJ
BHS,VIDISHA
BHSA,BHISA HALT
BHT,BHATTU
BHTA,BHATIA
BHTK,BHANWAR TONK
BHTL,BHATEL
BHTN,BHITONI
BHTR,BHATPAR RANI
BHTS,BHATASA (HAL
BHU,BHANDU MOTI
BHUA,BHUA
BHUJ,NEW BHUJ
BHW,BARHARWA JN.
BHX,BULLUANA
BHY,BHAYAVADAR
BHZ,BIHARA
BIA,BHILAI
BIB,BIRPUR
BIC,BICHIA
BICI,BARKICHANPI
BID,BIDADI
BIDD,BIDIYAD
BIDR,BIDAR
BIF,BHAIRONPUR
BIG,BELGAHNA
BIGA,BIGGA
BIH,BAIRAGARH
BII,BORIDRA
BIJ,BIRNAGAR
BIJR,BIJOOR
BIK,BHIRA KHERI
BILA,BHESLANA
BILD,BILDI
BILK,BILKHA
BILP,BHILUPUR
BIM,BILIMORA JN.
BIML,BHIMAL
BINA,BINA
BINR,BRIJ NAGAR
BIO,BORDI
BIP,BAHILPURWA
BIPR,BHEEMPURA
BIQ,BANSI PAHARP
BIR,BIR
BIRA,BIRA
BIRD,BHIWANDI ROA
BIRL,BIRAUL
BIRP,BIRARAJPUR
BIS,BISWA BRIDGE
BISH,BISHENGARH
BIWK,BISLAWASKALA
BIX,BHIND
BIY,BARDOLI
BIZ,BAIHATA
BJ,BAHJOI
BJA,BIJROTHA
BJBA,BIJBIARA
BJD,BAREJADI NAN
BJE,BHOJUDIH JN.
BJF,BIJNI
BJG,BAJRANJGARH
BJI,BIJAULI
BJIH,BIJULI HALT
BJK,BIJORA
BJKN,BAJEKHAN HAL
BJL,BRAHMAJAN
BJM,BAGAVATHIPUR
BJMD,BARA JAMADA
BJMR,BAIJNATH MAN
BJN,BEJNAL
BJNR,BIJAINAGAR
BJO,BIJNOR
BJP,BIJAPUR JN
BJPL,BAIJNATH PAP
BJPR,BIJAIPUR ROA
BJQ,BAGHORA
BJR,BARRAJPUR
BJRA,BHAJERA
BJRI,BIJURI
BJT,BAJPATTI
BJU,BARAUNI JN.
BJUD,BAJUD
BJV,BIJAURIA
BJW,BAJVA
BJWS,BOJAWAS HALT
BJY,BANGALBAREE
BK,BAKRA ROAD
BKA,BARKHEDA
BKAC,BARKAKANA AV
BKC,BHIKAMKOR
BKD,BANKODA
BKDE,BUDHA KHERA
BKDR,BEGUNKODAR
BKG,BANKA GHAT
BKH,BANKHEDI
BKHR,BAKHRI
BKI,BANDIKUI JN.
BKIT,BINDADKATTI
BKJ,BARKUR
BKKA,BHUKARKA
BKKI,BAKARKUDI
BKKS,BAKKAS
BKL,BONA KALU
BKLA,BAKULHA
BKLE,BAKUDI
BKN,BIKANER JN.
BKNA,BAKAINA HALT
BKNG,BHAKTINAGAR
BKNM,BANKRA NAYAB
BKNO,BIKNAPH
BKO,BINDKI ROAD
BKP,BAKHTIYARPUR
BKPR,BAKASPUR
BKPT,BHAKARAPET
BKRD,BHALUKA ROAD
BKRH,BRIJ KISHOR
BKRL,BAKROL
BKRO,BOKARO THERM
BKS,BALIKOTIA
BKSA,BAKHSHA
BKSC,BOKARO STEEL
BKSL,BIKRAMSHILA
BKTB,BINDUKURI
BKTH,BAIKUNTH
BKTL,BAKTAL
BKTS,BAKHOTI KHAS
BKTW,BAIKUNTH WES
BKU,BHIKNUR
BKWA,BAKAYANWALA
BL,VALSAD
BLA,BAJALTA
BLAE,BALARAMBATI
BLAX,BARLAI
BLC,BOLDA
BLD,BHILAD
BLDA,BELDA
BLDI,BHILDI JN
BLDK,BELAKOBA
BLDL,BALLE-DA-PIR
BLG,BILHAR GHAT
BLGA,BELAGULA
BLGH,BISHALGARH
BLGR,BALANGIR
BLGT,BALURGHAT
BLH,BELGHARIA
BLJA,BHALOJALA  H
BLK,BELAKOBA
BLKR,BALLEKERE
BLL,BANTANAHAL
BLLI,BALLI
BLM,BALAMAU JN.
BLME,BHOLIDIH
BLMK,BHALUMASKA
BLMR,BHALUKMARA
BLN,BALLYGUNGE J
BLND,BOLINNA DOAB
BLNG,BARLANGA
BLNI,BHALWANI
BLNK,BELANKI
BLNR,BIRLANAGAR
BLO,BHULON
BLP,"BALRAMPUR,"
BLPE,BALAPALLE
BLPR,BADULIPAR
BLPU,BILPUR
BLQR,BILASPUR ROA
BLR,BLGANUR
BLRD,BALAROAD
BLRE,BELSIRI
BLRG,BALASIRING
BLRR,BELANDUR ROA
BLS,BALASORE
BLSA,BOLSA
BLSD,BALSAMAND
BLSN,BELSONDA
BLSR,BELASAR  HAL
BLT,BALOTRA JN.
BLTR,BELTHARA ROA
BLU,BILHAUR
BLW,BALAWALI
BLWD,BOLWAD
BLWR,BILESHWAR
BLX,BOLAI
BLY,BALLY
BLYG,BALLY GHAT
BLYH,BALLY HALT
BLZ,BUDHLADA
BMA,BAGMAR
BMAE,BELMURI
BMB,BAMRA
BMBE,BIMBARI
BMCK,BISSAM  CUTT
BMD,BHIMADOLU
BME,BARMER
BMF,BASMAT
BMG,BAMANGACHHI
BMGA,BHIMGARA JN.
BMGM,BRAHMANA GUD
BMGN,BAMUNIGAON
BMGR,BAMANGRAM
BMH,BETAMCHERLA
BMHR,BAMANHERI
BMHT,BARAW MORE
BMI,BAMNIA
BMJ,BRIJMANGANJ
BMK,BIRANG KHERA
BMKD,BELLAM KONDA
BMKI,BAPUDHAM MOT
BMKJ,BHIMKHOJ
BMLL,BAMLA
BMN,BHIMANA
BMNI,BAMANI
BMNL,BAMANWALI
BMO,BOLARUM
BMP,BRAMHPURI
BMPL,BRAHMANPALLI
BMPR,BADAMPAHAR
BMPT,BANNI MAHAMM
BMQ,BHIMARLAI
BMR,BIKRAMPUR
BMRN,BHIMRANA
BMSB,BHIMASAR
BMSN,BAMSIN
BMT,BEGAMPET
BMU,BAMHRAULI
BMVR,BMVR
BMW,BAMHANI
BMY,BAMIANA
BMZ,BAMOUR GAON
BN,BIBINAGAR
BNA,BANNIKOPPA
BNAA,BIBHUTI BHUS
BNAR,BINAUR
BNB,BANSTOLA P.H
BNBH,BANI BIHAR
BNBR,BAHANAGA BAZ
BNC,BANGALORE CA
BNCE,BANGALORE EA
BNCR,BANCHARI
BND,BHANDUP
BNDA,BANDA JN
BNDI,BARUNDNI
BNDM,BONDAMUNDA J
BNDP,BUNIYADPUR
BNE,BOHANI
BNF,BANDHUA
BNG,BARNAGAR
BNGL,BHANGALA
BNGM,BANGURGRAM H
BNGN,BONGAIGAON
BNGY,BABHANJYOTIY
BNH,BHIMNATH
BNHR,BANBIHARI -
BNI,BUDNI
BNJ,BANGAON JN.
BNJL,BINJHOL
BNK,BANASANKARI
BNKA,BANKIMNAGAR
BNKH,BHAIRANAYAKA
BNKI,BANMANKHI JN
BNL,BEVINAHALU
BNLS,BANGI NIHAL
BNLW,BANASTHALI N
BNM,BARAGAON
BNN,BARNALA
BNO,BANAR
BNOD,BENODA
BNP,BHANAPUR
BNPT,BENIPATTI PI
BNQ,BANARHAT
BNQL,BHANKALA
BNR,BHAGWANPUR
BNRD,BALANGIR ROA
BNS,BANAS
BNSL,BANSINALA HA
BNSR,BHAGWANSAR
BNT,BHARTHANA
BNTH,BANDNATH
BNTL,BANTAWALA
BNU,BANDAKPUR
BNV,BINNAGURI
BNVD,BHANVAD
BNW,BHIWANI JN.
BNWC,BHIWANI CITY
BNWD,BHANDEWADI H
BNXR,BIDHANNAGAR
BNY,BARHNI
BNZ,BADSHAHNAGAR
BO,BORSAD
BOBS,BOBAS
BOD,BANGROD
BOE,BARSOI JN.
BOF,BAROG
BOG,BHAIRONGARH
BOI,BAINCHI
BOJ,BHOJO
BOK,BORKHEDI
BOKE,BHOKE
BOKO,BOKO
BOKR,BHOKAR
BOM,BOMADRA
BOMN,BOMMAGUNDANA
BON,BHONRA
BONA,BOINDA
BOP,BHOGPUR
BOR,BOISAR
BORA,BAGDOGRA
BORD,BOLAGARH ROA
BORT,Bolagarh tow
BOT,BOROTI
BOTR,BHAVDHARI
BOW,BORAWAR
BOY,BHADOHI
BOZ,BOLARUM BAZA
BP,BARRACKPORE
BPA,BELLAMPALLI
BPAE,BEGAMPUR
BPB,BADARPUR JN.
BPC,BERHAMPORE C
BPD,BAHADURPUR
BPE,BENAPUR
BPF,BANAPURA
BPGR,BENIPURGRAM
BPH,BELPAHAR
BPHB,BHILAI POWER
BPJ,BARA HAPJAN
BPK,BHUGAON
BPKA,BHOPALKA
BPKH,BUDHA PUSHKA
BPL,BHOPAL
BPM,BAGHPAT ROAD
BPN,BANPUR
BPO,BARIPADA PH
BPP,BAPATIA
BPQ,BALHARSHAH
BPR,BHOJIPURA JN
BPRA,BARIPURA
BPRD,BARPETA ROAD
BPRH,BALPUR
BPRS,BHOGPUR SIRW
BPS,BANPAS
BPU,BHAUPUR
BPV,BHOTEPATTI
BPW,BURHPURA
BPY,BADAMPUDI
BPZ,BAZPUR
BQA,BANKURA
BQE,BAKANIAN BHA
BQG,BHAGWANGOLA
BQH,BHANOHAD PUN
BQI,BOMMIDI
BQM,BARELIPAR
BQN,BAGRI NAGAR
BQP,BIGHAPUR
BQQ,BAKHLETA
BQR,BHILAINAGAR
BQU,BHATTIPROLU
BQW,BARAKALAN
BQY,BELERHAT
BQZ,BALLALPURE
BR,BANDH BARETH
BRA,BIRSOAL
BRAG,BARANG JN.
BRAM,BALARAMAPURA
BRB,BORIBIAL
BRBD,BORABANDA
BRBL,BIRAHALLI
BRBS,BIRBANS
BRC,VADODARA JN.
BRCK,BARUA CHAK
BRD,BHANDARA RD
BRDB,BARDA
BRDT,BERIA DAULAT
BRDV,BARADEV
BRE,BHARWARI
BRG,BARGARH
BRGA,BARGARH ROAD
BRGJ,BARGAON GUJA
BRGL,BURGULA HALT
BRGM,BARAIGRAM JN
BRGT,BHERAGHAT
BRGW,BARGAWAN
BRH,BAIKUNTHPUR
BRHI,BARHI
BRHL,BARYAL HIMAC
BRHT,BAILEY ROAD
BRHU,BARAHU
BRI,BHIRINGI
BRIH,BAIRI HALT
BRJ,BRACE BRIDGE
BRJN,BRAJARAJNAGA
BRK,BAHRAICH
BRKA,BARKAKANA
BRKB,BHARAT KHAND
BRKP,BARKIPONA
BRKY,BORAKI HALT
BRL,BARWALAROAD
BRLA,BARAYLA CHAU
BRLF,BAR LONGFER
BRLY,BIROLIYA
BRM,BARABAMBO
BRMA,BARMASIA
BRMD,BIRAMDIH
BRMH,BELURMATH
BRMI,BRAHMANI
BRML,BARAMULLA
BRMO,BERMO
BRMP,BIRMITRAPUR
BRMR,BHARMAR
BRMT,BARAMATI
BRMX,BURMI  HALT
BRN,BARHAN JN.
BRNA,BERAWANYA
BRND,BORIDAND
BRNI,BARWASNI HAL
BRNR,BARUA NAGAR
BROR,BERORE
BRP,BARUIPUR JN.
BRPA,BARUI PARA
BRPK,BISHARPARA-K
BRPL,BARPALI
BRPS,BARAPALASI
BRPT,BIRAPATTI
BRQ,BAGRAKOT
BRR,BARAKAR
BRRD,BORDI ROAD
BRRG,BIYAVRA RAJG
BRRI,BIRARI
BRRZ,BARARA BUZUR
BRS,BIRSINGHPUR
BRSA,BARWA KALAN
BRSQ,BRAR SQUARE
BRST,BIRPURUSOTHA
BRTA,BARTARA  HAL
BRTG,BARITHEN GAR
BRTK,BHORTEX
BRU,BIHAIROGANJ
BRUD,BARUD
BRVR,BORVIHIR
BRW,BARIWALA
BRWD,BARWADIH JN
BRWH,BAHERWA (HAL
BRY,BAREILLY JN
BRYA,BARHIYA
BRYC,BAREILLY CAN
BRZ,BARETA
BS,BENISAR
BSA,BHAINSA
BSAE,BANSH BARIA
BSB,VARANASI JN.
BSBP,BIRSHIBPUR
BSBR,BANSHLAI BRI
BSC,BULANDSHAHR
BSCK,BASUCHAK HAL
BSCP,BASKATWA BH
BSD,BASULDANGA
BSDA,BANIYA SANDA
BSDL,BHARSENDI
BSDP,BHUSANDPUR
BSDR,BANSADHARA P
BSE,BADSHAHPUR
BSGN,BASUGAON
BSGR,BHAGSAR
BSHT,BASIRHAT
BSI,BASBARI
BSJ,BHUPAL SAGAR
BSKH,BASUKINATH
BSKO,BANSKHO
BSKR,BASI KIRATPU
BSL,BHUSAVAL JN.
BSLA,BHASILA
BSLE,BATASPUR
BSM,BISANATTAM
BSN,BANASANDRA
BSP,BILASPUR JN.
BSPH,BISHANPUR HA
BSPL,BASAMPALLE
BSPN,BASSI PATHAN
BSPR,BISHRAMPUR
BSPX,BANSPANI
BSQ,BARSI TAKLI
BSQP,BANSIPUR
BSR,VASAI ROAD
BSRI,BASARI
BSRL,BESROLI
BSRX,BASAVANA BAG
BSS,BAHADUR SING
BSSL,BASSI BERISA
BST,BASTI
BSTP,BASANTAPUR
BSUR,BISALPUR
BSW,BANESWAR
BSWA,BAISWARA
BSWD,BHENSWADI
BSX,BASAR
BSY,BARSATHI
BSYA,BARKISALAIYA
BSZ,BHARWA-SUMER
BT,BARASAT JN.
BTA,BIHTA
BTBR,BUTI BORI JN
BTC,BALAGHAT JN.
BTD,BOTAD
BTDF,BOTAD JN (MG
BTDR,BATADRAWA RO
BTE,BHARATPUR JN
BTF,BATHNAHA
BTG,BASHARATGANJ
BTGH,BETTADANAGEN
BTH,BETTIAH
BTHL,BITHAULI F
BTI,BATHINDA JN
BTIC,BATHINDA CAN
BTJ,BISHNATH GAN
BTJL,BHATKAL
BTK,BANKATA
BTKB,BATHNA KRITT
BTKD,BHARATKUND
BTKP,BHARAT KUP
BTL,BORTALAO
BTM,BATTULAPURAM
BTNR,BHARATNAGAR
BTO,BHITAURA
BTP,BABATPUR
BTPD,BETHAMPURDI
BTPG,BETHERIA GHO
BTQ,BETNOTI PH
BTR,BUTARI
BTRA,BANTHRA
BTRB,BETUR PH
BTRH,BHATAR
BTRI,BITROI
BTRO,BASTOI (HALT
BTS,BASTA
BTSD,BHATISUDA
BTSI,BATASI
BTSR,BHUTESHWAR
BTT,BHATNI JN.
BTTN,BHATTIAN
BTTR,BITRAGUNTA
BTU,BARAUT
BTV,BAITARANI RO
BTVA,BATUVA. P.H.
BTW,BARSHI
BTX,BELA TAL
BTY,BETHUADAHARI
BTZ,BALIMARA
BU,BASWA
BUA,BARADWAR
BUB,BISSAU
BUBR,BHUTKIYA BHI
BUBT,BUDA BHARTHA
BUD,BADLAPUR
BUDA,BHUDA
BUDI,BUNDI
BUDM,BADMAL
BUDR,BAUDPUR
BUE,BARUNA
BUF,BIMALGARH JN
BUG,BAGAHA
BUGL,BUGLANWALI
BUGM,BERUGRAM
BUGY,BUGIA
BUH,BURHAR
BUI,BALLIA
BUJ,BARAUNI FLAG
BUL,BHALULATA
BUM,BOMMASAMUDRA
BUP,BARIARPUR
BUPH,BABUPETH
BUQ,BARGI
BUR,BINDAURA
BURA,BAHUARA(HALT
BURN,BURNPUR
BUS,BADAUSA
BUT,BAYTU
BUTA,BHADUTOLA PH
BUTN,BUTANA HALT
BUU,BHADANPUR
BUW,BURHWAL JN.
BUX,BHANDAK
BV,BABHNAN
BVA,BAURIA JN
BVC,BHAVNAGAR TE
BVH,BALLABGARH
BVI,BORIVLI
BVL,BIKKAVOLU
BVM,BAYYAVARAM
BVN,BISWAN
BVNR,BHAVANI NAGA
BVO,BOGOLU
BVP,BHAVNAGAR PA
BVQ,BHILAVDI
BVR,BANAVAR
BVRM,BHIMAVARAM J
BVRT,BHIMAVARAM T
BVS,BHIVPURI ROA
BVU,BALIPARA
BVV,BEDETTI
BVW,BAHMNIWALA
BVZ,NALOI BARWA
BW,BIWAI
BWA,BHINWALIYA
BWB,BAGWALI
BWBN,BEWAR BHOJAN
BWC,BANWALI
BWCN,BOWAICHANDI
BWD,BELVANDI
BWF,BUTEWALA
BWH,BHADAURA
BWI,BILWAI
BWIP,BHAWANIPATNA
BWK,BAWANI KHERA
BWL,BAWAL
BWM,BHAWANI MAND
BWN,BARDDHAMAN J
BWO,BURAMARA
BWP,BHAWANIPUR K
BWPB,BHAWANIPUR B
BWPL,BALWANTPURA
BWR,BARWA SAGAR
BWRA,BHARATWADA
BWS,BADWASI
BWSN,BIJWASAN
BWT,BANGARPET JN
BWV,BHIWAPUR
BWW,BARAWAHA
BWX,BAHMAN DIWAN
BWZ,BADDOWAL
BXA,BALOD
BXB,BANGA
BXC,BARWALA
BXF,BARSUAN
BXG,BHANGA
BXHT,BOXIRHAT
BXJ,BOKAJAN
BXK,BANDARKHAL
BXL,BHEDUASOL
BXLL,BILLI
BXM,BELRAYAN
BXN,BAYANA
BXP,BARPATHAR
BXQ,BRUNDAMAL
BXR,BUXAR
BXS,PICHCHANDAR
BXT,BAMANHAT
BXY,BORDHAI
BY,MUMBAI (BYCU
BYC,BELLARYCANTT
BYD,BYADGI
BYH,BHITI
BYHA,BARYA RAM
BYL,BELHA
BYN,BANAHI
BYNR,BYNDOOR
BYP,BAIJNATHPUR
BYPL,BAIYYAPPANAH
BYQ,BAHAI HALT
BYR,BHAYANDAR
BYS,BARSALI
BYSA,BASULYA SUTA
BYT,BHATAPARA
BYXA,BETGARA
BYY,BYREE
BYZA,BEGUNIA
BZ,BHARUR HALT
BZA,VIJAYWADA JN
BZB,BARRA BAZAR
BZC,BELIATOR PH
BZG,BILGA
BZGT,BAZARGHAT
BZJT,BAZIDA JATAN
BZK,BHAINI KHURD
BZL,BELA NAGAR
BZLE,BAZARASU
BZM,BHIMSEN
BZN,BAGNAN
BZO,BARSOLA
BZR,BISRA
BZU,BETUL
BZY,BASAI
CAA,CHAKIA
CABN,BMY A CABIN
CAER,CHANERA
CAF,CHANDAFORT
CAG,CHHABRAGUGOR
CAI,CHANPATIA
CAJ,CHAKRAJ MAL
CAM,CHHOTA AMBAN
CAMU,CHAMUA F
CAN,KANNUR
CAO,CHAURADANO
CAP,CHATRAPUR
CAPC,CHARTRAPUR C
CAPE,KANNIYAKUMAR
CAPG,CHAPAGURI
CAR,CHUNAR JN.
CAS,CHAS ROAD PH
CASA,CHHANSARA
CAT,CHATTAR HAT
CATA,CHHATA-ASCHA
CATD,CHATAUD
CAZ,CHAUHANI
CBD,CHANGRABANDH
CBE,COIMBATORE
CBF,COIMBATORE N
CBG,CHARBHUJA RO
CBH,CHAUBE
CBJ,CLUTTERBUCKG
CBK,CHACHURA BIN
CBM,CUMBUM
CBN,CHIT BARAGAO
CBP,CHIKBALLAPUR
CBR,CHAUBEPUR
CBSA,CHAIBASA
CBT,CHAR BATIA
CBU,CHINNNABABU
CBX,CHAND BHAN
CBY,KHAMBHAT
CBZ,CHURAIBARI
CC,CHAURI CHAUR
CCA,CHIGICHERIA
CCAB,BMY C CABIN
CCBG,CHICHOLIBUZU
CCD,CHICHONDA
CCG,CHURCHGATE
CCH,CHINCHVAD
CCI,CHINNE KUNTA
CCK,CHICHAKI
CCL,CHANCHELAV
CCO,CHICHOLI
CCP,CHHUCHHAPURA
CCT,KAKINADA TOW
CD,CHANDRAPUR (
CDA,CHUDA
CDAE,CHANDANPUR
CDB,CHAUDHURIBAN
CDBH,CANDRABANDA
CDBN,CHEDHABANNI
CDG,CHANDIGARH
CDGR,CHANDRAKONA
CDH,CHAKDAHA
CDI,CHANDNI
CDK,CHANDKHEDA R
CDL,CHODIALA
CDM,CHIDAMBARAM
CDMR,CHANDAULI MA
CDNR,CHANDANAGAR
CDP,CHANDPARA
CDRA,CHANDERA HAL
CDRL,CHHANDRAULI
CDS,CHANDISAR
CDSL,CHANDRESAL
CE,CHHARODI
CEL,CHEBROL
CEM,CHEEKATEEGAL
CEME,CHEGRO
CEU,CHIHERU
CFG,CHAKITING
CG,CANNING
CGA,CHENGEL
CGF,CHARALI
CGH,CHOLANG
CGHD,CHINNADAGUDI
CGI,CHANDRAGIRI
CGKR,CHANDAGIRI K
CGL,CHENGALPATTU
CGN,CHIRGAON
CGON,CHAYGAON
CGR,CHANDAN NAGA
CGS,CHANGSARI
CGTA,CHEGUNTA
CGV,CHINGAVANAM
CGX,CHARGOLA
CGY,CHANGANACHER
CH,CHANDAUSI JN
CHA,CHAWAPAIL
CHAF,CHAF HALT
CHAR,CHARMAL
CHB,CHABUA
CHBN,CHAND KHIRA
CHBR,CHAURE BAZAR
CHBS,CHAUBISI
CHBT,CHAKARBHATHA
CHC,CHANCHAI
CHCR,CHACHER
CHD,CHANDIA ROAD
CHDX,CHHADA
CHE,SRIKAKULAM R
CHG,MUMBAI (CHIN
CHH,CHAUKHANDI
CHHU,CHHANUA
CHI,CHIPLUN
CHIB,CHIRAI
CHIT,CHITHARI HAL
CHJ,CHATA
CHJC,CHITODA
CHK,CHAKERI
CHKE,CHALLAKERE
CHL,CHOLA
CHLK,CHAVALKHEDE
CHLR,CHHALESAR
CHM,CHALTHAN
CHN,CHHINA
CHNN,CHANNANI
CHNR,CHHAN ARORIA
CHOD,CHARDUAR
CHOK,CHAUK
CHP,CHAPPI
CHPD,CHEPPAD
CHPT,CHATRAPPATTI
CHR,CHILKAHAR
CHRA,CHHARRA
CHRG,CHORGI H
CHRI,CHARHI
CHRK,CHURKI
CHRM,CHIRMIRI
CHRU,CHAMRUA
CHSM,CHINNASALEM
CHT,CHAMPAHATI
CHTL,CHURARU TAKA
CHTT,CHITTA HALT
CHU,CHAMPION
CHV,CHERVATTUR
CHWT,CHAPRAWAT HA
CHZ,CHARLAPALLI
CI,CHHAPRA KACH
CIA,CHHEHARTA
CIH,CHILHIA
CII,CHETTIYAPATT
CIK,CHIKASANA
CIL,CHILBILA JN
CIT,CHITALI
CIV,CHINNARAVURU
CJ,KANCHIPURAM
CJA,CHONGAJAN
CJE,KANCHIPURAM
CJL,CHAJLI
CJM,CHINNAGANJAM
CJN,CHHATNA
CJQ,CHAMPAJHARAN
CJR,CHAMARAJ
CJS,CHARAMULA KU
CJW,CHHAJAWA
CK,CHIKSUGUR
CKA,CHAK PAKHEWA
CKB,CHOUTH-KA-BA
CKD,CHARKHI DADR
CKDL,CHAKDAYALA
CKE,CHOKI SORATH
CKG,CHOWKA GHAT
CKH,CHAKAND
CKHS,CHIKHLI
CKI,CHALAKUDI
CKKD,CHARKEDA KHU
CKLA,CHAK BANWALA
CKLT,CHAKKALI LAI
CKM,CHAUKI MAN
CKMI,CHHOTAKI MAS
CKN,CHINTA KANI
CKNI,CHIKNI ROAD
CKOD,CHAKROD
CKP,CHAKARADHARP
CKR,CHIKODI ROAD
CKRD,CHAKMAKRAND
CKS,CHAKSU
CKSR,CHAKSAFAURA
CKTD,CHITRAKUTDHA
CKU,CHAKULIA
CKV,CHERUKUVADA
CKVD,CHIKKADAVADI
CKW,CHALKHOWA
CKX,CHAKUR
CKYD,CHAKRA ROAD
CLA,KURLA
CLC,CHALALA
CLD,CHALSA
CLDB,CHANDLODIYA(
CLDR,CHILIKDARA
CLDY,CHANDLODIYA
CLE,CINTALPALLI
CLF,CHHULHA
CLG,KAHALGAON
CLI,CHALGERI
CLJ,COLONELGANJ
CLKA,CHILKA
CLKN,CHUCHELA KAL
CLN,KOLLIDAM
CLO,CHILO
CLPE,CHALLAVARIPA
CLR,CASTLE ROCK
CLT,CALICUT
CLU,CHILAKALPUDI
CLVR,CHILUVUR
CLX,CHIRALA
CM,CAMPIERGANJ
CMA,CINNAMARA
CMBR,CHEMBUR
CMC,CHEMANCHERI
CMDG,CHAMARDIGHI
CMDP,CHIMIDIPALLI
CMGR,CHIKMAGALURU
CMJ,CHAMARAJAPUR
CMMG,CHAMUNDA MAR
CMNR,CHAMRAJANAGA
CMP,CHROMEPET
CMR,CHAMROLA
CMU,CHAU MAHLA
CMW,CHIMALPAHAD
CMX,CHAMAGRAM
CMY,CHINTAMANI
CMZ,CHALAMA
CNA,CHANDERIYA J
CNB,KANPUR CENTR
CNBI,CHANDARI
CNC,CHINCHLI
CND,CHANDUR
CNDB,CHANDUR BAZA
CNDM,CHANDI MANDI
CNDN,CHANDAN
CNE,CHANDRANATHP
CNF,CHIANKI
CNGR,CHENGANNUR
CNH,CHAUNRAH
CNI,CHANDIL JN.
CNJ,CHANDER NAGA
CNJW,HOLDING LINE
CNK,CHANDOK
CNKP,CHANAKYAPURI
CNL,CHANDAWAL
CNO,CANACONA
CNPA,CHENNRAYAPAT
CNPI,CHANDANPAHAR
CNPR,CHAINPUR
CNR,CHANDAR
CNS,CHUCHURA
CNV,KINATTUKKADA
CNX,CHANDAUNA HA
COA,KAKINADA POR
COB,COOCH BEHAR
COE,CHITROD
COL,COROMANDEL
COO,CHHOTI ODAI
COR,CHITTAURGARH
CPA,KANPUR ANWAR
CPB,KANPUR BRIDG
CPBH,CHIRAILLA PA
CPD,CHINCHPADA
CPDR,CHHIPADOHAR
CPE,CHANDIPOSHI
CPH,CHAMPA JN.
CPHT,COOPERS HALT
CPJ,KAPTANGANJ J
CPK,CHAPARMUKH J
CPL,CHAKARIAPALL
CPLE,CHINPAI
CPN,CHAMPANER RO
CPP,CHIPURUPALLE
CPQ,CHAPRAKATA
CPR,CHHAPRA JN.
CPS,CHANDPUR SIA
CPT,CHANNA PATNA
CPU,CHOPAN
CPW,CHOTIPADOLI
CQA,CHERUKARA HA
CQL,CHIRAKKAL HA
CQR,CHAMPAPUKUR
CQS,CAPPER QUARR
CRAE,CHERAGRAM BH
CRC,CHARKHARI RO
CRD,MUMBAI CURRE
CRE,CHORGHAT PIP
CRJ,CHITTARANJAN
CRK,CHARKHEDA
CRKR,CHAURAKHERI
CRL,CHORAL
CRLM,CARMELARAM
CROA,CHAUTARA
CRP,CHANDRAPURA
CRQ,CHARPOKHARI
CRR,KARAGOLA ROA
CRU,CHUDAWA
CRV,CHUREB
CRW,CHARAUD
CRWA,CHIRAWA
CRWL,CHAKRAKWALA
CRX,CARRON
CRY,CHIRAYINKIL
CRZ,CARANZOL
CS,KANNUR SOUTH
CSA,CHAUSA
CSB,SHIVAJI BRID
CSDR,CHANNASANDRA
CSM,CANSAULIM
CSMA,CHANASMA JN.
CSMT,CST-MUMBAI
CSN,CHALISGAON J
CSR,CHAK SIKANDA
CSZ,COSSIMBAZAR
CT,CHITTAPUR
CTA,CHITRADURG
CTC,CUTTACK JN.
CTD,CHHOTA UDEPU
CTF,CHITGIDDA
CTH,CHIKALTHAN
CTHR,CHITAHARA
CTJ,CHATENI
CTKT,CHHOTI KHATU
CTL,CHITAL
CTM,KATTANGULATH
CTMP,CHHIT MAKAND
CTND,CHETTINAD
CTO,CHITTOOR
CTPE,CHANDANATTOP
CTPR,CHINTA PARRU
CTQ,CHETAR
CTR,CHATRA
CTRD,CHITRAWAD
CTRE,CHITTERI
CTS,CHHATARIPUT
CTT,CHITRASANI
CTTP,CHITRAPUR (H
CTW,CHHINTANWALA
CTYL,CHITYALA
CTZ,CHAUNTRA BHA
CU,CHAGALLU
CUE,CHAUPALE
CUK,CHURK
CUPJ,CUDDALORE PO
CUR,CHURU
CUX,CHAURA BH
CV,CAUVERY
CVB,CAVALRY BARR
CVD,CHAVADIPALAY
CVJ,CHAVAJ (BLOC
CVP,KOVILPATTI
CVR,CHORVAD
CVV,CHERUVU MADH
CW,CHAINWA
CWA,CHHINWARA JN
CWDA,CHURIWALA
CWI,CHONDI
CWLE,CHOWRIGACHA
CWN,CHAREWAN HAL
CWR,CHOVVARA
CX,CHANOL
CXA,CHANDSARA HA
CYI,CHHAYAPURI
CYN,CHERIYANAD
D,DEULA
DAA,DATIA
DAB,DHARMABAD
DABN,DHABAN
DAC,DAHINSARA
DAD,DEVARGUDDA
DADN,MHOW
DAE,DAHEGAON
DAG,DHANG
DAJ,DAROJI
DAKE,DAKHINESWAR
DAL,DALIGANJ JN
DAM,DHAMORA
DAN,DHANETA
DAO,DAGHORA
DAP,DAGMAGPUR
DAPD,DAPODI
DAQ,DAUD KHAN
DAR,DANWAR
DARA,DARA
DARI,DHARI
DAS,DHASA
DASF,DHASA JN (MG
DAU,DAGRU
DAV,DEVALGANAUCH
DAVC,D.A.V.COLLEG
DAVJ,D.A.V. COLLE
DAVM,DHANUVACHAPU
DAYG,DARIYAGANJ
DAZ,DELHI-AZADPU
DB,DABHOI JN.
DBA,DABRA
DBB,DHUBRI
DBD,DEOBAND
DBEC,DEVBALODA CH
DBF,DABPAL
DBG,DARBHANGA JN
DBI,DABLI RATHAN
DBL,DODBELE
DBLA,DABLA
DBLG,DIJAOBRA
DBLI,DEBRABANDHAU
DBM,DABOLIM H
DBN,DHABLAN
DBNK,DERABABA NAN
DBNR,DIBNAPUR  HA
DBP,DEBIPUR
DBR,DABHAURA
DBRG,DIBRUGARH
DBRT,DIBRUGARH TO
DBS,DOBBSPET
DBSI,DAYA BASTI
DBT,DAKSHIN BARA
DBU,DODBALLAPUR
DBV,DABILPUR HAL
DBW,DUBIA
DBY,DIGBOI
DBZ,DHING BAZAR
DC,MAGUDANCHAVA
DCA,DAMCHARA
DCAB,BMY D CABIN
DCH,DINHATA COLL
DCK,DHANDHUKA
DCP,DAL CHAPRA F
DCU,DAMALACHERUV
DCX,DHANIACHHA
DD,DAUND JN.
DDA,DURAUNDHA JN
DDC,DUMDUM CANTO
DDCE,DUNDI
DDCL,DOMBIVLI CTL
DDD,DHONDHA DIH
DDE,DONDAICHA
DDG,DIGHA GHAT
DDGA,DUGDA WASHAR
DDGJ,DEEDAR GANJ
DDJ,DUM DUM JN.
DDK,DHINDSA
DDL,DHANDARI KAL
DDM,DAM DIM
DDMT,DARIMETA
DDN,DEHRA DUN
DDNA,DUDHAUNDA (H
DDNI,DUDHNOI
DDP,DAUDPUR
DDR,DADAR
DDS,DUDH SAGAR
DDV,DADHDEVI
DDW,DUDWA
DDX,DHAMDHAMIA
DDY,DUDWINDI
DEA,DIARA
DEB,DEBAGRAM
DEC,DELHI CANTT
DEE,DELHI-SARAI
DEEG,DEEG
DEG,DELANG
DEHR,DEHU ROAD
DEL,DENDULURU
DELO,DEORAKOT
DEMU,DEMU
DEOR,DIYODAR
DEOS,DEORIA SADAR
DEP,DEPALSAR
DER,DADRI
DES,DESARI
DET,DET
DEV,DEVARAYI
DEW,DEWALGAON
DFR,DEOGAN ROAD
DG,DINDIGUL JN
DGA,DIGHWARA
DGB,DANDU GOPALA
DGBH,DIGHA BRIDGE
DGBZ,DONGRIBUZURG
DGD,DANGIDAHAR
DGDG,DURGADA GATE
DGF,DHANGARIA PH
DGFJ,DAHEJ
DGG,DONGAR GARH
DGHA,DIGHA FS
DGHL,DIGHAL
DGHR,DEOGHAR
DGI,DUNGRI
DGJ,DUNGAR ROAD
DGLE,DHULIAN GANG
DGN,DONGARGAON
DGNR,DURGANAGAR
DGO,DURGAUTI
DGPI,DURGAPURI
DGPP,DHENGLI PIMP
DGQ,DUGDOL HALT
DGR,DURGAPUR
DGS,DAGORI
DGU,DIGARU
DGW,DHIGAWARA
DGX,DAHGAON
DGY,DIGHORI BUZU
DH,DIAMOND HARB
DHA,DHEENA
DHAE,DAINHAT
DHD,DAHOD
DHE,DHOBHI
DHG,DHRANGADHRA
DHH,DINHATA
DHI,DHULE
DHJ,DHINOJ
DHK,DHAKURIA
DHKR,DHODA KHERI
DHL,DEVANHALLI
DHLI,DETHLI
DHM,DADHAL INAM
DHMZ,DHOLA MAJRA
DHN,DHANBAD JN.
DHNA,DHACHNA
DHND,DHINDA
DHNE,DHONE JN
DHNR,DHANORA (DEC
DHO,DHAULPUR
DHOA,DHOLPUR (NG)
DHP,DICHPALLI
DHPD,DHAPARA DHAM
DHPR,DAPPER
DHQ,DHARAKOH
DHR,DHARNAODA
DHRJ,DHIRGANJ
DHRN,DHURANA
DHRR,DHIRERA
DHRY,DHAIPUKHURI
DHS,DHAVALAS
DHT,DHAMARA GHAT
DHU,DHUBULIA
DHW,DHARIWAL
DHWN,DANIYAWAN FL
DHY,DHARODI
DI,DOMBIVLI
DIA,DIDWANA
DIB,DIBAI
DIBL,DHOLI (BHAL)
DIG,DUGGIRALA
DIH,DHARUADIHI
DIL,DILAWARNAGAR
DIM,DHANSIMLA PH
DING,DING
DINR,DIVINE NAGAR
DIP,DIPORE
DIPA,DIPA
DIR,DHANAPUR-ORI
DISA,DISA
DIT,DOHRIGHAT
DIU,DHING
DIVA,DIVA JN
DIW,DHILWAN
DJ,DARJEELING
DJA,DAOTUHAJA
DJD,DIDARGANJ RO
DJG,DULIAJAN
DJHR,DEOJHAR
DJI,DHORAJI
DJKR,DALAJI-KA-KH
DJL,DODJALA
DJR,DOMJUR
DJS,DHURANT JWAS
DJX,DUNGRIPALI
DK,DAKOR
DKAE,DANKUNI JN.
DKB,DAKSHINBARI
DKC,DEVARKADRE
DKD,DONAKONDA
DKDE,DANKAUR
DKDP,DAKSHIN DURG
DKE,DIHAKHO
DKGN,DEKARGAON
DKGS,SIMARIA
DKI,DHARAM KUNDI
DKJ,DORNAKAL JN.
DKJR,DHEKIAJULI R
DKLU,DOLKALLU
DKM,DIKOM
DKN,DEVAN GONTHI
DKNT,DAKANIYA TAL
DKO,DEVAKOTTAI R
DKRA,DHUANKHEDI
DKS,DAREKASA
DKSA,DRAKSHARAMA
DKT,DHULKOT
DKU,DUMRIKHURD
DKUR,DOKUR
DKW,DHANAKWADA
DKWA,DOKWA
DKX,DUDHWAKHARA
DKY,DHOKI
DKZ,DELHI-KISHAN
DL,DALADI
DLA,DAULTA
DLB,DAULATABAD
DLC,DULMERA
DLCR,DULLABCHERRA
DLD,DALAUDA
DLDE,DALDALI
DLF,DALAN
DLGN,DHALGAON
DLI,DELHI JN.
DLJ,DHOLA JN
DLK,DALKOLHA
DLMH,DHAULIMUHAN
DLN,DILDARNAGAR
DLO,DALGAON
DLP,DALPATPUR
DLPH,DAULATPUR HA
DLPI,DELHI INDRAP
DLPT,DULAKHAPATNA
DLQ,DALELNAGAR
DLR,DULLAHAPUR
DLSR,DALHOUSI ROA
DLW,DILWA
DLX,DALIMGAON
DLZ,DHOLBAZA
DMA,DAMODAR JN.
DMBR,DUMRI BIHAR
DMC,DHEMAJI
DMD,DHARMADAM HA
DME,DAMNAGAR
DMF,DUMETRA
DMG,DOMINGARH
DMGN,DHAMALGAON
DMH,DAURAM MADHE
DMJR,DOMJUR ROAD
DMK,DILMILI
DML,DHARAMTUL
DMLE,DUMURDAHA
DMM,DHARMAVARAM
DMN,DHAMANGAON
DMNJ,DAMAN JODI
DMO,DAMOH
DMP,DHARAMPUR HI
DMPR,DHARAMPUR  H
DMR,DHARMANAGAR
DMRT,DUMMURIPUT
DMRX,DUMARI HALT
DMSR,DHIMSIRI
DMT,DIGUVAMETTA
DMU,DHAMUA
DMV,DIMAPUR
DMW,DALMAU JN.
DMYA,DAMAY
DMZ,DUMDANGI
DN,DHANARI
DNA,DEGANA JN.
DND,DANDUPUR
DNDI,DHONDI HALT
DNDL,DANDI MAL
DNE,DHAMNI HALT
DNEA,DANEA
DNGI,DANGARI
DNHL,DHANIOIAKHAL
DNI,DANSI PH
DNJ,DAUNDAJ
DNK,DHANAKYA
DNKL,DHENKANAL
DNL,DHANOLI
DNM,DHANMANDAL
DNN,DINANAGAR
DNPR,DHANPURA
DNQ,DANDKHORA
DNR,DANAPUR
DNRA,DANDHERA
DNRE,DHANAURI
DNT,DANTAN
DNU,DALSANUR
DNUA,DHANSURA
DNV,DONKINAVALAS
DNW,DANGARWA
DNWH,DANIYAWAN BA
DNWR,DHANWAR
DNX,DHANSU
DO,DAUSA
DOA,DORAHA
DOB,DUNDLOD MUKA
DOC,DAUN KALAN
DOD,DHODHAR
DODH,DODH
DOE,DEORI
DOH,DHODRAMOHAR
DOHM,DEVGADH MADA
DOI,DOMOHNI
DOK,DHOLKA
DOKM,DOKRA HALT
DOKY,DUKHERI
DOL,DHOLI
DOR,DUNDARA
DORD,DEO ROAD
DOS,DEHRI-ON-SON
DOT,DHAKIA TIWAR
DOTL,DEOTALA
DOW,DAVOL
DOY,DORNAHALLI
DOZ,DAURAI
DPA,DURGAPURA
DPC,DARLIPUT
DPD,DOSAPADU
DPDP,DHAPDHAPI
DPE,DEVARAPALLE
DPH,DADHAPARA
DPI,DODDAMPATTI
DPJ,DHARMAPURI
DPK,DHOLIPAL
DPL,DANAULI PHUL
DPLN,DIPLANA
DPP,DHIRPUR
DPR,DHAMPUR
DPRA,DHUPDHARA
DPS,DANGOAPOSI
DPSR,DAPSAURA
DPT,DALPAT SINGH
DPU,DIPHU
DPUR,DEPUR PH
DPX,DADPUR BH
DPZ,DEVPURA
DQG,DHUPGURI
DQL,DHALAIBI
DQN,DHANERA
DQR,DABIR PURA
DR,DADAR
DRA,DULARIYA
DRB,DEBARI
DRBR,DEORAHA BABA
DRD,DAHANU ROAD
DRG,DARSHANNAGAR
DRGJ,DARAGANJ
DRGM,DEORAGRAM
DRGU,DAMRUGHUTU
DRH,DHARHARA
DRHI,DAGARKHEDI
DRI,DUMRI JUARA
DRL,DEROL
DRLA,DAURALA
DRN,DEORANIAN
DRO,DARYAOGANJ
DRPH,DEVRI P.H
DRQ,DHARMINIYA
DRR,DHARUR
DRS,DHARESHWAR
DRSN,DHURWASIN  H
DRTP,DASHARATHPUR
DRU,KADUR
DRV,DARAULI
DRW,DHAREWADA
DRWN,DEROWAN PH
DRZ,DALLI-RAJHAR
DS,DASNA
DSA,DELHI-SHAHDA
DSB,SADAR BAZAR
DSD,DOSVADA
DSJ,DELHI-SAFDAR
DSK,DUSKHEDA
DSKG,DR SHRI KRIS
DSL,DESWAL  HALT
DSM,DARASURAM
DSME,DASARA
DSNI,DAUSNI
DSNR,DASHNAGAR
DSO,DESHNOKE
DSPN,DESHAPRAN PH
DSPT,DANISHPET
DSR,DHANSIRI
DSS,DALSINGH SAR
DST,DASAMPATTI
DSVS,D Samudraval
DSX,DESANG
DTAE,DHATRI GRAM
DTC,DITOKCHERRA
DTE,DEULTI
DTF,DANTIA
DTJ,DETROJ
DTK,DATTAPUKUR
DTL,DARRITOLA
DTN,DHAMTAN SAHI
DTO,DALTONGANJ
DTP,DIVITPALLI H
DTQ,DATARDA KALA
DTR,DHAMTARI
DTRA,DANTRA
DTRD,DIYATRA
DTT,DODDAGHATTA
DTV,DHUTRA
DTVL,DATIVLI
DTW,DATEWAS
DTX,DANGTAL
DUA,DHAURA
DUAN,DUAN
DUB,DABTARA
DUBH,DUBAHA
DUD,DUDHANI
DUE,DUDAHI
DUI,DHURI JN.
DUJ,DUBRAJPUR
DUK,DUDIA
DULP,DAULATPUR HA
DUM,DHAURMUI JAG
DUMK,DUMKA
DUMR,DUMARA
DUN,DUGANPUR
DUO,DHAURSALAR H
DUR,DESUR
DURE,DUMRAON
DURG,DURG
DURP,DURGAPURI
DUS,DULRASAR
DUSI,DUSI
DUT,DUM DUMA TOW
DUU,DUPADU
DV,DHUVA
DVA,DELVADA
DVD,DUVVADA
DVG,DAVANGERE
DVGM,DEVGAM
DVJ,DILLIDEWANGA
DVL,DEVLALI
DVM,DALBHUMGARH
DVN,DEVTHANA HAL
DVR,DORAVARICHAT
DWA,DAILWARA
DWD,DHEKWAD
DWDI,DIGHWA DUBAU
DWG,DEWANGANJ
DWI,DINGWAI
DWJ,DWARKAGANJ
DWK,DWARKA
DWL,DHUWALA
DWLE,DHAUNI
DWNA,DIWANA
DWO,DOIWALA
DWP,DWARAPUDI
DWR,DHARWAD
DWT,DEWAN HAT
DWV,DIWAN KHAVAT
DWX,DEWAS
DWZ,DANTE WARA
DXD,DIGOD
DXG,DHARANGAON
DXH,DUHAI
DXK,DHANA KHERLI
DXN,DUDHINAGAR
DXR,DIGSAR
DXU,DOHRU
DY,DUMARIYA
DYD,DARYABAD
DYE,DAYANANDNAGA
DYK,DUDHIA KHURD
DYP,DARYAPUR
DYU,DIYURI  HALT
DZA,DASUA
DZB,DAHINA-ZAINA
DZK,DURGACHAK
DZKT,DURGACHAK TO
DZL,DHANA LADANP
DZP,DARAZPUR
ED,ERODE JN.
EDD,EDDULADODDI
EDG,EDEN GARDENS
EDN,EDAMANN
EDU,ERIODU
EE,ELURU
EGT,EGATTUR
EGU,IRANAGALU
EKC,EKCHARI
EKI,EKLAKHI
EKL,EKDIL
EKM,EKAMBARAKUPP
EKMA,EKMA
EKN,EZHUKONE
EKR,EKANGAR SARA
EL,ELAMANUR
ELL,ERALIGUL
ELM,ELIMALA
ELR,ELAVUR
EN,ISAND
ENB,ELLENABAD
ENR,ENNORE
ERC,ERICH ROAD
ERL,ERANIEL
ERN,ERNAKULAM TO
ERS,ERNAKULAM. J
ESV,ISIVI
ET,ITARSI
ETAH,ETAH
ETK,ETTAKKOT
ETM,ETTUMANUR
ETMD,ETTIMADAI
ETP,ETTAPUR ROAD
ETR,ELATTUR
ETUE,ETMADPUR
ETW,ETAWAH
EVA,EDAVAI
EZP,EZHUPUNNA
FA,FALNA
FAB,FATEHABAD
FAN,FATEH NAGAR
FAP,FAKHARPUR HA
FAR,FARAH
FBD,FARRUKHABAD
FBG,FORBESGANJ J
FD,FAIZABAD JN.
FDB,FARIDABAD
FDK,FARIDKOT
FDN,FARIDABAD NE
FGCN,FATEHGARH CH
FGH,FATEHGARH HA
FGR,FATEHGARH
FGSB,FATEHGARH SA
FHT,FARAH TOWN
FK,FEROK
FKA,FAZILKA JN.
FKB,FAKHRABAD HA
FKG,FURKATING JN
FKM,FAKIRAGRAM J
FL,PHULERA JN.
FLD,PHULAD
FLK,FALAKATA
FLM,FALIMARI
FLR,FULESWAR
FLU,PHULIA
FM,FALAKNUMA
FN,FARUKHNAGAR
FNB,FATEHNAGAR
FNO,FUNGO HALT
FPS,FATEHPUR-SHE
FRD,FARHEDI HALT
FRDH,FARIDAHA
FRH,FARHANTNAGAR
FSG,PHURSUNGI
FSP,FATEHSINGHPU
FSR,FAQARSAR
FSW,FATEH SINGHW
FTC,FATEHPUR CHA
FTD,FATEHABAD JN
FTG,FURSATGANJ
FTH,FATUHI
FTP,FATEHPUR
FTS,FATEHPUR-SIK
FUT,FATUHA
FYZ,FAIZULLAPUR
FZD,FIROZABAD
FZL,FAZALPUR
FZP,FIROZPUR CIT
FZR,FIROZPUR CAN
G,GONDIA JN.
GA,GUDDA
GAA,GALAN
GAD,GEVRA-ROAD
GADH,GOALDIH
GADJ,GANDHINAGAR
GAE,GAIPURA
GAG,GANGAGHAT
GAGA,GALGALIA
GAHT,GHUSIA HALT
GAI,GAUCHHARI
GAJ,GANESHGANJ
GAJB,GAJARA BAHAR
GAJU,GAJU HALT
GAL,GHATALA
GALE,GANKAR
GAM,GANJAM
GAMI,GOGAMERI
GAMN,GAMANI
GANG,GANGAGANJ
GANL,GHANAULI
GAO,GAIGAON
GAP,GURPA
GAQ,GANJ  KHWAJA
GAR,GADARWARA
GARA,GARHA
GATD,GAUTAMDHARA
GAUR,GAUR
GAW,GAINJAHWA
GAYA,GAYA JN.
GB,GAURI BAZAR
GBA,GARBETA
GBB,GUBBI
GBD,GAURIBIDANUR
GBE,GAYABARI
GBG,GOBARDANGA
GBK,GOPALPUR BAL
GBN,GARH BANALI
GBP,GULABPURA
GBQ,GODBHAGA
GBRA,GOBRA
GBRI,GOBERWAHI
GBX,GOVINDPUR RO
GC,GHAT KOPAR
GCAB,BMY G CABIN
GCH,GACHHIPURA
GCN,GOCHARAN
GCT,GHAZIPUR CIT
GD,GONDA JN.
GDA,GODHRA JN.
GDB,GIDDARBAHA
GDBR,GOONDA (BIHA
GDD,GADRA ROAD
GDE,GARLADINNE
GDG,GADAG JN.
GDGN,GAUDGAON
GDH,GIDANAHALLI
GDHA,GODHA
GDI,GUDGERI
GDK,GONDA KACHAH
GDKP,GHUNDANKHAPA
GDL,GONDAL
GDM,GUDMA
GDN,GANGAIKONDAN
GDO,GOVERDHAN
GDP,GUDUPALLI
GDPL,GUNDLA POCHA
GDPT,GUDAPARTI
GDQ,GODAMGURA
GDR,GUDUR JN.
GDRA,GANGADHARA
GDV,GUDIVADA JN.
GDW,GADHWALA
GDX,GHOKSADANGA
GDY,GUINDY
GDYA,GHORADONGRI
GDZ,GUNDARDEHI
GEA,GHATERA
GED,GULEDAGUDDA
GEDE,GEDE
GEG,GIR GADHARA
GEK,GEGAL AKHRI
GEOR,GUNJARIA
GER,GERATPUR
GFAE,GARIFA
GG,GANDHIGRAM
GGA,GHOGHA
GGAR,GANGADHRA
GGB,GARHMUKTESAR
GGC,GANGAPUR CIT
GGD,GULLAGUDA
GGG,GANGAGARH (H
GGGS,GARHA GOODS
GGJ,GOSHAINGANJ
GGKR,GOVINDGARH K
GGLE,GANGATIKURI
GGN,GURGAON
GGNP,GANGANPALLE
GGO,GORAM GHAT
GGP,GANGNAPUR
GGR,GANGRAR
GGT,GHUNGHUTI
GGTA,GHORAGHATA
GGV,GHOVARASH GH
GGY,GAGARIYA
GH,GHUGHULI
GHA,GOLEHWALA
GHAI,GHATIGAON
GHB,GAHRI BHAGI
GHD,GARWA ROAD J
GHE,GHEVRA
GHG,GHAGGHAR
GHGL,GHAGWAL
GHH,GARHI HARSAR
GHJ,GURSAHAIGANJ
GHL,GOLHALLI
GHLE,GADADHARPUR
GHNA,GOHANA
GHNH,GHANTIKAL NI
GHPU,GANDHIPURAM
GHQ,GARHWA
GHR,GIDHAUR
GHRI,GHORI  HALT
GHS,GURU HARSAHA
GHSR,GHASARA HALT
GHT,GHAGHARA GHA
GHUM,GHUM
GHX,GARHARA
GHY,GUWAHATI
GI,GUDUVANCHERI
GIA,GARIA
GIBP,GHOGI BARIAR
GID,GIDDALUR
GIF,GANI DHAM HA
GIHT,GAIGHAT HALT
GII,GIDHNI
GIL,GAISAL
GILA,GHIALA
GILL,GILL
GIMB,GANDHIDHAM J
GIN,GINIGERA
GIR,GAINSARI JN
GIS,GARHI SANDRA
GIW,GIRDHARPUR
GIZ,GIDAM
GJ,GANGAJHARI
GJD,GUJHANDI
GJH,GOLDEENGANJ
GJJ,GAJJELAKONDA
GJL,GAJRAULA JN.
GJMB,GANJ MURADAB
GJN,GAJNER
GJS,GAJSINGHPUR
GJT,JANNAGHATTA
GJTA,GURUDIJHATIA
GJUT,GANGSAR JAIT
GJW,GAJUWALA HAL
GKB,GHATKAVARANA
GKC,GORAKHPUR CA
GKD,GADHAKADA
GKG,GOKULGARH
GKH,GUSKARA
GKHT,GRAM KHARIKA
GKJ,GOLAKGANJ
GKK,GOKAK ROAD
GKL,GOKULPUR
GKM,GUNDLAKAMMA
GKP,GORAKHPUR JN
GKT,GANKHERA HAL
GKX,GHAL KALAN
GLA,GARLA
GLBA,GOLABAI
GLBN,GUJRAN-BALWA
GLE,GAJULAGUDEN
GLG,GULABGANJ
GLGT,GOLAGHAT
GLH,GULAOTHI
GLI,GALSI
GLKN,GUGALWA KIRT
GLMA,GULMA
GLNA,GOLANA  HALT
GLP,GOLLAPROLU
GLPT,GOALPARA  TO
GLTA,GAHLOTA
GLU,GULLIPADU
GLY,GOLLAPALLI
GM,GARMADI
GMA,GUDIMETTA HA
GMAN,GUMANI
GMC,KANPUR GOODS
GMD,GURAMKHEDI
GMDA,GUMADA
GMDN,GIRI MAIDAN
GMDP,GRAMDADPUR
GME,GUMANDEV
GMG,GUMGAON
GMGM,GOMANGALAM
GMH,GAMHARIA
GMI,GOND UMRI
GMIA,GUMIA
GMM,GUMMAN
GMMG,GRAM MASAGRA
GMO,NSC BOSE J G
GMR,GAHMAR
GMS,GARHMUKTESAR
GMTO,GUMTO
GMU,GAURIYAMAU
GMX,GURMURA
GN,GOPAL NAGAR
GNA,GONIANA
GNB,JNANA BHARAT
GNC,GANDHINAGAR
GNDM,GUNRAJPUR DH
GNG,GAURIGANJ
GNGD,GANGADHARPUR
GNGL,GANGAULI (HA
GNH,GANGA KHER
GNJ,GUNJI
GNJB,GOPINATHJEW
GNK,GARHNOKHA
GNL,GONGALI
GNN,GANGINENI
GNNA,GANGANIA
GNO,GOREGAON ROA
GNP,GHANPUR
GNPR,GUNUPUR
GNQ,GODHANI
GNR,GADIGANURU
GNRL,GANGRAUL HAL
GNS,GHONSOR
GNST,GHANDHI SMRU
GNT,GUNTUR JN.
GNTR,GAUNTRA
GNU,GANAUR
GNW,GANGIWARA
GNZ,GAHNDRAN HAL
GO,GHOTI
GOA,GOHAD ROAD H
GOC,PONMALAI (GO
GOD,GIDARPINDI
GOE,GHOGRAPAR
GOF,GHUTIARI SHA
GOG,GHORGHAT HAL
GOGH,GOSAI GAON H
GOH,GAROTH
GOK,GOKARNA ROAD
GOL,GOILKERA
GOLE,GOLE
GOM,GOGAMUKH
GOP,GOP JAM
GOPA,GHOSIPURA
GOPG,GOPALGANJ
GOR,GOPINATHPUR
GOS,GHOSRANA
GOT,GOT (HALT)
GOTN,GOTAN
GOVR,GOVINDNAGAR
GOX,GOBINDPUR DU
GOY,GOVINDPURI
GOZ,GOLSAR
GP,RAJGANGPUR
GPAE,GUPTIPARA
GPB,GHATPRABHA
GPC,GHATPINDRAI
GPD,GUMMIDIPUNDI
GPDE,GUDIPUDI
GPE,GOGI POTHIA
GPH,GARPOS
GPI,GAJAPATI NAG
GPJ,GORAPUR
GPR,GHORPURI
GPU,GULAPALAYAMU
GPX,GAUTAMPURA R
GPY,GANGA YAPALL
GPZ,GOHPUR
GQD,GOURDAHA (HA
GQL,GURLA
GQN,GARAHANI
GR,GULBARGA
GRA,GHARAUNDA
GRAE,GURAP
GRAK,GARKHA F
GRB,GARH-DHRUBBE
GRBH,GAREA BIHAR
GRBL,GARUDABILLI
GRCP,G.RAMACHANDR
GRD,GIRDIH
GRE,GOLA ROAD
GRF,GAMBHIR ROAD
GRG,GUWARI GHAT
GRH,GHORASAHAN
GRHM,GIR GADHADA
GRHX,GARRA
GRI,GURIYA
GRJ,GATRA HALT
GRJA,GORINJA
GRKA,GURHA KEMLA
GRKN,GORAKHNATH
GRL,GORAUL
GRM,GARHMAU
GRMA,GHORMARA
GRMP,GANGARAMPUR
GRMR,GARHI MANIKP
GRMT,GUD MARKET
GRN,GURNAY
GRO,GURRA
GRP,GANGPUR
GRR,GORPHAR
GRRG,GURLI RAMGAR
GRRU,GURARU
GRU,GAROPARA HAL
GRWD,GHORAWADI
GRX,GAURA
GRY,GORAYA
GRZ,GURTHURI
GS,GODHNESHWAR
GSA,GUAGACHHA
GSB,GARNA SAHIB
GSD,GHOSUNDA
GSGB,GOSAINGRAM
GSGJ,GHAUSGANJ
GSI,GHOSI
GSL,GODAPEASAL
GSO,GHASO
GSP,GURDASPUR
GSPR,GOSALPUR
GSQ,GUIR SARANG
GSR,GARHSHANKAR
GSRM,GAURI SHRI R
GSW,GURUSAR SEHN
GT,GHATKESAR
GTA,GOLANTHRA
GTD,GOURINATHDHA
GTE,GOTHAJ
GTF,GUMTHAL
GTI,GHUTAI
GTJT,GETOR JAGATP
GTK,GHUTKU
GTL,GUNTAKAL JN.
GTLM,GOTLAM
GTM,GHATAMPUR
GTNR,GOMTINAGAR F
GTP,GHATPURI
GTQ,GUMTALI
GTRA,GOTRA
GTS,GHATSILA
GTST,GAUTAM STHAN
GTT,GOMTA
GTU,GHATNANDUR
GTW,GATORA
GTWD,GHATWAD
GTX,GOTHAN GAM
GTY,GOLAPATTI
GUA,GUA
GUB,GULARBHOJ
GUD,GALUDIH
GUDM,GUDUM
GUG,GARJAIPUR
GUH,GULDHAR
GUK,GUNTAKODURU
GULR,GULER
GUMA,GUMA
GUMI,GORUMAHISANI
GUNA,GUNA
GUNS,GHUNAS HALT
GUP,GAURIPUR
GUR,GANGAPUR ROA
GURN,GURUDAS NAGA
GUU,GUNDRATIMADU
GUV,GURUVAYUR
GUZ,GUMANIHAT
GVA,GANGUWADA
GVB,GUNERU BAMOR
GVD,GHOLVAD
GVDP,GOVINDPUR PH
GVG,MANDI GOBIND
GVH,GOVINDGARH
GVI,GARIVIDI
GVL,GUDLAVALLERU
GVMH,GANGAVARAM H
GVMR,GOVINDI MARW
GVN,GODAVRI
GVR,GORESWAR
GW,GIRWAR
GWA,GANJ DUNDWAR
GWD,GADWAL
GWH,GHOSHAWAR
GWL,GWALIOR JN
GWM,GANNAVARAM
GWO,GWALIOR (NG)
GWP,GANGWA PUR (
GWS,GAUSHALA F
GWSB,GOINDWAL SAH
GWV,GOWDAVALLI H
GXG,GEONG  HALT
GY,GOOTY JN.
GYM,GUDIATTAM
GYN,GYANPUR ROAD
GZA,GURUJALA
GZB,GHAZIABAD JN
GZH,GULZARBAGH
GZL,GAZULAPALLI
GZM,GOUR MALDA
GZN,NAYA GHAZIAB
GZO,GAZOLE
GZS,GIANI ZAIL S
GZT,GHAZIPUR GHA
HAA,HARWADA
HAB,BAH
HAD,HARIPAD
HAH,HOSA AGRAHAR
HAM,HAMIRATTI PH
HAN,HINDAUN CITY
HAPA,HAPA
HAQ,HASTAVARAMU
HAR,HAMIRPUR ROA
HAS,HASSAN JN.
HAT,HATHURAN
HATB,HATIBARI
HATI,HATI
HAUR,HAUR
HB,HABRA
HBD,HOSHANGABAD
HBE,HABIBPUR
HBF,HADOBHANGI P
HBJ,HABIBGANJ
HBL,HOMBAL
HBLN,HBL NAGAR H
HBN,HAIBARGAON
HBP,HARPUR BOCHA
HBQ,HUBLI EAST C
HBS,HEBSUR
HBU,HALBARGA
HBW,HABIBWALA
HC,HINDU COLLEG
HCAB,BMY H CABIN
HCM,HARISCHANDRA
HCNR,HARICHANDANP
HCP,HARCHANDPUR
HCR,HARISHCHANDR
HD,HARDA
HDA,HIRNODA
HDB,HALDIBARI
HDC,HARISHDADPUR
HDD,HADDINGAUNDU
HDE,HARDAS BIGHA
HDGR,HADGAON ROAD
HDIH,HOODI
HDK,HANDIA KHAS
HDL,HODAL
HDM,HIRDAMALI
HDN,HAIDARNAGAR
HDP,HADAPSAR
HDS,HARIDAS PUR
HDT,HARDATTPUR F
HDU,HARDUA
HDW,HALDWANI
HDWL,HARDORAWAL
HEB,HEBBAL
HEI,HEGGERE
HEM,HIMAYATNAGAR
HEN,HERIA PH
HER,HER
HET,HETAMPUR
HFZ,HAFIZPETA
HG,HOTGI JN.
HGA,HOGLAHALT E
HGH,HAIDERGARH
HGI,HAGARI
HGJ,HARDUAGANJ
HGL,HARANGUL
HGR,HIMGIR
HGT,HINGANGHAT
HGY,HOOGHLY
HHD,HUNSIHADGIL
HHG,HEHEGARA HAL
HHL,HIREHALLI
HHP,HARHAR FATEH
HHR,HRIDAYPUR
HHT,HABANGHATTA
HIH,HAJIGARH
HIJ,HIJLI
HIL,HILSA BLOCK
HIND,HIND
HIP,HALDIPADA
HIR,HARINAGAR
HISE,HIRISAVE
HJI,HOJAI
HJL,HEJJALA
HJLI,HUGRAJULI
HJP,HAJIPUR JN.
HK,HELAK
HKD,HAILAKANDI
HKG,HIRAKUND
HKL,HARKIA KHAL
HKP,HAKIMPUR
HLAR,HOLE-ALUR
HLB,HADALA BHAL
HLD,HALUDPUKUR
HLDD,HALDI ROAD
HLDR,HALDAUR
HLE,HEELALIGE
HLK,HOLALKERE
HLKH,HALLIKHED
HLKK,HALLIKHERK
HLKT,HALAKATTA
HLN,HOLENARSIPUR
HLP,HALDHARPUR F
HLR,HALISAHAR
HLV,HALIYURU
HLW,HIRNAWALI
HLX,HILARA
HLZ,HALDIA
HM,HADMATIYA
HMA,HUMMA
HMBD,HUMNABAD
HME,HAMRE
HMG,HAMIR GARH
HMH,HANUMANGARH
HMI,HIMMATANA
HMK,HINDUMALKOTE
HML,HELEM
HMO,HANUMANGARH
HMP,HEMPUR
HMPR,HURMUJPUR (H
HMQ,HIMMATPURA
HMR,HAMIRA
HMRR,HAMARAPUR
HMY,HARMUTI
HMZ,HINDMOTOR
HN,HATHBANDH
HNA,HONNAVAR
HNB,HASANABAD
HND,HINDOL ROAD
HNDR,HENDEGIR
HNG,HIRANGAON
HNH,HANUMANAHALL
HNK,HANAKERE
HNL,HINGOLI(DECC
HNM,HINOTA RAMBA
HNMN,HANUMAN CIRC
HNN,HARSANA KALA
HNPA,HANDAPA
HNR,HANSARA
HNS,HANSI
HNSL,HESALONG  FS
HNU,HANSPURA
HOD,HALDIA BIHAR
HOH,HONAGANAHALL
HOJ,HAMILTONGANJ
HOL,HOL
HP,HARIPUR
HPA,HAMPAPURA
HPG,HUPPUGUDA
HPGM,HARIPUR GRAM
HPKA,HINOTIA-PIPA
HPL,HARI PAL
HPLE,HATPURAINI H
HPO,HASANPUR ROA
HPP,HARPALPUR
HPR,HIRAPUR
HPT,HOSPET JN.
HPU,HAPUR JN.
HQR,HIRENANDURU
HR,HARPALU
HRB,HARRI
HRBR,HARUBERA
HRDR,HARSAR DEHRI
HRE,HIRODIH
HRF,HATHRAS QILA
HRG,HIRDAGARH
HRH,HARTHALA
HRI,HARDOI
HRM,HADMADIYA
HRN,HARAUNI
HRNG,HARPUR NAG
HRNR,HIRA NAGAR
HRNS,HARISING
HRO,HARUA ROAD
HRPG,HARPALGANJ
HRR,HARIHAR JN.
HRS,HATHRAS JN.
HRSB,HILLAR SHAHA
HRSN,HARISINGA
HRSR,HARISH NAGAR
HRT,HARNAUT
HRV,HARRAD
HRW,HARRAWALA
HSA,HASIMARA
HSB,HASANBAZAR H
HSD,HOSDURGA ROA
HSDA,HANSDIHA
HSI,HARSAULI
HSK,HARI SHANKAR
HSL,HISVAHAL
HSP,HASANPARTI R
HSQ,HUSAINPUR
HSR,HISAR JN
HSRA,HOSUR
HSWS,HANSIAWAS
HSX,HOSHIARPUR
HSY,HARSINGHPUR
HT,HOTAR
HTC,HATHRAS CITY
HTCY,HITECH CITY
HTD,HATUNDI
HTE,HATIA
HTGR,HATHIGADH
HTJ,HATHRAS ROAD
HTK,HATKANANGALE
HTL,HATIKHALI
HTN,HATNAPUR
HTNL,HITNAL H
HTT,HATTA ROAD
HTW,HATHUA
HTZ,HATHIDAH JN
HTZU,HATHIDAH JN
HUK,HOLAMBI KALA
HUN,HUNSENAHALLI
HUP,HINDUPUR
HVD,HALVAD
HVL,HONNAVALLI R
HVM,HAMSAVARAM
HVR,HAVERI
HW,HARIDWAR JN
HWH,HOWRAH JN.
HWR,HATWAR
HWT,HANWANT
HWX,HABAIPUR
HX,CUDDAPAH
HYA,HADIAYA
HYB,HYDERABAD DE
HYG,HOOGHLY GHAT
HYL,HADYAL
HYT,HAIAGHAT
HZBN,HAZARIBAGH T
HZD,HAZARIBAGH R
HZN,HAZRATNAGAR
HZR,HAFIZPUR
IAA,INDARA JN.
IAM,MAI HALT
IB,IB
IBL,INDRABIL
ICG,ICHCHANGADU
ICL,ICHAULI
IDG,INDRAGARH SU
IDGJ,IRADATGANJ
IDH,IDGAH
IDJ,IDALHOND H
IDL,INDALVAI
IDM,INDEMAU
IDP,INDUPALLI
IDR,INDI ROAD
IDS,ISHARDASPUR
IDT,SIDLAGHATTA
IGL,IRINGAL HALT
IGP,IGATPURI
IGR,INGUR
IGRL,INGORALA
IGTA,LNGOHTA
IGU,IRUGUR
IHP,INCHHAPURI
IJK,IRINJALAKUDA
IK,IKRAN
IKD,IKDORI
IKI,ITIKYALA
IKK,IKKAR HALT
IKR,IKLEHRA
ILA,SILAIMAN
ILO,ILLOO
IMGE,ISMAILPUR
IMLI,IMLI
IMR,IBRAHIMPUR H
INDB,INDORE BG
INJ,INNANJE
INK,INTEKANNE
INP,INDAPUR
INS,INDAS PH
IP,ICHHAPUR
IPL,IDAPPALLI
IPM,ICHCHA PURAM
IPPM,INDIA PAPER
IPR,ISLAMPUR
IQB,IQBALPUR
IQG,IQBAL GADH
IRA,ISRANA HALT
IRN,IRGAON P.H.
IRP,IRAVIPURAM H
ISA,ISARDA
ISH,ISARWARA
ISHN,ISHANAGAR
ISM,ISMAILA HARY
ISRI,ISHAPUR KHER
ITA,ITOLA
ITE,INTIYATHOK
ITKY,ITKY PH
ITR,ITWARI JN.
ITRN,ITWARI JN.
IZN,IZZATNAGAR J
J,JALNA
JA,JALIYA
JAA,JHALIDA
JAB,YAMUNA BRIDG
JAC,JALSU
JACN,JALSU NANAK
JAG,JALALGARH
JAIS,JAIS
JAJ,JHAJHA
JAK,JAKANUR H
JAL,JAWALI
JALD,JALIADEWANI
JAM,JAMNAGAR
JAMA,JAMA
JAN,JARANGDIH
JAO,JOARA
JAQ,JANDRAPETA H
JARI,JARI
JAT,JAMMU TAWI
JATP,JAITPURA
JAU,JHAUA
JAUA,JAMUA
JBB,JAMBUR
JBD,JALALABAD
JBG,JUNG BAHADUR
JBK,JAGGAMBHOTLA
JBN,JOGBANI
JBO,JAMADOBA PH
JBP,JABALPUR
JBR,JAHANGIRABAD
JBS,JADOLI KA BA
JBU,JABUGAM
JBW,JHABELWALI
JBX,JABRI
JCH,JETHA CHANDA
JCL,JADCHARLA
JCN,JUNICHAVAND
JCNR,JUCHANDRA
JCY,JIND CITY
JDA,JASODA
JDB,JAGADALPUR
JDD,JERTHI DADHI
JDDA,JETHA HALT
JDH,JAM JODHPUR
JDI,JHARRADIH
JDL,JAGDEVWALA
JDN,JAGUDAN
JDNX,JOGINDER NAG
JDP,JADABPUR
JDPT,JAGDISHPUR
JDR,JIWDHARA
JDW,JARAUDA NARA
JEA,NAKAHA JUNGL
JEN,JENAPUR
JEP,JEONATHPUR
JER,JALESWAR
JES,JAITSAR
JET,JAMES STREET
JEUR,JEUR
JFD,JIADHAL
JFG,JAFARGANJ
JGA,JOGIARA
JGBR,JOGESWAR BIH
JGD,JAGADISPUR
JGDL,JAGADAL
JGE,JAGANNATH TE
JGF,JOGIDIH
JGG,JANGIGANJ
JGI,JHAGADIYA JN
JGJ,JAGESHARGANJ
JGJN,JUGIJAN
JGKS,JIGNI KHAS (
JGLP,JATINGA
JGM,JHARGRAM
JGN,JAGRAON
JGNR,JOGENDRA NAG
JGP,JALALPUR
JGR,JASWANTNAGAR
JGW,JOGIWALA
JGWL,JAGJVAN HALT
JHA,JAKHAURA
JHBN,JHAMATPUR BA
JHD,JEHANABAD
JHDC,JAHANABAD  C
JHG,JHINGURA
JHH,JHALRA  HALT
JHIR,JHIR
JHJ,JHEJHAR
JHK,JETHUKE
JHL,JAKHAL JN.
JHMR,JHIMRI
JHN,JAKHIM
JHS,JHANSI JN
JHSA,JHANSI A CAB
JHT,JUNETA
JHW,JHALAWAR ROA
JHWR,JHAWAR HALT
JI,JHUSI
JIA,JIGNA
JID,JAGI ROAD
JIGT,JIRIGHAT
JIL,JALILA ROAD
JIND,JIND JN
JIR,JIRA ROAD
JIT,JIRAT
JITE,JITE
JJ,JAJAU
JJA,JAJANPATTI
JJG,JIAGANJ
JJJ,JAIJON DOABA
JJK,JHINJHAK
JJKR,JAJPUR KEONJ
JJN,JHUNJUNU
JJR,JEJURI
JJT,JAI JAI WANT
JJW,JOJWA
JK,JAKOLARI
JKA,JAKHVADA
JKAR,JAKLAIR
JKB,JAKHALABANDH
JKDP,JANKIDAIPUR
JKE,JUKEHI
JKH,JAHANIKHERA
JKHI,JAKHOD KHERA
JKI,KAURIA JUNGL
JKL,JALALKHALI H
JKM,JANKAMPET JN
JKN,JAKHANIAN
JKNI,JHARKHANDI F
JKO,JAKKALACHERU
JKPR,JAKHAPURA JN
JKR,JAULKHERA
JKS,JAKSI
JKT,JEKOT
JKZ,JITA KHERI
JL,JALGAON JN.
JLBR,JHALUARBAR
JLD,JARWAL ROAD
JLF,JULMI
JLG,JULGAON(DECC
JLHI,JHILAHI
JLI,JALALSI PH
JLL,JALALGANJ
JLLO,JHILO
JLN,JAKHLAUN
JLQ,JALPUR  HALT
JLR,JETALSAR JN
JLRF,JETALSAR JN
JLS,JALESAR ROAD
JLT,JHAMAT (HALT
JLW,JHALWARA
JLWC,JHALAWAR CIT
JM,JALAMB JN.
JMBL,JAMBHALI  HA
JMD,JAMDHA
JMDG,JAMMALAMADUG
JMG,JAMGA
JMI,JAMGURI
JMIR,JAMIRA HALT
JMK,JAMUNAMUKH
JMKR,JAWALAMUKHI
JMKT,JAMIKUNTA
JML,JUMNAL
JMP,JAMALPUR JN.
JMPT,JIMIDIPETA
JMQ,JAMIRGHATA
JMRA,JAMIRA
JMS,JAMSAR
JMT,JAMTARA
JMU,JAMUI
JMV,JAMBARA
JNA,JULANA
JND,JUNAGADH JN
JNE,JANIYANA
JNH,JANGHAI JN.
JNK,JHINKPANI
JNKR,JANAKINAGAR
JNL,JANDIALA
JNM,JAYNAGAR MAJ
JNN,JAMUNIATANR
JNNA,JAMUNIATANR
JNO,JUNNORDEO
JNP,JAGAN NATHAP
JNR,JANAKPUR ROA
JNRD,JUNAGARH ROA
JNRI,JALINDRI
JNT,JAINTIPURA
JNTR,JINTI ROAD
JNU,JAUNPUR JN.
JNX,JAGANNATH JI
JNZ,JENAL
JOA,JANWAL
JOB,ASAIPUR JOBN
JOBA,JOBA
JOC,JOYCHANDI PA
JOH,JUHARPURA
JOK,JODHKA
JOL,JOGAL
JOM,JOGIMAGRA
JON,JOHNA
JONR,JEONARA
JOO,JAMAI-OSMANI
JOP,JAUNPUR CITY
JOQ,JORAI
JOR,JALOR
JOX,JANAI ROAD
JP,JAIPUR JN.
JPD,JALALPUR-DHA
JPE,JALPAIGURI R
JPG,JALPAIGURI
JPH,JHANTIPAHARI
JPI,JHADUPUDI
JPL,JAPLA
JPM,JIYAPURAM HA
JPO,JORA ALAPUR
JPP,JALALPUR-PAN
JPQ,JHAPANDANGA
JPR,JAKPUR
JPRD,JENAPUR ROAD
JPS,JAMALPUR SHA
JPV,JMTRA PARASW
JPZ,JOGIGHOPA
JRA,JARAIKELA
JRAE,JAUGRAM
JRBM,JIRIBAM
JRC,JALANDHAR CA
JRG,JUGPURA PH
JRJ,JARGAON
JRK,JERUWAKHERA
JRKN,JORKIAN
JRKT,JADARAMA KUN
JRL,JHARLI
JRLE,JANGIPUR ROA
JRLI,JAROLI
JRMG,JAIRAMNAGAR
JRNA,JIRINIA
JRO,JIRON
JRPD,JARAPADA
JRQ,JHAROKHAS
JRR,JUGAUR
JRS,JORAWASAN
JRT,JARATI
JRU,CHIKJAJUR JN
JRV,JUNA RAJUVAD
JRW,JORAMOW
JRX,JURIAGAON
JRZ,JORANDA ROAD
JSA,JASAI
JSB,YAMUNA SOUTH
JSC,JALESAR CITY
JSD,JAISINDER
JSG,JHARSUGUDA J
JSGR,JHARSUGUDA R
JSI,JASALI
JSKA,JATAULA JORI
JSL,JASSOWAL HAL
JSM,JAISALMER
JSME,JASIDIH JN.
JSP,JAYASINGPUR
JSPR,JASHAPUR
JSR,JASRA
JSRD,JHANKAD SARA
JSS,JASIA  HALT
JSV,JARANDESHWAR
JTB,JAGATBELA
JTDM,JATDUMRI HAL
JTH,JHOK TAHAL S
JTI,JAITHARI
JTIN,JETHIAN
JTJ,JOLARPETTAI
JTK,JHITKIA
JTKN,JAITPUR KALA
JTL,JHAPATERDHAL
JTN,JOTANA
JTO,JUTOGH
JTP,JETPUR
JTR,JATKANHAR
JTRD,JATH ROAD
JTS,JATUSANA
JTTN,JORHAT TOWN
JTU,JAITIPUR
JTV,JETALVAD
JTW,JAITWAR
JTY,JETHI
JU,JODHPUR JN.
JUA,JARAUNA
JUBS,JUBBASAHANI
JUC,JALANDHAR CI
JUCT,JODHPUR CANT
JUDW,JAGADHRI WOR
JUJA,JUJOMURA
JUK,JAULKA HALT
JUL,JHULASAN
JUNX,JUNONA HALT
JUP,JHUNPA
JUR,JUTURU
JVA,JAVALE
JVL,JAMWALA
JVN,JORAVARNAGAR
JVT,JIBANTI
JW,JATWARA
JWB,JAWAI BANDH
JWK,JAWAHARPUR K
JWL,JAJIWAL
JWLS,JAWANWALA SH
JWN,JIWA ARAIN
JWNR,JAWAHAR NAGA
JWO,JAWAD ROAD
JWP,JWALAPUR
JWS,JHARWASA
JXN,JIRONA HALT
JYG,JAYNAGAR
JYK,JONEKARANG H
JYP,JEYPORE (ORI
KAA,KAURARA
KAD,KANDALA
KADH,KHAIRADIH HA
KADI,KADI
KADL,KUMRADOL
KAG,KODAGANUR
KAGA,KURHAGADA
KAGR,KAHANGARH HA
KAH,KALHAR
KAI,KAIRLA
KAJ,KALIYAGANJ
KAJG,KARANJGOAN
KAKN,KAIMARAKALAN
KAL,KALLAL
KALI,KAILI
KALN,KALANA
KALS,KALAS
KAMG,KAMAKHYAGURI
KAMP,KAMALPUR HAL
KAN,KHANA JN.
KANJ,KANIJ
KANO,KANOH
KANS,KANSIYA NES
KAO,KALUBATHAN
KAOT,KAOTHA
KAP,KALIANPUR
KAPE,KAKAPORA
KAPG,KALUPARA GHA
KAPP,KHARIAPIPRA
KAQ,KOLANUKONDA
KAR,KARNA
KARD,KAMAN
KARH,KAKRAHA REST
KARJ,KARJHAUSA
KARK,KARAIKKURICH
KARO,KHARIO PH
KARR,KHARAR
KART,KIRATPUR SAH
KASH,KULTHAM ABDU
KASR,KANAS ROAD
KASU,KASU
KAT,KHATAULI
KATB,KHATKURA PH
KATI,KANTHI FS
KATL,KATOL
KAU,KACHNA
KAUA,KATHAUTIA
KAV,KALUMNA
KAVM,KATHIVAKKAM
KAVR,KALAVUR H.
KAW,KHAJURI
KAWL,KANDWAL
KAWR,KAWR
KAWT,KANWAT
KAY,KARAI MADAI
KAYI,KAYDI HALT
KAYR,KAYAR
KBA,KURBALAKOTA
KBE,KURBHAR
KBGH,KAREA KADAMB
KBH,KHANDBARA
KBI,KAMBARGANVI
KBJ,KANTABANJI
KBK,KHAMIL GHAT
KBKN,KHABRA KALAN
KBL,KOPPAL
KBM,KOTABOMMALI
KBN,KARBIGWAN
KBP,KUBERPUR
KBPR,KABAKA PUTTU
KBQ,KUMRABAD ROH
KBR,KABRAI
KBRV,KANJARI BORI
KBSH,KRISHNA BALL
KBSN,KASBE SUKENE
KBT,KADAMBATTUR
KBU,KASU BEGU
KBY,KHOIRABARI
KCA,KUCHMAN
KCAB,K-CABIN BNDM
KCC,KRISHANA CAN
KCD,KURICHEDU
KCF,KALCHINI
KCG,KACHEGUDA
KCHV,KACHCHANAVIL
KCI,KALIKIRI
KCJ,KASIMPUR HAL
KCKI,KECHKI
KCLA,KENCHANALU
KCM,KALASAMUDRAM
KCN,KARCHANA
KCO,KACHHLA BRID
KCP,KALGUPUR
KCR,KHONKAR
KCT,KERAKAT (HAL
KCU,KACHHLA
KCV,KRISHNA CHAN
KCVL,KOCHUVELI
KCY,KAICHAR
KD,KUNDARKHI
KDAG,KYATSNDRA GO
KDBA,KODIMBALA
KDBR,KHADKI BAZAR
KDE,KORADACHERI
KDF,KHUNDAUR
KDG,KEDGAON
KDGH,KODIGEHALLI
KDGI,KUDGI H
KDH,KHARDAHA
KDHA,KARCHHA
KDHI,KALADEHI
KDHL,KUNDHELA
KDHN,KANDHARAN HA
KDI,KUNDLI
KDJ,KHUDAGANJ
KDJR,KENDUJHAR
KDK,KOHDAD
KDKN,KENDUKANA
KDL,KANKROLI
KDLR,KANDEL ROAD
KDM,KESAMUDRAM
KDMD,KANDAMBAKKAM
KDMR,KHODIYAR MAN
KDN,KUDATINI
KDNL,KADAYANALLUR
KDO,KADAKOLA
KDP,KONDAPURAM
KDPA,KHADAPA
KDPR,KUMEDPUR
KDQ,KADIPUR
KDRD,KHULDIL ROAD
KDRI,KENDRI
KDRP,KANDARPUR
KDS,KUSUNDA
KDSB,KHADUR  SAHI
KDSD,KUDSAD
KDT,KHADARPETT
KDTN,KADETHAN
KDTR,KIRODIMALNAG
KDTY,KADUTURUTTY
KDU,KADAMBUR
KDUH,KUNDURU
KDV,KHADAVALI
KDX,KADABARI HAT
KDY,KETTANDAPATT
KDZ,KANDAGHAT
KE,KHARDI
KEA,KATRA
KEB,KARAMBELI
KED,KENDUAPADA
KEE,KASEETAR
KEF,KRISHNA MAKO
KEG,KARENGI
KEH,KAPSETHI
KEI,KASHI
KEJ,KATHLEEGHAT
KEK,KARKHELI
KEM,KEM
KEMA,KUKMA
KEMK,KHEM KARAN
KEMP,KEMPALSAD HA
KEMR,KEMRI (HALT)
KEN,KOTALA HALT
KEP,KELANPUR
KEPR,KOIRIPUR
KER,KIRIHARAPUR
KES,KESRI
KESR,KESRI SINGHP
KEV,KELA DEVI
KEX,KHEKRA
KEY,KAGANKARAI
KEZ,KELZHAR
KFA,KOPARIA
KFC,KALPATTICHAT
KFD,KARANJADI
KFE,KURIKAD
KFF,KOLDE
KFH,KATPHAL
KFI,KAPPIL
KFK,KATKA
KFPR,KAFURPUR
KFQ,KUMARANALLUR
KFT,KAJRI
KFU,KOHAND HALT
KFV,KUNDARA EAST
KFX,KOCHEWAHI
KFY,KARAPGAON
KGA,KHAGA
KGB,KARGI ROAD
KGBS,KISHANGARH B
KGD,KALLIGUDI
KGE,KATANGI
KGF,KATGHAR
KGG,KHAGARIA JN.
KGI,KENGERI
KGIH,KALGURKI H
KGK,KANKURGACHHI
KGKD,KANG KHURD
KGL,KUPGAL
KGLE,KHAGRAGHAT R
KGM,KATHGODAM
KGMR,KANGRA MANDI
KGN,KURSEONG
KGP,KHARAGPUR
KGQ,KASARAGOD
KGRA,KANGRA
KGS,KHONGSARA
KGW,KARIGANURU
KGX,KANGINHAL
KGY,KULGACHIA
KGZ,KARUNGUZHI
KH,KAHILIA
KHA,KHAIGAON
KHAI,KHIRAI
KHAT,KHAT
KHBJ,KHANNA BANJA
KHBV,KHARBAO
KHC,KHORANA
KHD,KHODIYAR
KHDB,KHODIYAR
KHDI,KHANDHERI
KHDP,KHUDLAPUR F
KHDR,KHANDARI HAL
KHE,KANKATHER
KHED,KHED
KHF,KHANTAPARA
KHGP,KHARGAPUR
KHGR,KASHINAGAR-H
KHH,KICHHA
KHHJ,KHATKAR KALA
KHI,KURHANI
KHJ,KHAJRAHA
KHJA,KHANJA HALT
KHKN,KHERA KALAN
KHKT,KHOTKHOTI
KHLL,KETO HALLI H
KHM,KUSMHI
KHN,KHANYAN
KHNM,KUNDA HARNAM
KHNP,KHANAPUR
KHNR,KACHNARA
KHOH,KHOH
KHPL,KHALIAPALI
KHQ,KHARIK
KHRA,KACHERA
KHRI,KHARKHARI
KHRJ,KHUMBARAJ
KHRK,KHARAK
KHRY,KHAIRAHI
KHS,KHARSIA
KHSN,KHERA SANDHA
KHST,KASHANATTI
KHT,SRI KALAHAST
KHTG,KHATGAON
KHTU,KHATU
KHTX,KHED TEMPLE
KHU,KHURHAND
KHV,KARAINTHI
KI,KONDAPALLI
KIAT,KYATSANDRA
KIB,KIZHA AMBUR
KIC,KALLIDAIKURU
KID,KHAIRAR JN.
KIE,KHIRIA KHURD
KIF,KURI
KIG,KOLAGHAT
KIGL,KUNIGAL
KII,KILLE
KIJ,KULDIHA
KIK,KARAIKAL
KIKA,KURWAI KETHO
KIM,KIM
KIN,KAPASAN
KIP,KHALILPUR
KIQ,KHAI PHEMEKI
KIR,KATIHAR JN.
KIRP,KHIDIRPUR
KIS,KAPILAS ROAD
KISN,KALISEN PH
KIT,KHALLIKOT
KITA,KITA
KIU,KINANA
KIUL,KIUL JN.
KIV,KAILSA
KIW,KANWALPURA
KIY,KALAYAT
KIZ,KANSUDHI
KJ,KAJGAON
KJA,KHAJURHAT
KJC,KASGANJ CITY
KJG,KARAJGI
KJH,KAJRA
KJI,KHAJAULI
KJJ,KODAVALURU
KJKD,KANJIKODE
KJL,KHUMGAON BUR
KJLU,KHARI - JHAL
KJM,KRISHNA RAJA
KJME,KAJORA GRAM
KJN,KANNAUJ
KJNC,KANNAUJ CITY
KJP,KHOJEEPURA
KJPD,KURINJIPADI
KJRA,KARJANA
KJRM,KARJANA GRAM
KJS,KRISHNARAJSA
KJT,KARJAT
KJTW,KAJGAON TERH
KJU,KUNTIGHAT
KJV,KHIJADIYA JN
KJW,KHAJWANA
KJY,KHURJA CITY
KJZ,KARONJI
KK,KHADKI
KKA,KANKI
KKAE,KAIKALA
KKAH,KANKAHA
KKAS,KATKAMASANDI
KKB,KARAKBEL
KKBA,KAKBARA
KKD,KALA KUND
KKDE,KURUKSHETRA
KKDI,KARAIKKUDI
KKET,KAMRUP KHETR
KKG,KEKATUMAR
KKGM,KAKRI GUMA
KKGT,KALKALIGHAT
KKHT,KAKARGHATTI
KKI,KARKELI
KKJ,KAKORI
KKK,KHAKHARIYA
KKL,KALA BAKRA
KKLR,KAIKALUR
KKLU,KAKLUR
KKM,KAMALAPURAM
KKMB,KASTLA-KASMA
KKN,KHIRKIYA
KKNA,KHUNKHUNA
KKNH,KARUKHIRHARN
KKP,KOT KAPURA J
KKPM,KALLAKKUDI-P
KKPR,KOKPARA
KKQ,KALAIKUNDA
KKR,KHAKHRALA RO
KKRD,KIKAKUI ROAD
KKRH,KARAHIYA HAL
KKRL,KAKRALA HALT
KKRM,KAIKORAM
KKS,KURASTI KALA
KKT,KATH KUIYAN
KKTA,KOLLIKHUTHA
KKTI,KUTTAKUDI
KKU,KANAKPURA
KKV,KUKAVAV
KKW,KANKAVALI
KKY,KILAKADAIYAM
KKZ,KOTTARAKKARA
KL,KHERLI
KLA,KULWA
KLAD,KALANAD HALT
KLAR,KULPAHAR
KLB,KIRAOLI
KLBA,KALAMBHA
KLCR,KATLICHERRA
KLD,KHALILABAD
KLDI,KALDHARI
KLE,KAITHAL
KLG,KALUNGA
KLGD,KOLLENGODE
KLGM,KALLAGAM
KLGN,KALANGANI
KLGR,KOLAIGRAM
KLH,KHEMLI
KLHD,KOLHADI
KLI,KAULI
KLJ,KAMALGANJ
KLJI,KALIJAI
KLK,KALKA
KLKA,KOILAKUNTLA
KLKR,KALIKAPUR
KLL,KALOL
KLLF,KALOL
KLM,KADLIMATTI H
KLMG,KALAMBOLI
KLMR,KALAMASSERI
KLNK,KALANAUR KAL
KLNP,KALINARAYANP
KLNT,KALINAGAR
KLP,KOTALPUKUR
KLPG,KAMALPUR
KLPM,KAILASAPURAM
KLQ,KILIKOLLUR
KLRE,KHALARI
KLRS,KOLARAS
KLS,KOLATUR
KLSP,KUSHALPURA
KLSX,KAULSERI
KLT,KULITALAI
KLTR,KALMITAR
KLU,KALLURU
KLV,KELVE ROAD
KLVA,KALVA
KLW,KULPI-FLAG
KLWD,KALITALAVADI
KLWL,KILANWALI PU
KLWN,KALWAN HALT
KLX,KOLAKALUR HA
KLYG,KALYANI GHOS
KLYH,KALLUR YEDAH
KLYM,KALYANI SIMA
KLYN,KHILERIYAN
KLYS,KALYANI SILP
KLYT,KOLAYAT
KM,KALEM
KMA,KAIMA
KMAE,KHAMARGACHHI
KMAH,KAMATHE
KMBL,KHAMBHALIYA
KMC,KAMAREDDI
KMD,KODUMUDI
KMDR,KARIMUDDINPU
KMEZ,KUMAR MARANG
KMGE,KUMAHU
KMGH,KAMARGANJ
KMH,KALAMALLA
KMHT,KARMAHAT
KMI,KUMHARI
KMJ,KAIMGANJ
KMK,KOMAKHAN
KMKD,KHAMKHED
KML,KAMTAUL
KMLI,KAMLI
KMLK,KAMALAPUR
KMLM,KELAMANGALAM
KMLR,KAMALUR
KMM,KANNAMANGALA
KMMD,KIRMITI MEND
KMME,KUMAR DUBI
KMNC,KUCHAMAN CIT
KMND,KUMENDI
KMNG,KAMRANGA
KMNP,KISHAN-MANPU
KMNR,KAMALNAGAR
KMPH,KAMALPUR HAL
KMPS,KUMARAPATNAM
KMQ,KUMBLA
KMQA,KOMALI
KMRA,KAMNARA
KMRD,KALAMB ROAD
KMRJ,KUMARGANJ
KMRL,KUMRUI PH
KMS,KARAMNASA
KMSD,KUMAR SODRA
KMSI,KURUSI
KMST,KAMSHET
KMT,KHAMMAM
KMTI,KUMARHATTI D
KMU,KUMBAKONAM
KMV,KARMAD
KMX,KOMATIPALLI
KMZ,KATNI MURWAR
KMZA,KANKRA MIRZA
KN,KADALUNDI
KNAD,KANAD
KNAR,KHANPUR AHIR
KNB,KANIYAMBADI
KNBR,KANAIBAZAR
KNC,KANCHANPUR R
KND,KANDRA
KNDG,KANHADGAON
KNDI,KANDRORI
KNDL,KHANDEL
KNDP,KHANDIP
KNDV,KRISHNA DEVA
KNE,KISHANGANJ
KNF,KHANODIH
KNG,KATHUNANGAL
KNGN,KANHEGAON
KNGR,KASHINAGAR P
KNH,KONCH
KNHE,KANHE
KNHN,KANHAN JN.
KNHP,KANHAIPUR
KNJ,KRISHNA NAGA
KNJI,KARANJALI
KNJJ,KANNJARA HAL
KNKT,KANKOT
KNL,KALANWALI
KNLP,KANAMALEPALL
KNLS,KANALUS
KNM,KANIMAHULI P
KNN,KHANNA
KNNA,KHINANIYAN
KNNK,KANINA KHAS
KNNT,KUNNATHUR HA
KNO,KUNDGOL
KNP,KHANAPUR
KNPR,KENDRAPARA R
KNPS,KENDPOSI
KNR,KANKINARA
KNRG,KANHARGAON N
KNRI,KUNURI
KNRN,KANAROAN
KNRT,KUNERU
KNS,KANCHAUSI
KNSN,KARNA SUBARN
KNSR,KANASAR
KNT,KANTH
KNVT,KINWAT
KNW,KHANDWA JN.
KNYR,KANIYURU
KNZ,KALANOUR
KO,KOSGI
KOA,KARONDA
KOAA,KOLKATA
KODI,KODI
KODN,KODUMUNDA HA
KODR,KODINAR
KOF,MARWAR KORI
KOG,KONNAGAR
KOHL,KOHLI
KOHR,KOHIR(DECCAN
KOI,KHODRI
KOJ,KOKRAJHAR
KOK,KORUKKUPET
KOKA,KOKA
KOL,KOLAD
KOLA,KOTLA
KOLE,KOLE
KOLI,KESHOLI
KOLR,KOLNUR
KON,KUDALNAGAR
KONA,KONA PH
KONN,KONNUR HALT
KONY,KISONI
KOO,KHUSROPUR
KOP,CHHATRAPATI
KOPR,KOPAR
KORI,KHORI
KOTA,KOTA
KOTI,KOTI
KOTR,KORATTUR
KOTT,KOTTUR HALT
KOU,KODURU
KOV,KIRLOSKAR WA
KOVH,KOVVADA HALT
KOWN,KHOWANG
KOX,KACHUJOR  FL
KOZ,KOSMA
KP,KAMPTEE
KPA,KANCHRAPARA
KPB,KHARPOKHRA
KPCM,KUWARCHINTAW
KPD,KATPADI JN
KPE,KAUWAPUR
KPG,KOPARGAON
KPGM,KARPOORIGRAM
KPI,KALPI
KPJ,KOPAGANJ HAL
KPJG,KEREJANGA
KPK,KALI PAHARI
KPKI,QASIMPUR KHE
KPL,KANTAKAPALLE
KPLD,KAPALI ROAD
KPLE,KOPAI
KPLH,KOTIPALLI
KPLL,KOTTA PANDIL
KPLR,KOPARLAHAR
KPN,KUPPAM
KPNA,KAPAN  HALT
KPO,KARANPURA
KPP,KALA PIPAL
KPPR,KARUPPUR
KPQ,KANNAPURAM
KPRD,KALYANPUR RO
KPRR,KOTAPAR ROAD
KPS,KOPA SAMHOTA
KPTM,KANJIRAMMITA
KPTN,KESHORAI PAT
KPTO,KARANPURATO
KPU,KRISHNAPURAM
KPV,KASHIPUR JN
KPXR,KAIPADAR ROA
KPY,KARUNAGAPPAL
KPZ,KAPREN
KQA,KONDAGUNTA
KQD,KHAIRATABAD
KQE,KALA AKHAR
KQI,KALACHAND
KQK,KOTTIKULAM
KQL,KANDHLA
KQLS,KAMARKUNDU H
KQN,KODAIKKANAL
KQQ,KAUKUNTLA
KQR,KODERMA
KQRT,KODERMA TOWN
KQS,KAILARAS
KQT,KURGUNTA
KQU,KAMARKUNDU J
KQW,KHEDULI
KQY,KHARIKATIA
KQZ,KOLAR
KRA,KAREPALLI JN
KRAI,KAHER
KRAN,KORATTI ANGA
KRAP,KRAPPA HALT
KRAR,KHARIAR ROAD
KRBA,KORBA
KRBP,KHUDIRAM BOS
KRC,KIRODA
KRCA,KARCHIYA YAR
KRD,KARAD
KRDL,KIRANDUL
KRDN,KARAUNDHANA
KRE,KARTARPUR
KRG,KOREGAON
KRGN,KARGAON HALT
KRH,KHAIRTHAL
KRHA,KORAHIA
KRHT,KHARAHAT
KRI,KHAPRI
KRIH,KORAI HALT
KRJ,KHURJA JN
KRJD,KARJODA
KRJR,KARJARA
KRKD,KARAKAD
KRKM,KHARA-KAMERI
KRKN,KARKEND PH
KRKP,KYARKOP
KRKR,KURKURA
KRL,KOTARLIA
KRLA,KORATLA
KRLI,KURALI
KRLR,KARAILA ROAD
KRLS,KURLASI
KRMA,KARAMTOLLA
KRMB,KARMABAD
KRMD,KUARMUNDA
KRMG,KUMARAMANGAL
KRMI,KARMALI
KRMP,KUMARIPUR HA
KRMR,KARIM NAGAR
KRND,KHORASON ROA
KRNH,KORNAHALLI
KRNI,KRISHNAI
KRNR,KRISHNA RAJA
KRNT,KURNOOL TOWN
KRNU,KANANUR
KRON,KARONA HALT
KRP,KRISHNAPUR
KRPP,KURUPPANTARA
KRPR,KAREPUR HALT
KRPU,KORAPUT JN.
KRQ,KARARI
KRR,KARUR JN.
KRRA,KARRA
KRS,KARISATH
KRSA,KHARSALIYA
KRSL,KRISHNASHILA
KRSW,KOHAR SINGH
KRT,KHURAHAT
KRTA,KARKATTA
KRTH,KIRATGARH
KRTL,KARTAULI (HA
KRTN,KIRTINAGAR H
KRTR,KAROTA PATRI
KRUR,KEERANUR
KRV,KARAVADI
KRW,KHARWA
KRX,KURUD
KRXA,KHARA
KRXM,KRISHNAMOHAN
KRY,KADIRI
KRYA,KURRAIYA
KRYR,KARAMSAD
KRZ,KHARAWAR
KS,KHETA SARAI
KSA,KHASA
KSAE,KOSAI
KSAR,KUDALA SANGA
KSB,KOSAMBA JN.
KSBI,KASHIABARI
KSBP,KESHABPUR
KSC,KASHI CHAK
KSD,KESHOD
KSDE,KARSINDHU HA
KSE,KOSAD
KSF,KHALISPUR
KSG,KISHANGARH
KSH,KALISINDH
KSHR,KESHWARI BH
KSHT,KHETIA
KSI,KOSLI
KSIH,KHODSEONI
KSJ,KASGANJ JN.
KSK,KASIM KOTA
KSM,KAMASAMUDRAM
KSN,KRISHNA
KSNA,KANASAR NAWA
KSNG,KESINGA
KSNR,KHUSHAL NAGA
KSO,KHEMASULI PH
KSP,KISHANPUR
KSPR,KASHIPURA SA
KSQ,KANSPUR GUGA
KSR,KASTURI (HAL
KSRA,KASARA
KSTA,KASTHA
KSTE,KISTAMASETTI
KSTH,KASHTI
KSU,KUSTAUR
KSUA,KASHIPURA
KSV,KOSI KALAN
KSVM,KESAVARAM HA
KSW,KHERI SALWA
KSWD,KASARWADI
KSWR,KALMESHWAR
KSX,KOTSHILA
KSY,KUSIARGAON
KT,KUMTA
KTA,KUSHTALA
KTAL,KATHLAL
KTCE,KATOGHAN
KTCH,KAITHALKUCHI
KTCR,KATLICHERA
KTD,KANTADIH
KTDD,KATAIYA DAND
KTE,KATNI
KTES,KATNI SOUTH
KTF,KOT FATEH
KTGA,KEUTIGUA
KTGD,KOTHGANGAD
KTGM,KAYASTHAGRAM
KTGN,KOTLA GUJRAN
KTGO,KOTGAON HALT
KTHA,KHUTHA
KTHD,KOTHARI ROAD
KTHE,KATAHRI
KTHL,KATHOLA (HAL
KTHU,KATHUA
KTI,KANTI
KTJ,KHALTIPUR
KTJI,KATHA JORI
KTK,KYATANAKERI
KTKA,KOTAKADRA HA
KTKD,KATANGI KHUR
KTKL,KOTLI KALAN
KTKR,KUMTHA KHURD
KTKS,KANTAKOSH HA
KTLA,KATKOLA
KTLP,KATALPUR (HA
KTLR,KANTHALIYA R
KTM,KUTRALAM
KTMA,KOTMA
KTNA,KATHANA
KTNR,KIRTYANAND N
KTO,KATORA
KTOR,KATORIYA
KTP,KATEPURNA
KTPK,KOTHA PAKKI
KTPR,KATHALPUKHUR
KTQ,KUDRA
KTR,KOTHAR
KTRA,KOTRA
KTRD,KETOSAN ROAD
KTRH,KATAREAH
KTRK,KUTURUKHAMAR
KTRR,KATHARA ROAD
KTSH,KOTMI SONAR
KTT,KHUTBAV
KTU,KUTTIPPURAM
KTV,KOTTAVALASA
KTW,KOTDWARA
KTWS,KATHUWAS
KTX,KATAKHAL JN.
KTYM,KOTTAYAM
KTYR,KOTTAIYUR
KU,KULIKARAI
KUA,KULHARIA
KUB,KASBA
KUC,KARUKUTTY
KUCH,KUCHAVARAM H
KUD,KUDACHI
KUDA,KUNDAPURA
KUDL,KUDAL
KUDN,KUDNI
KUE,KURSELA
KUF,KAURAH
KUG,KUSUGAL
KUGT,KUMARGHAT
KUH,KHACHROD
KUHI,KUHI
KUI,KULALI
KUJU,KUJU
KUK,KORU KONDA
KUKA,KHUI KHERA
KUL,KALLAYI
KULH,KULHA HALT
KUM,KURAM
KUMB,KUMARBAGH
KUMM,KUMBALAM
KUMT,KURMAHAT
KUN,KARNAL
KUND,KUND
KUP,KUP
KUPR,KHURDPUR
KUQ,KURETHA
KUR,KHURDA ROAD
KURJ,KHAJAURAHO
KURN,KHUKRANA HAL
KURO,KORARI
KURT,KHURDA TOWN
KURV,KURVA
KUT,KANAUTA
KUTI,KHUMTAI
KUU,KUHURI
KUV,KUNDARA
KUW,KUNWAR
KUX,KHIRASDOH JN
KVA,KAVAS
KVC,KAPARPURA
KVD,KHURMABAD RO
KVDU,KADAVAKUDURU
KVE,KAVALANDE
KVG,KUNDANGANJ
KVGM,KOLVAGRAM
KVH,KHAMBHEL
KVJ,KESHAV GANJ
KVK,KAVATHE MAHA
KVL,KIZHVELUR
KVLR,KARUVALLI
KVLS,KARAKAVALASA
KVM,KAVUTARAM
KVN,KAVANUR
KVNJ,KAPADVANJ
KVP,KAVARAIPPETT
KVQ,KOSIARA
KVR,KOVVUR
KVS,KALSUR
KVTA,KARUVATTA H.
KVU,KADAKAVUR
KVX,KUSUMBHI
KVZ,KAVALI
KW,KHERVADI
KWAE,KATWA JN.
KWAR,KAWAR
KWC,KUNDWA CHAIN
KWD,KARWANDIYA
KWDP,KWAKDWIP
KWE,KHURIAL
KWGN,KAWARGAON
KWH,KACHHWA ROAD
KWI,KIVARLI
KWJ,KHOJEWALA
KWM,KAMPUR
KWMD,KUMBHAWAS MU
KWN,KACHEWANI
KWO,KARAUTA
KWP,KHATIPURA
KWR,KOELWAR
KWV,KURDUVADI JN
KWW,KUSWA HALT
KXA,KUNARIYA
KXB,KANJIA
KXE,KALIAN CHAK
KXF,KAMPIL ROAD
KXG,KHARIA KHANG
KXH,KAPURTHALA
KXI,KURUMURTHI
KXJ,KARIMGANJ JN
KXK,KHARKHAUDA
KXL,KAMARBANDHA
KXM,KITHAM
KXN,KANSBAHAL
KXO,KUDIKADU
KXP,KANIYAPURAM
KXT,KETTI
KXX,KATA ROAD
KY,KARELI
KYB,KAIYAR PH
KYBR,KHAIRATIYA B
KYE,KHURAI
KYF,KAJRAT NAWAD
KYG,KIDIYA NAGAR
KYH,KHAIRAH
KYI,KALYANI JN.
KYJ,KAYANKULAM J
KYM,KADIYAM
KYN,KALYAN JN
KYNT,KALYANKOT  H
KYO,KHANDIKAR
KYOP,KOTTAPALLI H
KYP,KALYANPUR
KYQ,KAMAKHYA JN
KYS,KUSUMKASA
KYT,KAILAHAT
KYV,KOYILVENNI H
KYW,KARCHHUE HAL
KYX,KARHIYA BHAD
KYY,KARIHA HALT
KYZ,KIZHA PULIYU
KZA,KHADA
KZB,KURUMBUR
KZC,KULUKALUR HA
KZE,KANHANGAD
KZH,KILA ZAFARGA
KZI,KHANDRAWALI
KZJ,KAZIPET JN.
KZJE,KAZIPET E CA
KZJF,KAZIPET F CA
KZK,KAZHAKUTTAM
KZPE,KAZIPARA HAL
KZPR,KAZIPARA  HA
KZQ,KHIMEL
KZS,KUAKHERA HAL
KZT,KULITTURAI
KZTW,KULITTURAI W
KZU,KUNKI BH
KZW,KATAR SINGH
KZX,KHUDDA KORAL
KZY,KAYALPATTINA
LAA,LAKHPAT
LAD,LOHARDAGA  B
LAE,LAKHOLI
LAK,LAKHO
LAL,LUSHALA
LAN,LOTANA
LAP,LOHAPUR
LAR,LALITPUR
LAT,LATHI
LATH,LATH HALT
LAU,LADNUN
LAUL,LAUL
LAV,LABHA
LB,LAIN BAZAR
LBA,LAMBHUA
LBG,LIMBGAON
LBH,LUCKNOW (DIK
LBI,LILABARI
LBN,LABAN
LBO,LATABOR
LBTL,LEBUTALA
LBW,LAIBURWA HAL
LBZ,LALBAGH
LC,LUCKNOW CITY
LCAE,LALBAGH COUR
LCH,LINCH
LCR,LOKUR
LCT,LANGCHOLIET
LD,LONDA JN.
LDA,LIDHORA
LDCY,LODI COLONY
LDH,LUDHIANA JN.
LDK,LADHUKA
LDM,LADERMER
LDP,LODIPUR BISH
LDR,LANDAURA
LDU,LUNIDHAR
LDW,LADHOWAL
LDX,LADDA
LDY,LAKKITI
LEDO,LEDO
LEK,LAKHAKERA
LER,LEHRA F
LGCE,LAGARGAWAN
LGDH,LALAGUDA GAT
LGH,LALGARH JN.
LGI,LONGAI
LGL,LALGOLA
LGO,LALGOPALGANJ
LGRE,LINGIRI
LGT,LANGTING
LGTR,LINGARAJ TEM
LH,LAHING
LHA,LEHRA GAGA
LHB,LAHABON HALT
LHBK,LOTHAL BHURK
LHD,LOHOGAD
LHL,LAHOAL
LHLL,LAHLI
LHM,LEHRA MUHABB
LHN,LACHYAN
LHNR,LAKSHMANPUR
LHU,LOHARU JN
LIJ,LAKSHMIGANJ
LIM,SONAUILM
LIN,LINGAM GUNTL
LIR,LACHMIPUR HA
LJN,LUCKNOW JN.
LJR,LANJI GARH R
LKA,LANKA
LKB,LAKSHMIPUR B
LKBL,LAKHABAVAL
LKD,LAKODARA
LKDU,LANKALAKODER
LKE,LAKHERI
LKF,LAKE GARDENS
LKG,LAMSAKHANG
LKJN,LINK JN CABI
LKKD,LOKKADKOT
LKMN,LOKMANYA NAG
LKMR,LAKSHMIPUR R
LKN,LAKHMINIA
LKNA,LAKHNA
LKNR,LAKHPAT NAGA
LKO,LUCKNOW JN.
LKPL,LAKDI KA PUL
LKPR,LAKSHMIKANTA
LKR,LUCKEESARAI
LKS,LUNKARANSAR
LKSH,LAKSHMINARAY
LKT,HULKOTI
LKU,LALKUA JN.
LKW,LAKHEWALI
LKX,LAKSHMIPUR
LKY,LAKHMAPUR
LKZ,LAKDIYA
LLBR,LALABAZAR
LLD,LALAWADI
LLGM,LELIGUMMA
LLH,LILUAH
LLI,LALGUDI
LLJ,LALGANJ
LLKN,LAL KALAN
LLPR,LALIT LACHMI
LLR,LALPUR
LLU,LALRU
LM,LIMDI
LMA,LAMBIYA
LMC,LAKHAMANCHI
LMD,LINGANENIDOD
LMG,LUMDING JN.
LMK,LIMKHERA
LMM,LAILAKH MAMA
LMN,LACHHMANPUR
LMNR,LAXMIBAINAGA
LMO,LILIYA MOTA
LMT,ALMATTI
LMY,LAIMEKURI
LNH,LACHHMANGARH
LNK,LOHIAN KHAS
LNKC,LINK C-CABIN
LNL,LONAVLA
LNN,LONAND
LNP,LANGARPETH
LNR,LUN RICHHA
LNS,LUNSU  HALT
LNT,LINGTI
LNW,LAKHANWARA
LNWT,LUCKNOW WEST
LO,LOLIYA
LOA,LORHA
LOG,LOHGARA
LOGH,LOTTEGOLLAHA
LOHA,LOHA   HALT
LOK,LOKNATH
LOL,LOLIEM
LOM,LODHMA
LONI,LONI
LOT,LOHTA
LOV,LOVEDALE
LP,LALAPET
LPG,LAPANGA
LPH,LOTAPAHAR
LPI,LINGAMPALLI
LPJ,LALPUR JAM
LPJL,JAGITYAL
LPK,LEPETKATA
LPN,LAOPANI
LPNR,LAJPAT NAGAR
LPR,LILAPURROAD
LPTA,LONGPATIA
LPW,LOHARPURWA (
LR,LADPURA
LRB,LARABAD BH
LRD,LAR ROAD
LRI,LIHURI PH
LRJ,LAKSAR JN.
LRU,LALPUR UMRIL
LS,LASAL GAON
LSE,LASERI  HALT
LSG,LAWA SARDARG
LSGS,LAVAN SATYAG
LSI,LAHERIA SARA
LSR,LASUR
LSX,LOISINGHA
LT,LAHAVIT
LTD,LATHIDAD
LTG,LATAGURI JN
LTHR,LATEHER
LTI,LATTERI
LTK,LATHIKATA
LTKR,LALIT KHERA
LTMD,LATEMDA
LTR,LAKHTAR
LTRR,LATUR ROAD
LTT,LOKMANYA TIL
LUA,LALAURI KHER
LUNI,LUNI JN.
LUR,LATUR
LUSA,LUSA
LVK,LAKKAVARAPUK
LVR,LOK VIDYAPIT
LW,LORWADA
LWR,ALNAVAR JN.
LWS,LUKWASA
LXA,LAKWA
LXD,LAKSHANNATH
LXR,LUNSERIYA
LYD,LAYABAD
MA,MADHA
MAA,MAVAL
MAAR,MALAR
MABA,MANDI BAMORA
MABB,MABBI HALT
MABD,MAHBUBABAD
MABN,MABAN
MACR,MANGULI CHOW
MAD,MADDUR
MADA,MAONDA
MADR,MADURE (H)
MADU,MADDURU
MAEL,MAEL
MAF,MANAVUR
MAG,MANGALA GIRI
MAGH,MANIKGARH JN
MAH,MADHOGANJ
MAHE,MAHE
MAHO,MAHOLI
MAI,MEHSI
MAJ,MAJHERGRAM
MAJN,MANGALORE JN
MAK,MALLIKPUR
MAKH,MOKHAMPURA
MAKM,MARARIKULAM
MAKP,MANIKPURA
MAKR,MALKHEDI
MALA,MALA
MALB,MALIYA MIYAN
MALK,MALKAPUR ROA
MALM,MANTHRALAYAM
MALR,MALLUR
MAM,MANGALMAUDI
MAN,MANINAGAR
MANA,MANA
MAND,MANDURAI HAL
MANE,MANESWAR
MANG,MAHANAGAR
MANI,MANI HALT
MANK,MANKI
MANU,MANU
MAO,MADGOAN JN.
MAP,MORAPPUR
MAQ,MANGALORE CE
MAR,MULANUR
MAS,CHENNAI CENT
MASK,MAISAR KHANA
MAU,MAU JN.
MAUL,MAULA ALI
MAUR,MAUR
MAV,MARIAMMN KOV
MAY,MARIAHU
MAYP,MAYAPUR
MAYR,MAYAR
MAZ,MANGRA
MB,MORADABAD JN
MBA,MAHOBA
MBB,MURSHIDABAD
MBC,MAHANANDA BR
MBD,MUSTABADA
MBE,MIRZAPUR BAN
MBF,MUNABAO
MBG,MAIBANG
MBGA,MARWAR BAGRA
MBI,MADHUBANI
MBL,MANUBOLU
MBM,MAMBALAM
MBNL,MARWAR BHINM
MBNR,MAHBUBNAGAR
MBO,MAIRABARI
MBQ,MUMBRA
MBS,MADHOSINGH
MBSK,MARWAR- BALI
MBT,MARWAR BITHR
MBU,MELPATTAMBAK
MBV,MIRZAPUR BAC
MBW,MALWARA
MBY,MANDI DABWAL
MC,MANDAPAM CAM
MCA,MECHEDA
MCF,MANIK CHAURI
MCI,MANCHIRYAL
MCJ,MANJATTIDAL
MCL,MADIMANGALAM
MCLA,MACHERLA
MCLE,MANCHILI
MCN,MUKUNDARAYAP
MCO,MOTIHARI COU
MCPE,MARWAR CHHAP
MCQ,MIRCHADHORHI
MCRD,MECHERI ROAD
MCS,MANCHESWAR
MCSC,MAHARAJA CHH
MCU,MULACALA CHE
MCV,MACHARYA
MCVM,MACHAVARAM H
MCZ,MAHABUANG
MDA,MANDHANA JN
MDB,MANDOR
MDBP,MADHABPUR
MDC,MAKARDAHA
MDDG,MALADGAON
MDDP,MANDIDEEP
MDE,MAKHDUMPUR G
MDF,MURADI
MDG,MANDALGHAT
MDGR,MANENDRAGARH
MDH,MANDHAR
MDHA,MADHADA
MDJ,MUHAMMADGANJ
MDJN,MADAR JN
MDKD,MADHUKUNDA
MDKI,MADUKARAI
MDKU,MODUKURU HAL
MDL,MANDAL
MDLA,MUDLANA
MDLE,MANDAR HILL
MDLL,MUDDALINGANA
MDN,MIDNAPORE
MDNR,MODINAGAR
MDP,MADHUPUR JN.
MDPA,MANDPIYA
MDPB,MADHOPUR PUN
MDPD,MANDA PADU
MDPJ,MADANAPUR HA
MDPR,MODPUR
MDR,MADHIRA
MDRR,MADHAVNAGAR
MDS,MANDSOR
MDSA,MODASA
MDSE,MADHUSUDANPU
MDT,MADARIHAT
MDU,MADURAI JN
MDUN,MADHRANAGAR
MDVB,MANDAR VIDYA
MDVE,MAHENDRAVADI
MDVK,MAHADEO KHED
MDVL,MANDAVALLI
MDVR,MADHAVNAGAR
MDW,MARWAR MUNDW
MDXR,MUDARIA
ME,MASAIPET
MEC,MERTA CITY
MED,MEDCHAL
MEE,METHAI F
MEH,MELALATHUR
MEJ,VANCHI MANIY
MEKM,MELAKKONNAKK
MELH,MELUSAR
MEM,MAU AIMMA
MENP,MEENAPUR
MEP,MEHIDPUR ROA
MEQ,MALETHU KANA
MER,METPANJRA
MES,MADURAI EAST
MET,MALERKOTLA
METR,METHI TIKUR
MEU,MENDU (HALT)
MEW,MARHAURA
MEX,MUKERIAN
MFA,MUKURIA
MFB,MUSTAFABAD
MFC,MONABARI
MFH,MAHRAULI
MFJ,MUFTIGANJ
MFKA,MUSAFIRKHANA
MFL,MISHRAULI
MFM,MAHALAM
MFP,MUZAFFARPUR
MFQ,MAHROI
MFX,MADARAHA
MFZ,MALAHAR
MG,MODELGRAM
MGAE,MORGRAM
MGB,MUDIGUBBA
MGC,MUGAT
MGD,MUGAD
MGE,MIGRENDISA
MGF,MANDAGERE
MGG,MANGLIYAGAON
MGK,MULAGUNNATHU
MGKM,MANGIAKAMI
MGKP,MANISINGH KA
MGL,MUGLOLLI
MGLE,MANIGRAM
MGLI,MANGLI HALT
MGLP,MANGOLPURI
MGM,MURAGACHHA
MGME,MCCLUSKIEGAN
MGN,MEGHNAGAR
MGPA,MUNDA GOPAL
MGPI,MANGARPATTI
MGR,MONGHYR
MGRD,MAGARDOH
MGRL,MANGROLIA
MGRP,MEGHRAJPURA
MGRR,MAGARPUR
MGS,MUGHAL SARAI
MGT,MAGRAHAT
MGTD,meghpur tito
MGV,MOLAGAVALLI
MGW,MAGARWARA
MGWD,MAHANGARWAL
MGWN,MAHGAWAN HAL
MGZ,MAHARAJGANJ
MHA,MARAHRA
MHAD,MOHADI PRAGA
MHBA,MATHABHANGA
MHBG,MAHADEVA  BU
MHBT,MAHBUB NAGAR
MHBZ,MAHTHA BAZAR
MHC,MASRAKH
MHD,MAHEMADAVAD
MHDA,MAHADIYA
MHDB,MAHADIA PH
MHF,MOHARI
MHH,MAGHAR
MHHR,MAHESRA
MHI,MANIHARI
MHJ,MAHAJAN
MHKT,MOHKHUTI
MHL,MAHWAL
MHLN,MAHENDRALALN
MHMB,MAHIMBA
MHN,MAHANADI
MHO,MAHPUR
MHP,MUHAMMADPUR
MHPE,MOHOPE
MHPR,MAHIYARPUR
MHQ,MOHUDA
MHRG,MAHENDRAGARH
MHRI,MACHHRAULI
MHRN,MAHENDRANATH
MHSA,MAHESHPUR 'A
MHT,MANJHI F
MHTR,MALIHATI TAL
MHU,MANHERU
MHUA,MAHUDHA
MHUL,MAHUWALA HAL
MHUR,MOHANPUR
MHV,MAHUVA
MIA,MANIA
MIAL,MILAVALI HAL
MIAN,MIANGRAM
MID,MADHI
MIH,MIHRAWAN
MIJ,MAJHDIA
MIK,MANIKUI
MIL,MILAK
MIM,MANIRAM
MIN,MIHINPURWA
MINA,MIYANA
MINJ,MAIKALGANJ
MIO,MOLISAR
MIPM,MARRI PALEM.
MIQ,MIRHAKUR
MIR,MAIJAPUR
MITA,MITHA
MIU,MARIPAT
MIW,MIGHAUNA (HA
MIYN,MANIYAN
MJ,MARWAR JN.
MJA,MEJA ROAD
MJBK,MANJARI BUDR
MJBT,MAJBAT
MJE,MUJNAI
MJF,MALKAJGIRI
MJG,MAJHGAWAN
MJGP,MAJHGAWAN PH
MJH,MAJU (PH)
MJHL,MAJHAULA HAL
MJHR,MAJHIARI
MJKN,MAJRIKHADAN
MJL,MAJHOWALIA
MJM,MANJHAULI GR
MJN,MAKUM JN.
MJNL,MAJRI NANGAL
MJO,MAJORDE JN.
MJP,MOHARAJPUR
MJPB,MANJHRA PURA
MJR,MINJUR
MJRI,MAJRI JN.
MJS,MANJESHWAR
MJT,MAJERHAT
MJTA,MAJITHA
MJV,MANJHAGARH
MJY,MARAMJHIRI
MJZ,MAJHOLA PAKA
MK,MIRANPUR KAT
MKA,MOKAMA JN.
MKB,MANKATHA
MKBH,MANWALA KOT
MKC,MAKSI JN
MKD,MARKUNDI
MKDD,MUKUNDWADI H
MKDI,MAKUDI
MKDN,MARKADHANA
MKG,MANAK NAGAR
MKH,MALAKHERA
MKHI,MAKHI
MKHR,MARWAR KHARA
MKJ,MAKKAJIPALLI
MKK,KODAMBAKKAM
MKL,MAKALI DURGA
MKLI,MAKRAULI
MKM,MARIKUPPAM
MKN,MAKRANA JN.
MKO,MARKONA
MKP,MANIKPUR JN.
MKPR,MUKTAPUR
MKPT,MALIKPETH
MKR,MADDIKERA
MKRA,MAKRERA
MKRD,MACHHAKUNDA
MKRH,MALLICKPURHA
MKRN,MAKRONIA
MKS,MUKTSAR
MKSP,MUKHASA PARU
MKSR,MOKALSAR
MKT,MUKHTRIARA B
MKTP,MUKETASHWAR
MKU,MALKAPUR
MKWI,MAKARWADI HA
MKX,MORAK
MKY,MEKKUDI HALT
MKZ,MAHKEPAR ROA
ML,MALHOUR
MLAR,MALANPUR
MLB,MODLIMB
MLBZ,MAL BAZAR
MLC,MALKISAR
MLD,MALIHABAD
MLDE,MADLAUDA
MLDT,MALDA TOWN
MLFC,MALDA COURT
MLG,MALHARGARH
MLGH,MANDALGARH
MLGT,MALLAPA GATE
MLHA,MALIYA HATIN
MLI,MANGALIYAWAS
MLJ,MOHANLALGANJ
MLK,MALKAPURAM
MLKA,MALUKA
MLKH,MULEWAL KHAI
MLKP,MALIKPUR (HA
MLM,MALTHAN
MLMG,MALLEMADUGU
MLMR,MELMARUVATHU
MLN,MAILANI JN.
MLND,MULUND
MLNH,MALANCHA
MLO,MALUR
MLP,MALLAPUR
MLPM,ARAKKONAM WE
MLPR,MALIPUR
MLQ,MALKERA JN
MLR,MALKHED
MLS,MALASA
MLSA,MALLASANDRA
MLSU,MALSAILU HAL
MLT,MALATIPATPUR
MLTR,MELATUR HALT
MLU,MALUGUR
MLV,MALLARPUR
MLW,MALLANWAN
MLX,MULLANPUR
MLY,MAULA ALI
MLYA,MALIYA
MLYR,MELNARIYAPPA
MLZ,MALARNA
MMA,MUHAMMADABAD
MMB,MAHMUDABAD (
MMC,MAHAMANDIR
MMCC,MOOR MARKET
MMD,MAHESHA MUND
MMDA,MUTHALAMADA
MME,MULMARORA
MMG,MADHYAM GRAM
MMH,MAHADANAPURA
MMK,MADURANTAKAM
MMKB,MEMRA MEMRAK
MML,MADANMAHAL
MMLN,MAHUAMILAN
MMM,MANDAPAM
MMP,MAMBALAPPATT
MMPL,MANTAPAMPALL
MMR,MANMAD JN.
MMS,MANDASA ROAD
MMU,MUGMA
MMV,MAHALI MARUP
MMVR,MURGA-MAHADE
MMY,MARWAR MATHA
MMZ,MANDAMARI
MN,MINAMBAKKAM
MNAE,MANKAR
MNC,MADANKATA
MNCR,MONACHERRA
MND,MUNDERWA
MNDA,MANDURA
MNDH,MANDIR HASAU
MNDP,MENDIPATHAR
MNDR,MANDI DHANAU
MNDU,MANDU HALT
MNE,MANSI JN.
MNF,MANDA ROAD
MNGD,MUNIGUDA
MNGR,MOHAN NAGAR
MNH,MUNSIRHAT PH
MNHA,MINDHA
MNHL,MAJHAIRAN HI
MNI,MANGAON
MNJ,MANOHARGANJ
MNJR,MANJHLEPUR
MNKB,MIYON KA BAR
MNKD,MANKHURD
MNKN,MANIKALAN HA
MNL,MINCHNAL
MNM,MANAMADURAI
MNMU,MANI MAU
MNO,MEHNAR ROAD
MNP,MANANPUR
MNPR,MIANPUR
MNPT,MUNGILIPATTU
MNQ,MAINPURI
MNR,MAKKHANPUR
MNS,MANSHAHI
MNSR,MANAKSAR
MNTT,MULANTURUTTI
MNU,MUNDIKOTA
MNUR,MANNANUR
MNV,MUNGAOLI
MNWL,MANWAL
MNX,MANGANALLUR
MNY,MANKARAI
MNZ,MANANI
MO,MOHOL
MOA,MANOPAD
MOAR,MANIPUR BAGA
MOB,MANOHARABAD
MOBD,MOUBUND
MOF,MONDH
MOG,MOHIUDDINNAG
MOGA,MOGA
MOHR,MOHANA HARYA
MOI,MORI BERA
MOJ,MOHANA
MOL,MOLIROAD
MOM,MAMAN
MOMU,MOLAKALMURU
MON,MODRAN
MONJ,MONGLAJHORA
MONR,MOHANUR
MOO,MUDDANURU
MOP,MOHITNAGAR
MOPR,MOHANPURA HA
MOR,MOR
MORA,MORAIYA
MOT,MALOUT
MOTA,MOTA
MOTC,MOTICHUR
MOTG,MOTIGANJ
MOTH,MOTH
MOU,MANOHARPUR
MOW,MANANWALA
MOX,MORAN
MOY,MOHRI
MOZ,MUZAFFARNAGA
MP,MELAPPALAYAM
MPA,MANAPARAI
MPC,MUTTAMPATTI
MPD,MADPUR
MPE,MALATI PUR
MPF,MUIRPUR ROAD
MPG,MANPUR NAGAR
MPH,MUNDHA PANDE
MPI,MELPATTI
MPJ,MADANPUR
MPK,CHENNAI PARK
MPL,MADANA PALLE
MPLE,MAHIPAL  HAL
MPLI,MINNAMPALLI
MPLM,MURTHIPALAYA
MPLR,MAHIPAL ROAD
MPLY,MEPPULIYUR
MPN,MADHYAMPUR
MPNH,MAJNUPUR NAW
MPO,MANPUR JN.
MPR,MAKARPURA
MPRA,MAHAMADPUR-A
MPRD,MATHURAPUR R
MPT,MANGALAMPETA
MPU,MEDAPADU
MPUE,MAINPURI KAC
MPUR,NEW MADANPUR
MPY,MURARPUR HAL
MQ,MANNARGUDI
MQA,MATODA
MQC,MUNDKA HALT
MQE,MOHD KHEDA
MQG,MILANGARH
MQL,MIRKHAL
MQN,MANYAM KONDA
MQO,MUNROTURUTTU
MQP,MAKRANDPUR
MQR,MALKHAID ROA
MQS,MALSIAN SHAH
MQU,MURUKKAMPUZH
MQW,MALLAN NAGAR
MQX,MERALGRAM
MQZ,MOTA JADRA
MR,MARTUR
MRA,MORENA
MRB,MUNIRABAD
MRBD,MOINARBAND
MRBL,MURI BAHAL
MRC,MARICHETHAL
MRDG,MARADANGA
MRDL,MERAMANDOLI
MRDP,MURADPUR (HA
MRDW,MURDESHWAR
MRE,MANAURI
MRF,MARPALLI
MRG,MARGHERITA
MRGA,MIRYALAGUDA
MRGM,MAURIGRAM
MRHA,MURAHARA
MRHT,MORANHAT
MRIJ,MURLIGANJ
MRJ,MIRAJ JN.
MRK,MARKAPUR ROA
MRKL,MARIKAL
MRL,MAROLI
MRM,MAMANDURU
MRN,MORWANI
MRND,MORINDA
MROA,MORA
MRPL,MARAM PALLI
MRPR,MAU RANIPUR
MRQ,MATARI
MRR,MURARAI
MRSH,MORSHI
MRT,MATHURA CANT
MRTA,MURAITHA  HA
MRTD,MORTAD
MRTL,MIRTHAL
MRTY,MURTI HALT
MRV,MARSUL
MRWS,MARWAR RANAW
MRX,MURUD
MRYA,MERIYANA
MRZA,MIRZA
MS,CHENNAI EGMO
MSAE,MASAGRAM
MSB,CHENNAI BEAC
MSC,CHENNAI CHET
MSD,MUMBAI (MASJ
MSDG,MHASOBA DONG
MSDH,MASNADIH
MSDL,MAHISADAL
MSDN,MASUDAN
MSDR,MURSHADPUR
MSE,MASANI
MSF,CHENNAI FORT
MSH,MAHESANA JN
MSHW,MUSHARWA   H
MSK,MAHESH KHUNT
MSL,MACHHALANDAP
MSMD,MAHASAMUND
MSMI,MISAMARI
MSN,MURSAN
MSO,MISROD
MSOD,MASODHA
MSP,MANSURPUR
MSQ,MARWAR RATAN
MSR,MASUR
MSRP,MURHESI RAMP
MSS,MASARAHALLI
MSSD,MAHESHRI SAN
MSSN,MAISHASHAN
MST,MASIT
MSTH,MISRIKH TIRA
MSU,MOSUR
MSV,MUSTRA
MSW,MASKANWA
MSWA,MASANIWALA
MSZ,MANSA
MT,MATERA
MTA,MATHELA
MTB,MATLABPUR
MTBG,MATHIA BARGH
MTC,MEERUT CITY
MTD,MERTA ROAD J
MTDI,MALTEKDI
MTDM,METTUR DAM
MTE,METTUR
MTFA,MERTALA PHAL
MTGE,MUTHANI
MTH,MATAUNDH
MTHP,MITHAPUR
MTI,MITAWAL
MTIP,MATHNANHIPUR
MTJ,MATHURA JN.
MTJL,MOTIJHEEL
MTJR,MOTERJHAR
MTL,MAILAM
MTM,MACHILIPATNA
MTMI,MOTUMARI JN.
MTMY,THIRUMAYILAI
MTN,MUMBAI (MATU
MTND,MATTAGAJPUR
MTNL,MUTTARASANAL
MTO,MAITHA
MTP,METTUPALAIYA
MTPC,MOTIPURA CHA
MTPI,METPALLI
MTPR,RAI MAIHATPU
MTR,MOTIPUR
MTRA,MATIGARA
MTSK,MOTA SURKA
MTU,MATMARI
MTUR,MATHUR
MTV,MATALKUNTA
MTWN,MITEWANI PH
MTY,MULTAI
MU,MAKANSAR
MUA,MUSRA
MUC,MULLURCARAI
MUD,MURADNAGAR
MUE,MUDKHED JN.
MUG,MAGRA
MUGA,MAHUGARA
MUGN,MAHUTGAON
MUGR,MANUGURU
MUH,MURTIHA
MUK,MUNUMAKA
MUKE,MUKKALI HALT
MULK,MULKI
MUM,MANGAPATNAM
MUO,MASANGAON
MUP,MURHIPAR
MUPA,MUPA
MUQ,MARUDUR HALT
MUR,MANKAPUR JN.
MURD,MANDAWAR MAH
MURI,MURI
MUT,MEERUT CANT
MUU,MANKUNDU
MUUA,MAHUAWA KHUR
MUV,MANDUADIH
MUW,MATHURA PUR
MUY,MUGAIYUR HAL
MUZ,MOHIUDDINPUR
MV,MAYILADUTURA
MVA,MALAKA VEMAL
MVC,MAVINKERE
MVD,MULVAD
MVE,MUNDHEWADI
MVF,MANABAR
MVG,MALIGURA
MVH,MANTATTI
MVI,MORVI
MVJ,MAVLI JN.
MVKR,MAHAWAN KHOR
MVL,MALAVLI
MVLK,MAVELIKARA
MVN,MILAVITTAN
MVO,MANWATH ROAD
MVP,MOKHASA KALA
MVPM,MAVELIPALAIY
MVRD,MAIVADIROAD
MVV,MAHESHI
MVW,MALLIVIDU
MW,MAIRWA
MWA,MANDVA
MWAD,MOWAD
MWAI,MAWAI
MWC,MANDAWALI CH
MWD,MHASAVAD
MWE,MEWA NAWADA
MWF,MAGARDAHA
MWG,MINDALA
MWH,MALWAN
MWJ,MADWAS GRAM
MWK,MORDAD TANDA
MWM,MALLESWARAM
MWP,MAHARANI PAC
MWQ,MOTARI HALT
MWR,MAHANSAR
MWRN,MADWARANI
MWT,MARWAR LOHAW
MWUE,MAHRAWAL
MWW,MAHWA
MWX,MALLANWALA K
MWY,MAILARAM
MWZ,MAHISHADAHAR
MXA,MARAUDA
MXH,MAKHU
MXJ,MANGURJAN
MXK,MANDRAK
MXL,MOKHOLI
MXM,MINATCHIPURA
MXN,MARIANI JN.
MXO,MORTHALA
MXP,MALUPOTA
MXR,MAHUR
MXS,MOHASA
MXT,MALAKPET
MXW,MAHADEVASAL
MXY,MAHUARIYA
MXZ,MOHDARA HALT
MY,MALLIYAM
MYA,MANDYA
MYD,MANDERDISA
MYE,MANDHALI
MYG,MIYAGAM KARJ
MYGD,MYNAGURI RD
MYHT,MAYURHAT
MYJ,MAHEJI
MYK,MAYAKONDA
MYL,MALLIYALA
MYM,MEMARI
MYO,MORIDHAL
MYP,MUNDIAMPAKKA
MYR,MAIHAR
MYS,MYSORE JN.
MYU,MAYANOOR
MYX,METYAL SAHAR
MYY,MAYYANAD
MZA,MEZENGA
MZB,MAHULI HALT
MZC,MIRZA-CHEUKI
MZGI,MANJUR GADI
MZH,MAUHARI
MZHL,MAJHAULI
MZL,MIRZAPALI
MZM,MUAZZAMPUR N
MZMA,MAZHOM
MZP,MIRZAPUR
MZQ,MAJGAON-ASSA
MZR,MURTAJAPUR J
MZS,MURKEONG SEL
MZU,MARANDAHALLI
MZV,MARALAHALLI
MZX,MATATILA
MZY,MACHAPUR
MZZ,MANJURI ROAD
NAB,NAGBHIR
NABN,NAGBHIR JN.
NAC,NAWA CITY
NACC,NEW ALIPUR (
NAD,NAGDA JN
NAG,NAGARGALI
NAI,NANGI
NAK,NAKSALBARI
NAKD,NAYAK DIH HA
NAL,NAL HALT
NALR,NALPUR
NAM,NAMRUP
NAN,NANOGAON ROA
NANA,NANA
NAND,NANDIKOOR
NANR,NARANPUR
NARA,NARA HALT
NAS,NASRALA
NASP,NARASINGAPAL
NAT,NATHNAGAR
NAU,NADAPURAM RO
NAVI,NEW AMRAVATI
NAW,NAWANDGI
NAWN,NAWAN
NAZJ,NAZIRGANJ
NB,NIMBHORA
NBA,NABHA
NBAE,NABAGRAM
NBD,NAJIBABAD JN
NBE,NEW BARRACKP
NBG,NABINAGAR RO
NBH,NIMBAHERA
NBI,NADBAI
NBK,NUNGAMBAKKAM
NBKH,NABA GRAM KA
NBL,NIMBAL
NBM,NAVABPALEM
NBP,NIBHAPUR
NBPH,NEW BALRAMPU
NBQ,NEW BONGAIGA
NBR,NAMBURU
NBRN,NABA RAYNAGA
NBS,NEW BANESWAR
NBT,NAYA BHAGIRA
NBU,NARASAMBUDHI
NBUE,NIBKARORI
NBX,NIZBARGANJ
NCA,NIZCHATIA
NCB,NEW COOCH BE
NCBD,NEW CHANGRAB
NCE,NLACHRVURU E
NCH,NAKACHARI
NCHS,NATURE CURE
NCJ,NAGERCOIL JN
NCN,NACHINDA PH
NCP,NISCHINDAPUR
NCR,NAGORE
NCU,NALLACHERUVU
ND,NADIAD JN.
NDAE,NABADWIP DHA
NDB,NANDURBAR
NDBT,NANDPUR BHAT
NDD,NIDADAVOLU J
NDE,NANDRE
NDGJ,NANDAIGAJAN
NDJ,NANDGANJ
NDK,NANDKHAS
NDKD,NADIKUDE JN.
NDKR,NANDHAKUMARP
NDL,NANDYAL
NDLS,NEW DELHI
NDM,NIDAMANURU
NDN,NARDANA
NDNI,NIDHANI
NDO,NIDUBROLU
NDPR,NANDAPUR
NDPU,NUDURUPADU
NDR,NANDESARI
NDRT,NANGAL DEGRO
NDT,NATHDWARA
NDU,NADAUL
NDV,NIDVANDA
NDW,NADWAN
NDY,NANDI
NDZ,NIDIGALU
NED,NANDED
NEM,NEMAM
NEMA,NEMA HALT
NEO,NEORA
NEP,NENPUR
NERH,NER HALT
NERI,NERI
NEU,NERUL
NEW,NIWARI
NEWC,NEW WEST CAB
NEYT,NATIONAL THE
NFK,NEW FARAKKA
NG,NAGARI
NGA,NINGALA
NGAN,NAGAON
NGB,NAWABGANJ(GO
NGD,NAGARDEVLA
NGDM,NAGRA DHAM P
NGE,NAGAR
NGF,NAGAR NABI
NGG,NAGINA
NGHW,NAGESHWADI H
NGI,NAGRI
NGJA,NARAYANAPPAV
NGL,NAGAL
NGLT,NAGLA TULA
NGM,NAGASAMUDRAM
NGMN,NEW GUMANDEV
NGMP,NEW GARH MAD
NGN,NANDGAON
NGNT,NEW GUNTUR
NGO,NAGAUR
NGP,NAGPUR JN.(C
NGR,ANNIGERI
NGRD,NILGIRI ROAD
NGRS,NAGROTA SURI
NGRT,NAGROTA
NGS,NAGANSUR
NGT,NAGAPPATTINA
NGTG,NEW GITALDAH
NGTN,NAGOTHANE
NGW,NAUGANWAN
NGWN,NOGANWAN
NGX,NEGUN
NGY,NATH GANJ
NGZ,SHRI-KSHETRA
NH,NAIHATI JN.
NHB,NOHBACHHAMAD
NHF,NIHASTA HALT
NHGJ,NEW HARANGAJ
NHH,NIHALGARH
NHK,NAHARKATIYA
NHLG,NEW HALFLONG
NHLN,NAHARLAGUN
NHN,NIGOHAN
NHR,NOHAR
NHT,NALHATI JN.
NHU,NAHUR
NHX,NARTHAR (HAL
NHY,NAGANAHALLI
NI,NAYDONGRI
NIA,NAILA
NID,NIDUR
NIDI,NIDI
NIIJ,NILJE
NIL,NILAMBUR ROA
NILE,NIMTITA
NIM,NIMDIH
NIN,NIMKANA
NIP,NIZAMPUR
NIQ,NIGAURA
NIR,NAINPUR JN.
NIRA,NIRA
NIT,NAIKOT F
NIU,NABIPUR
NIV,NIVASAR
NJA,NAGJUA FS
NJB,NIJBARI
NJN,NAOJAN
NJP,NEW JALPAIGU
NJT,NAGERCOIL TO
NK,NASIK ROAD
NKB,NAGRAKATA
NKBR,NARKATIA BAZ
NKD,NEKONDA
NKDO,NAKKANADODDI
NKE,NARKATIAGANJ
NKH,NATHU KHEDI
NKI,NAI KHERI
NKJ,NEW KATNI JU
NKK,NARIKKUDI
NKL,NALIKUL
NKM,NAMKOM
NKN,NYOLIKALAN
NKP,NIRAKARPUR
NKRA,NOKHRA
NKW,NILAKANTHEWA
NKX,NAKATI SEMRA
NLA,NANCHERLA
NLBR,NILAMBAZAR
NLD,NALANDA
NLDA,NALGONDA
NLDM,NANGAL DAM
NLE,NILESHWAR
NLH,NAULTHA
NLI,NAMLI
NLKR,NILOKHERI
NLKT,NALKATA
NLN,NAILALUNG
NLNR,NULENURU
NLP,NORTH LAKHIM
NLPD,NALLA PADU J
NLQ,NANGAL PATHA
NLR,NELLORE
NLRD,NECKLACE ROA
NLS,NELLORE SOUT
NLSF,NIYALISHPARA
NLV,NALBARI
NM,NAIMISHARANY
NMBR,NUAGAON-MAYU
NMD,NIMODA
NMDA,NEW MORINDA
NMDR,NIMDANRI
NMF,NIMO
NMG,NIMIAGHAT
NMGA,Nelamangala
NMGT,NIMSHIRGAON
NMGY,NUMALIGARH R
NMH,NIMACH
NMJ,NIDAMANGALAM
NMK,NIM-KA-THANA
NMKA,NAMKHANA
NMKL,NAMAKKAL
NML,NELLIMARLA
NMLU,NEMAKALLU
NMM,NEW MISAMARI
NMN,NAMANASAMUDR
NMT,NAMTIALI
NMX,NEW MAYNAGUR
NMZ,NEW MAL JN.
NN,NANDURA
NNA,NAUGACHIA
NNE,NONERA
NNGE,NARANGI
NNGL,NAYA NANGAL
NNHT,NONIHAT
NNKR,NANAKSAR
NNL,NARNAUL
NNM,NANNILAM
NNN,NANGUNERI
NNNL,NANDANI LAGU
NNO,NANGLOI
NNP,NANPARA JN.
NNPR,NONAPAR F
NNR,NARAYANPUR
NNU,NANGAL MUNDI
NNW,NARAYANPUR T
NNWH,NEW NAWADIH
NNX,NANAUTA
NOA,NOSARIA  HAL
NOB,NOBANDA PH
NOH,NIGOHI
NOI,NARIAOLI
NOK,NOKHA
NOLB,NOLBARI
NOLI,NOLI
NOMD,NOAMUNDI
NON,NONAR HALT
NOQ,NEW ALIPURDU
NOR,NEORANADI
NOSM,NOSSAM
NPD,NAWAPARA ROA
NPH,NURPURA HALT
NPI,NIPANIA
NPJE,NICHITPUR
NPK,N.PANAKUDI
NPKM,NANDIYAMBAKK
NPL,NAGALAPALLE
NPM,NELLIKUPPAM
NPMR,NARAYAN PAKU
NPNR,NEPA NAGAR
NPR,NEPALGANJ RO
NPRD,NAGPUR ROAD
NPS,NAPASAR
NPT,NARASINGANPE
NPTY,NIMPURATHROU
NPU,NADIAPUR
NPW,NIPANI VADGA
NPX,NARINDARPURA
NQH,NEW DOMOHANI
NQR,NARAJ MARATH
NR,NIPHAD
NRA,NUNKHAR
NRDP,NAGIREDDIPAL
NRE,NANDALUR
NRF,NERALAKATTE
NRG,NERGUNDI JN.
NRGO,NARGANJO HAL
NRGR,NARANJIPUR
NRI,NARAINA
NRJ,NARIMOGARU
NRK,NARAIKKINAR
NRKE,NARI-KHETRI
NRKP,NARKOPI FS
NRKR,NARKHER
NRL,NERAL
NRLR,NORLA  ROAD
NRM,NURMAHAL
NRN,SINGHIAGHAT
NRNR,NURNAGAR  HA
NRO,NAKODAR JN.
NRP,NARSIPATNAM
NRPA,NARAYANPUR A
NRPR,NARENDRAPUR
NRR,NAGARUR
NRS,NAGARIA SADA
NRSD,NEW RUNNISAI
NRSP,NARASIMHAPUR
NRT,NARASARAOPET
NRV,NARIYAR  HAL
NRVR,NARAINA VIHA
NRW,NARWANA JN.
NRWI,NARWASI
NRX,NOADAR DHAL
NRY,NYORIYA HUSE
NRYP,NARAYANAPURA
NRZB,NOWROZABAD
NS,NARASAPUR
NSA,NISHANGARA
NSCL,NEW SILCHAR
NSD,NASIRABAD
NSF,NASIBPUR
NSI,NIKURSINI
NSL,NAGARSOL
NSP,NALLA-SOPARA
NSPH,NARASAPURAPU
NSRH,NIZ-SARIHA
NSS,NAWASHAHR DO
NSU,NISOI
NSVP,NPA SIVARAMP
NSX,NARSIPURAM
NTA,NETRA
NTG,NUSRATABAD K
NTN,NAR TOWN
NTR,NITTUR
NTSK,NEW TINSUKIA
NTT,NATHAPETTAI
NTU,NIGATPUR F
NTV,NAUTANWA
NTVT,NETHRAVATHI
NTW,NANJANGUD TO
NTWL,NETAWAL
NTZ,NATHWANA
NU,NARSINGHPUR
NUA,NUA
NUB,NURABAD
NUD,NAVAGADH
NUH,NAUGARH
NUJ,NUJELLA
NUPR,NURPUR ROAD
NUQ,NAGARUNTARI
NUR,NARELA
NVC,NAGALWANCHA
NVD,NAVAL GUND R
NVF,NAGAVANGALA
NVG,NAWEGAON
NVL,NEYVELI
NVLN,NAVALGOAN
NVRD,NAVADE ROAD
NVS,NAVSARI
NVT,NAVIPET
NVU,NAVALUR
NW,NALWAR
NWB,NIWAS ROAD
NWBV,NEW WEST BLO
NWC,NAYA NAGAR
NWD,NAWADAH
NWDH,NAWADIH
NWH,NAWALGARH
NWMS,NOAPARA MAHI
NWN,NANWAN HALT
NWP,NAUPADA JN.
NWR,NIWAR
NWSI,NAWAL SAHI H
NWU,NAVAPUR
NXH,NIDAGHATTA H
NXN,NAWAGAON
NXR,NAGSAR HALT
NYA,NARAYANGARH
NYG,NAYAGARH
NYGT,NAYAGARHTOWN
NYH,NAYANDAHALLI
NYI,NELLAYI
NYK,NAYA KHARDIA
NYM,NEYAMATPUR H
NYN,NAINI JN.
NYO,NAYAGAON
NYP,NAYUDUPETA
NYRH,NAYARHAT
NYT,NAYATOLA
NYY,NEYYATTINKAR
NZB,NIZAMABAD
NZD,NUZVID
NZG,NAZARBAG
NZM,HAZRAT NIZAM
NZP,NIYAZIPUR HA
NZR,NAZIRA
NZT,NAZARETH
OBM,OBLAPURAM
OBR,OBRADAM
OBVP,OBULAVARIPAL
OCH,ODANIYA CHAC
OCR,OCHIRA
OD,ODE
ODB,OODLABARI
ODC,ODDANCHATRAM
ODG,OBAIDULLA GA
ODHA,ODHA
ODM,ONDAGRARM
ODUR,ODUR
OEA,ODELA
OGL,ONGOLE
OGM,OORGAUM
OHAN,OHAN CABIN
OKA,OKHLA
OKD,OKHAMADHI
OKHA,OKHA
OLA,OLAKUR
OLP,OLAPUR
OLR,OLLUR
OM,OMKARESHWAR
OMB,UMBERMALLI
OML,OMALUR
OMLF,OLD MALDA
ON,UNNAO JN.
OND,AUNLAJORI JN
ONR,COONOOR
OPL,UPPAL
ORAI,ORAI
ORC,ORCHHA
ORDI,ORDI
OREH,ORE HALT
ORGA,ORGA
ORH,ODDARA HALLI
ORKI,ORKI HALT
ORR,ORR
ORW,ORWARA
OSA,AUSA ROAD
OSH,OLD SACHIVAL
OSN,OSIYAN
OSRA,OSRA
OTD,OOTWARD
OTK,OTTAKOVIL
OTN,OATING
OTP,OTTAPPALAM
OTR,MOTURU
OV,OTTIVAKKAM
OYR,WARIA
PAA,PATAS
PAAL,PALA
PAD,PARDI
PADH,PIPRADIH
PAE,PALANA
PAGM,PENNADA AGRA
PAI,PABAI
PAIL,BLOCK HUT 'C
PAJ,PARAJ
PAK,PAKALA JN.
PAL,PALASNER
PALM,PALAYAM
PALR,PALUR
PAM,PANAPAKAM
PAN,PANA GARH
PANP,PANDAVAPURA
PAO,PANOLI
PAP,PITHAPURAM
PAPM,PALATPOTARAM
PAQ,PADIYA NAGLA
PAR,PANDHURNA
PARD,PATHRAD HALT
PARH,PARA KHEDA
PAS,PASUR
PASA,PARASSALA
PASG,PANISAGAR
PASR,PANDURANGA S
PATA,PATA
PATI,PARSA TIWARI
PATL,PATEL HALT
PATM,PATAM
PATR,PARAMJEEVAR
PAU,PURNA  JN.
PAV,PEDANA
PAVI,PAVI
PAVP,PEDDA AVUTAP
PAW,PANDABESWAR
PAX,PATTI
PAY,PAYYANUR
PAZ,PAYANGADI
PB,PUNTAMBA
PBA,PIARDOBA
PBB,PARBATONIA
PBC,PARVATSAR CI
PBD,PEDDA BRAHMA
PBE,PILIBHIT JN.
PBH,PARTAPGARH J
PBJM,PABNAWAJAS M
PBKS,PAMBAKOVIL S
PBL,PATHSHALA
PBM,PAMBAN
PBN,PARBHANI JN.
PBP,PEMBARTI
PBR,PORBANDAR
PBV,PALIBA
PBW,PANTNAGAR
PBZ,PORA BAZAR
PC,PACHORA JN.
PCC,PRACHI ROAD
PCH,PACHHAPUR
PCHT,PUNAICHAK HA
PCK,PACHRUKHI
PCKM,PACHCHAKUPPA
PCL,PULICHERLA
PCLI,PALACHAURI
PCM,PAVURCHATRAM
PCMK,PACHAR MALIK
PCN,PUNCH PIPLIA
PCO,PALAYAMKOTTA
PCQ,PICHKURIRDHA
PCR,PANCHRA
PCT,PANCHTALAVAD
PCTM,PUDUCHATTI
PCU,PUTLACHERUVU
PCV,PALAKKODU
PCX,PAGLA CHANDI
PCY,PIPAR CITY
PCZ,POCHARAM HAL
PDA,PUNDOOAH
PDD,PADUBIDRI
PDE,PINDRAI
PDF,PADAMPUR
PDG,PARADGAON HA
PDGL,PONDUGULA
PDGM,PUDUNAGARAM
PDGN,PADHEGAON
PDH,PADADHARI
PDI,PALASDARI
PDJ,PHIDING
PDKM,PEDDANAYAKKA
PDKN,PEDAKAKANI H
PDKT,PUDUKKOTTAI
PDL,PENDEKALLU
PDMA,PADMA
PDMI,PENDLIMARRI
PDNA,PEDDADINNE H
PDNR,PADNUR H
PDO,POODOOR
PDP,PADSE
PDPH,PADAPAHAR
PDPK,PADMAPUKUR
PDPL,PEDDAPALLI
PDPR,PURANDARPUR
PDRD,PINDRA ROAD
PDS,PINDARSI HAL
PDSN,PEDDASANA
PDT,PENDURTI
PDU,PONDURU
PDV,PANDARAVADAI
PDW,PANDAUL
PDX,PAYRA DANGA
PDY,PONDICHERRY
PDZ,PILODA
PEA,PETTAI
PEC,PENCHARTHAL
PEE,PATERHI
PEH,PATHARDIH JN
PEI,PERANI
PEL,POLIREDDIPAL
PEM,PERALAM JN.
PEN,PEN
PEP,PHEPHNA JN.
PER,PERAMBUR
PERN,PERNEM
PES,PHESAR
PETA,PANDETOLA
PEU,PERASHSHANNU
PFL,PIPRALA
PFM,PHAPHAMAU JN
PFR,PACHOR ROAD
PFT,POTHAHI
PFU,PADUA
PG,PERGAON
PGA,PAGARA
PGG,PENGANGA
PGI,PARPANANGADI
PGK,PILI BANGAN
PGL,PAGDHAL
PGMD,PRAGATI MAID
PGN,PERUGAMANI
PGP,PANDURANGA P
PGR,PUGALUR
PGRL,PIDUGURALLA
PGT,PALAKKAD JN
PGTN,PALGHAT TOWN
PGU,PADUGUPADU
PGW,PHAGWARA JN.
PGZ,PERUNGUZHI
PH,PANOH
PHA,PATHARIA
PHC,PANCHOT
PHD,PHAPHUND
PHE,PAHALEJA
PHI,PANIKHAITI
PHK,PUNARAKH
PHLG,PAHLEJAGHAT
PHM,PATAPATNAM
PHN,POKHRAYAN
PHQ,PARDHADE
PHR,PHILLAUR JN.
PHRH,PANCH RUKHI
PHS,FEROZESHAH
PHV,PIRTHIGANJ
PHWR,PEHOWA ROAD
PHX,PATHAKPUR
PHY,PHARIHA
PI,PADLI
PIA,PIPRAIGAON
PIC,PARICHA
PIGT,PILIGHAT
PIH,PARIHARA
PIL,PILERU
PIO,PILOL
PIP,PIPLIA
PIRO,PIRO
PIS,PISKA FS
PIT,PALITANA
PIZ,PINGLI
PJ,PEPPEGANJ
PJA,PAJIAN
PJB,PANIA JOB
PJGM,PANJGAM
PJH,PIRJHALAR
PJK,PANJ-KOSI
PJLE,PANJWARA ROA
PJN,PANJHAN
PJP,PANJIPARA
PJPR,PJP ROAD HAL
PJPT,PARJAPATI HA
PJR,PANGRI
PJY,PARJANI  HAL
PK,PAKNI
PKA,PRADHAN KHUN
PKB,PATHARKHOLA
PKBS,PEEPLEE - KA
PKC,PAKRA
PKD,PENU KONDA
PKDE,PILU KHERA
PKE,PIMPAR KHED
PKF,POKLA
PKGM,PHAKHOAGARM
PKJN,PAKHAJAN
PKK,PAKKI
PKL,PAPINAYAKANA
PKNA,PAKHNA
PKNS,POKHARNI NAR
PKO,PALAKOLLU
PKPU,PEDDAKURA PA
PKQ,PATTIKKAD HA
PKR,PAKUR
PKRA,PARSA KHERA
PKRD,PAKARIYA ROA
PKRH,PARSA KERWA
PKU,PANSKURA
PKW,PILKHUA
PKX,PAKHRAULI
PKY,PILKHANI
PKZ,PIPLI PAKHI
PLA,PALIA
PLAE,PALSIT
PLCJ,PHALODI
PLD,PALDHI
PLE,PIPLEE
PLF,PIALI
PLG,PALGHAR
PLGH,PALIGARH (HA
PLH,PARLAKIMIDI
PLHW,PALHAWAS
PLI,PETTAIVAYTAL
PLJ,PALEJ
PLJE,PHULWARTANR
PLK,PALIA KALAN
PLL,PARLI
PLM,PANELI MOTI
PLMD,PILAMEDU
PLMG,PULIYAMANGAL
PLMX,PALAMPUR HIM
PLNI,PALANI
PLO,PULGAON JN.
PLP,PHULPUR
PLPM,PALAPPURAM H
PLS,PIPALSANA
PLSG,PALASINGI
PLT,PIRTHALA LAL
PLU,PATAKOTTACHE
PLV,PALSI
PLVA,PALLEVADA
PLW,PINGLESHWAR
PLWR,PHULWARIA
PLY,PLASSEY
PM,PALAM
PMB,PULLAMBADI
PMD,PAMIDI
PMH,PARAO MAHNA
PMK,PARAMAKKUDI
PMKT,PIMPALKHUTI
PML,PAPANASAM
PMN,PAMAN
PMO,PANDOLI
PMP,PIMPRI
PMPE,PAMPORA
PMPR,PREMPUR
PMQ,PARMANAND
PMR,PITAMBARPUR
PMS,PARMALKASA
PMT,PULLAMPET
PMU,PARMANANDPUR
PMY,PALI MARWAR
PN,PANSAR
PNB,PANBARI
PNBE,PATNA JN.
PNC,PATNA SAHEB
PNCB,PANCHBHERIA
PND,PENDRA ROAD
PNDM,PENNADAM
PNDP,PANDILLAPALL
PNDR,PANDORI
PNE,PRANTIK
PNF,PANGAON
PNGI,PANANGUDI
PNGM,PANCHGRAM
PNGR,PINGORA
PNHI,PANHAI
PNHR,PANIHAR
PNI,PURAINI
PNK,PANKI
PNM,PANYAM
PNME,PARASNATH
PNP,PANIPAT JN.
PNPL,PANPALI  PH
PNPN,PANPANA PH
PNPR,PUNNAPRA
PNQ,PUNKUNNAM
PNRA,PANIARA HALT
PNSA,PUNSIA H
PNSD,PANGARSHINDE
PNT,PANITOLA
PNU,PALANPUR JN
PNUG,PUNPUN GHAT
PNV,PANEVADI
PNVL,PANVEL
PNVT,PANCHRATNA
PNW,PUNDAG
PNWN,PACHAWAN
PNYA,PANIYAHAWA
PO,PARANGIPPETT
POA,PALLIKONA HA
POE,PAWAPURI ROA
POF,PIPARSAND
POI,PONPADI
POK,POKARAN
POKL,PEOKOL  HALT
POM,PUNTHOTTAM
PON,PONNERI
POO,POTLAPADU
POR,PIPLOD ROAD
PORA,PORA
POT,POTHIA
POU,PADRAUNA
POX,POLAPATTHAR
POY,POLLACHI
POZ,POTUL
PP,PURANPUR
PPA,PIPRA
PPB,PARTABPURA
PPC,PIPRAICH
PPCK,PIPALWALI CH
PPD,PIPOLOD
PPDA,PANCHPATIA D
PPDE,PANDU PINDAR
PPDI,PIPRADIH
PPE,PAINTEPUR F
PPEA,PAPARERA
PPF,PIPLAJ
PPG,PIPLODA BAGL
PPGT,PRINCEP GHAT
PPH,PIPRIDIH
PPI,PIPARIYA
PPJ,POPHLAJ
PPKD,PAPRAKUND
PPLC,PIMPLA CHAUR
PPLI,PIPLI
PPM,PHIRANGIPURA
PPN,PUNPUN
PPNS,PAPPINISSERI
PPO,PANPOSH
PPR,PIPAR ROAD J
PPRH,PIPRAHAN
PPS,PIPLIYA ROAD
PPT,PIRPAINTI
PPTA,PATLIPUTRA
PPTN,PIPRITHAN
PPTR,PUSHPATTUR
PPU,PIPARPUR
PPW,PACHPERWA
PPY,PAPATAPALLI
PPZ,PEDDAMPET
PQD,PRANPUR ROAD
PQH,PINDKEPAR HA
PQL,PINDIAL
PQN,PARIAWAN KAL
PQS,PARK CIRCUS
PQT,PUNIYAVANT
PQU,PARHANA MAU
PQY,PABLI KHAS
PQZ,PUNDIBARI
PR,MUMBAI(PAREL
PRAE,PALLA ROAD
PRAR,PAROR
PRB,PARBATI
PRBG,PRATAP BAGH
PRBZ,PARSA BAZAR
PRCA,PERECHERLA
PRDG,PORADANGA
PRDL,PARADOL
PRDP,PARADEEP
PRDT,Proddatur
PRE,PAHARA
PRES,PATTABIRAM E
PRF,PARSIPUR
PRG,PRAYAG JN.
PRGA,PAHARJAGANGA
PRGR,PINAGORIA
PRH,POWERPET
PRI,PATHRI
PRK,PARKHAM
PRKD,POWAR KHEDA
PRKE,PURWA KHERA
PRKH,PARAKANHATTI
PRKL,PARIKKAL
PRL,POLUR
PRLI,PARLI VAIJNA
PRM,PIRUMADARA (
PRN,PARAUNA
PRNA,PURNEA JN.
PRNC,PURNEA COURT
PRND,PERINAD
PRNG,PRITAMNAGAR
PRNR,PORJANPUR
PRNT,PERIYANAGATH
PRP,PAHARPUR
PRPM,PT RAM PRASA
PRR,PURULIA JN.
PRSL,PANDRASALI
PRSP,PRASADPUR (H
PRSR,PAHARSAR
PRT,PANRUTI
PRTL,PIRTALA
PRTN,PRATAP NAGAR
PRTP,PARTAPUR
PRTR,PUTTARRA
PRU,PARLU
PRUR,PRITHWIRAJPU
PRV,PUKKIRAVARI
PRWA,PARWAKHURD H
PRWD,PAREWADI
PRWS,PATTABIRAM W
PRY,PARAIYA
PRZ,PARSA
PS,PARAS
PSA,PALASA
PSAE,PURBA STHALI
PSB,PARSABAD
PSD,PARSODA
PSDA,PASIVEDALA H
PSE,PUSAULI
PSF,PATRASAYER P
PSJ,PATASAHI
PSL,PARISAL
PSLI,PARSOLI
PSLP,PASALAPUDI
PSN,PARSENDI
PSO,PALSORAMKDN
PSPY,PRASANNAYANA
PSR,PASRAHA
PST,POSOITA
PSV,PARSNEU
PSZ,PARSAUNI
PT,PATLI
PTA,PATIALA
PTAB,PATIA HALT
PTAE,PATULI
PTB,PATTAMBI
PTD,PETLAD JN.
PTE,PATIALA CANT
PTF,PALTA
PTG,PATNA GHAT
PTH,PATRANGA
PTHD,PATOHAN
PTHL,PANTIHAL PH
PTI,PATIALI
PTJ,PODANUR JN.
PTK,PATHANKOT JN
PTKC,PATHANKOT CA
PTKD,PATHARKANDI
PTKP,POTKAPALLI
PTKR,PATIPUKUR
PTLD,PATILADAHA
PTLI,PATHAULI
PTLR,PUTTLUR
PTMS,PATTABIRAM E
PTN,PATAN
PTNR,PATEL NAGAR
PTP,PATAL PANI
PTPL,PETRAPOLE
PTPR,PRATABPUR HA
PTRD,PATAUDI ROAD
PTRE,PATARA
PTRJ,PATTI RAJPUR
PTRL,PATHRALA
PTRU,PATRATU
PTSC,PARICHA THER
PTT,PUTALAPATTU
PTTN,PATTAN
PTU,PARTUR
PTWA,PATWARA
PTYR,PATIYARA
PU,PATCHUR
PUA,PULLA
PUC,PUDUCHATIRAM
PUD,PHANDA
PUDI,PUDI
PUF,PAUTA (HALT)
PUG,PUNGGUDI
PUHT,PUSHKAR TERM
PUK,PUDUKAD
PUL,RAMPURA PHUL
PUM,PALLIPPURAM
PUMU,PENUMARRU HA
PUN,PUNDI
PUNE,PUNE JN.
PUO,PIR UMROD
PUQ,PURANIGUDAM
PURI,PURI
PUS,PHUSRO
PUSA,PUSLA
PUT,PUTUR
PUU,PUNALUR
PUW,PATUWAS MEHR
PUWA,PAUWARA  HAL
PUX,PARASIA
PUY,PHULAGURI
PV,PALLAVARAM
PVD,PEDDAVADLAPU
PVL,PASUPATIKOVI
PVM,PATTARAVAKKA
PVN,PUVANUR
PVP,PARVATIPURAM
PVPT,PARVATIPURAM
PVR,PANDHARPUR
PVRD,PIRAVAM ROAD
PVU,PARAVUR
PVZ,PARVEZPUR
PW,PIRWA
PWBN,PAWAI BROHMA
PWK,PIPARIYAKELA
PWL,PALWAL
PWS,PHULWARI SHA
PWU,PARANUR
PXR,PALPARA
PY,PERUNDURAI
PYA,PEDAPARIYA
PYD,PALLIYADI H.
PYI,PAYLI
PYLA,PIYALA BLOCK
PYOL,PAYYOLI
PYV,PALAYASIVARA
PYX,PEYANAPALLI
PZA,PALAVANTHANG
QDN,QADIAN
QG,QUAZIGUND
QLD,QUILANDI
QLM,KULEM
QLN,QUILON
QMRS,KAYAMSAR
QRP,KILA RAIPUR
QSR,KANSRAO
QTP,QUTABPUR
QXR,KUCHESAR ROA
R,RAIPUR JN.
RA,RAMPARDA
RAA,BARARA
RAG,RAIGIR  HALT
RAGM,RAJAGAMBIRAM
RAH,RAMGARH
RAHA,RAHA
RAI,RAIBHA
RAIR,RAIRAKHOL
RAJ,RAJPIPLA
RAJP,RAJAPUR ROAD
RAK,RAMKOT
RAKL,RETHORAKALAN
RAL,REPALLE
RAM,RAMAPURAM
RAMA,RAMVA
RAMR,RAMAIPUR (HA
RANI,RANI
RAPU,RAMPURA
RASP,RASIPURAM
RAU,RAU
RAY,RAY
RAYA,RAYA
RBA,RAMBHA
RBCS,RAMACHANDRAP
RBD,RAHIMABAD
RBG,RAYBAG
RBGJ,ROBERTSGANJ
RBH,RAJBANDH
RBHR,RABHRA HAALT
RBHT,R BLOCK HALT
RBJ,RAIBOJHA
RBK,REOTI BAHORA
RBL,RAE BARELI J
RBR,RIBADA
RBS,RUPBAS
RBZ,RAMBHADDARPU
RC,RAICHUR
RCA,RENTACHIN TA
RCD,RAJCHANDRAPU
RCF,RAIL COACH F
RCG,RACHAGUNNERI
RCGT,RICHUGHUTA
RCJ,RANAYALA
RCP,RAMA CHANDRA
RCR,RATAR CHHATT
RCRA,RAMCHAURA HA
RCTC,RAGHUNATHPUR
RD,RAM DAYALU N
RDDE,RATHDHANA
RDE,RUNDHI
RDF,RADHAGAON
RDG,RAYA DRUG
RDHP,RADHANPUR
RDI,KARDI
RDK,RASHIDPURA-K
RDL,RUDAULI
RDM,RAMGUNDAM
RDN,RUDAIN
RDP,RADHIKAPUR
RDRA,RAMDEVRA
RDS,RAMDAS
RDT,RAVTHA ROAD
RDU,RADHAMOHANPU
RDUM,RAMPUR DUMRA
RDV,RADHA BALAMP
RDY,Reddipalaiya
RE,REWARI JN.
RECH,RECHNI ROAD
REG,REGUPALEM
REI,RITHI
REJ,REJINAGAR
REM,REDDI GUDEM
REMA,REMA
REN,REN
RES,RASAULI
RET,RENTIYA
REWA,REWA
RF,RAFALESHWAR
RFJ,RAFIGANJ
RFR,RAFINAGAR F
RG,RAJGHAT NARO
RGA,RAJAGODA
RGB,RAMGANGA
RGD,RAJGIR
RGDA,RAYAGADA JN.
RGG,RADHOGARH
RGH,RAMGARHWA F
RGI,RAMAGIRI
RGJ,RAIGANJ
RGJI,RANGJULI
RGL,RENGALI
RGLI,RAGHOULI
RGM,RANGAPURAM
RGNH,RAGHUNATHGAR
RGO,ROTEGAON
RGP,RAGHUNATHPAL
RGPM,RAGHAVAPURAM
RGS,RINGUS JN.
RGT,RAJGHAT PH
RGU,RAGAUL
RGX,RAGHUNATHBAR
RHA,RANAGHAT JN.
RHE,RAKHA MINES
RHG,RAJGARH
RHI,RAKHI
RHMA,RAHAMA
RHN,ROSHANPUR
RHR,RAJHAURA
RHW,ROHIRA GHALL
RIG,RAIGARH
RIGA,RIGA
RIKA,RATIKHEDA
RIKD,RISHIKUND
RIM,RAJIM
RIS,RISHRA
RJ,RAWATGANJ F
RJA,RAJNAGAR
RJAK,RAJNAGAR K H
RJAP,RAJAPUR HALT
RJB,RAJABERA
RJD,RAJ-PARDI
RJG,RAJGRAM
RJGR,RAJATHGARH J
RJI,RAJAWARI
RJK,RAJA-KA-SAHA
RJL,RAJMAHAL
RJLK,RAJALUKAH
RJMP,RAJMALPUR RO
RJN,RAJNANDGAON
RJO,RAJENDRA PUL
RJP,RAZAMPETA
RJPB,RAJENDRANAGA
RJPM,RAJAPALAYAM
RJQ,RAJENDRANAGA
RJR,RAJALDESAR
RJS,RAJIYASAR
RJT,RAJKOT
RJU,RAJULA CITY
RJW,RAJEWADI
RJY,RAJAHMUNDRY
RK,ROORKEE
RKB,RAIKA BAGH P
RKD,RUKADI
RKI,RAMKANALI JN
RKJE,RAKHITPUR
RKK,RATANGARH KA
RKL,RAMKOLA
RKM,RAJA-KI-MAND
RKN,RATI-KA-NAGL
RKO,RAMAKISTA PU
RKS,SARAI RANI
RKSH,RISHIKESH
RKSN,RAJKHARSAWAN
RKX,RUKHI HALT
RKY,KOTHARIYA
RKZ,RAJKIAWAS
RLA,RAJULA ROAD
RLG,RELANGI
RLK,ROHALKHURD
RLL,REGADIPALLI
RLO,RAYALCHERUVU
RLP,HARLA PUR
RLR,RAILA ROAD
RLS,ROMANA ALBEL
RLX,RAMANUJAMPAL
RM,RAJMANE
RMA,RAMGANJ MAND
RMB,RAMPURA BERI
RMBG,RAMGHAT  HAL
RMC,RAM CHAURA R
RMD,RAMANATHAPUR
RMF,RAMNA
RMGJ,RAMGANJ
RMGM,RAMANAGARAM
RMH,RANGMAHAL
RMJ,RAMRAJATALA
RMJK,RAMNAGAR(J-K
RML,ROMPALLE PH
RMM,RAMESWARAM
RMN,RAMAN
RMNP,RAMANNAPET
RMNR,RAHMAT NAGAR
RMP,RAHIMATPUR
RMPB,RAMPUR BAZAR
RMPH,RAMPAHARI
RMPR,RAMPUR  HALT
RMR,RAMNAGAR
RMRB,RAMNAGAR (BE
RMSR,RAMSINGHPUR
RMT,RAMGARH CANT
RMTR,REMOUNT ROAD
RMU,RAMPUR
RMV,RAMAVARAPPAD
RMW,ROSHAN MAU H
RMX,RAMSAR
RMY,RUKMAPUR
RMZ,ROUTHPURAM H
RN,RATNAGIRI
RNA,ROHANA KALAN
RNB,RANPURA
RNBD,RANA BORDI
RNBT,RAHEN BATA
RNC,RANCHI
RNE,RANJANI
RNG,RANI GANJ
RNGG,RANGALITING
RNGN,RANIGAON
RNGR,RAINAGAR PH
RNH,RUNKHERA
RNI,RANGAPANI
RNJ,RUNIJA
RNJD,RANJAN GAON
RNKA,RUNKUTA
RNL,RANALA
RNN,RAJAN KUNTI
RNO,RANOLI
RNPR,RUPNARAYANPU
RNQ,RENUKUT
RNR,RANIBENNUR
RNRD,RANIPUR ROAD
RNT,RANTHAMBHOR
RNTL,RANITAL
RNV,RANIWARA
RNW,RENWAL
RNX,RANIPATRA
RNY,RANGIYA JN.
ROA,RUSERA GHAT
ROB,ROBERTSON
ROHA,ROHA
ROHN,ROHAD NAGAR
ROI,REOTI
ROK,ROHTAK JN.
ROL,RAJOLI
ROP,RUPSA JN.
RORA,RORA
ROS,RAJOSI
ROU,ROURKELA
ROZA,ROZA JN
RPAN,RANGAPARA NO
RPAR,ROOP NAGAR
RPB,RUPSIBARI
RPD,RUPAUND
RPGU,RASULPUR GOG
RPH,RAMPUR HAT
RPHR,RAIPUR HARYA
RPI,RUPAHELI
RPJ,RAJPURA JN.
RPK,RAVALPALLI K
RPL,REDDIPALLI
RPM,ROYAPURAM
RPMN,RAMPUR MANIH
RPO,RAWATPUR
RPR,RAGHUNATHPUR
RPRD,RUPRA ROAD
RPRL,RAPARLA HALT
RPSC,Rudrapur Sid
RPUR,RATANPUR
RPV,RAJAPATTI
RPY,RUPAI
RPZ,RANA PRATAP
RQJ,RANINAGAR JA
RQP,RADHA KISHOR
RR,RICHHA ROAD
RRB,BIRUR JN.
RRGA,RANGAREDDIGU
RRI,RAHURI
RRJ,RAMARAJUPALL
RRL,REWRAL
RRME,RANCHI ROAD
RRP,RAIRANGPUR
RRS,RAGHURAJ SIN
RRU,RAYARU
RRW,RORANWALA
RS,RISIA
RSA,RISAMA
RSG,RAMSAGAR
RSH,RATAN SAHAR
RSI,RAISI
RSJ,RAYSER JAGIR
RSKA,RAJSUNAKHALA
RSLR,RASULPUR
RSM,RASMARA
RSMN,RAMGOVINDSIN
RSNR,RAI SINGH NA
RSR,RASRA
RSWN,RAMESHWAR NA
RSWT,RAMGARH SHEK
RSYI,RASAYANI
RT,ROHAT
RTA,RUTHIYAI JN
RTB,RAJA TALAB
RTBR,RATABARI
RTG,RANGTONG
RTGH,RATANAGARH J
RTGN,RATANGAON
RTI,RAOTI
RTJ,RANTEJ
RTK,RAMTEK
RTM,RATLAM JN
RTN,RETANG
RTP,RATANPURA
RTR,RAMNATHPUR
RTRA,RAMNATHPUR
RTU,RATAN SARAI
RTWS,RAHATWAS
RTZ,RATONA
RU,RENIGUNTA JN
RUB,RASULABAD
RUG,RAJLU GARHI
RUI,RUKNI
RUJ,RANUJ
RUL,RAVLI
RUM,RUPAMAU
RUP,RUPAIGAON
RUPC,RUDRAPUR CIT
RUR,RANPUR
RURA,RURA
RUSD,RUNNIASAIDPU
RUT,RATNAL
RV,RAVER
RVD,RAVIKAMPADU
RVG,REVELGANJ GH
RVH,RAIPUR R-V B
RVJ,RAVLI JN
RVK,RAJA BHAT KH
RVKH,RAVINDRAKHAN
RVN,RAJIV NAGAR
RVS,RAVANASAMUDR
RWA,RAUTARA
RWH,ROWRIAH
RWJ,RAWANJNA
RWL,RAIWALA JN.
RWO,RANAVAV
RWTB,ROWTA BAGAN
RXL,RAXAUL JN.
RXM,ROOMA
RXN,RAMSAN
RXR,RANGAPAHAR
RXRX,RANGAPHAR CR
RY,RAYAKA
RYC,RAYAKOTTAI
RYP,RAYANAPADU
RYS,RASUIYA
RYT,RAYATPURA
RZN,RAUZAGAON
S,SRIRANGAPATT
SA,SALEM JN.
SAA,SATHIAON
SAB,SANTAMGALUR
SAC,SANICHARA
SAD,SONADA
SADP,SAIDAPUR
SAF,SALKHAPUR
SAG,SANGRUR
SAGM,SAGMA
SAGR,SHRIRAJNAGAR
SAH,SAPHALE
SAHA,SARAHULA HAL
SAHI,SATHI
SAHL,SAHELI
SAHR,SAHERI (HALT
SAI,SARAI
SAJH,SAHJHA HALT
SAK,SANKHEDA BAH
SAKD,SUPRAKANDI
SAL,SALWA
SALE,SALAR
SALI,SAHELI
SALR,SALUR
SAMN,SAMNI JN.
SAMT,SALEM MARKET
SAN,SANDILA
SANH,SANHA HALT
SANK,SANK
SANR,SARDARNAGAR
SAO,SAGONI
SAP,SATTENAPALLE
SAPE,SAPE-WAMNE (
SAPR,SARANGPUR RO
SAPT,SUGAPAHARI H
SAR,SHAHZAD NAGA
SAS,SHEODASPURA-
SASG,SASAN GIR
SASN,SAHIBZADA AJ
SAT,SANTROAD
SATR,SATAR HALT
SAU,SANAND
SAV,SAVDA
SAW,SURIAWAN
SAWN,SOHANSRA
SAY,SAYAMA
SB,SARAI BHOPAT
SBB,SAHIBABAD
SBBJ,SRI BALABRAH
SBC,KRANTIVIRA S
SBD,SLEEMNABAD
SBDP,SABDALPUR JN
SBE,SORBHOG
SBG,SAHIBGANJ
SBGA,SHRAVANABELA
SBGN,SISIBORGAON
SBGR,SUBHASGRAM
SBH,SULEBHAVI
SBHR,SUBRAHMANYA
SBI,SABARMATI JN
SBIC,SABARMATI JN
SBJ,SARAI BANJAR
SBK,SHAHBAZ KULI
SBL,SABALGARH
SBLJ,SHRI BALAJI
SBLT,SHRI BHADRIY
SBM,SONBARSA KAC
SBNM,SUBARNAMRIGI
SBNR,SRI VIJAINAG
SBO,SABOUR
SBP,SAMBALPUR JN
SBPD,SAMBALPUR RO
SBPY,SAMBALPUR CI
SBR,SAMBHAR LAKE
SBRA,SARBAHARA
SBT,SABARMATI
SBV,SIMRI BAKHTI
SBW,SHEWBABUDIH
SBZ,SISWA BAZAR
SC,SECUNDERABAD
SCA,SALCHAPRA
SCC,SITAPUR CANT
SCE,SENCHOA JN
SCH,SACHIN
SCI,SANCHI
SCKR,SALICHAUKA
SCL,SILCHAR
SCM,SIMHACHALAM
SCMN,SIMHACHALAM
SCN,SONDHA ROAD
SCO,SATUNA
SCP,SIRNAPALLI
SCPD,SUCHIPIND HA
SCPR,SHYAMA CHARA
SCQ,SHAM CHAURAS
SCT,SENGOTTAI JN
SCV,SUKHCHAIN
SCY,SACHIWALAYA
SDAH,SEALDAH
SDAM,SUNDHIA MAU
SDB,SHAHABAD
SDBH,SINDRI B.H
SDC,SAIDABAD
SDD,SINDHAVADER
SDE,SADISOPUR
SDF,SUDSAR
SDG,SAHADAI BUZU
SDGH,SRI DUNGARGA
SDH,SARADHNA
SDHA,SIDHARI (HAL
SDHR,SANDHANI DHA
SDI,SAGARDIGHI
SDL,SHAHDOL
SDLE,SWADINPUR
SDLK,SUNDLAK
SDLP,SADULPUR JN
SDM,SURAREDDIPAL
SDMD,SUDAMDIH
SDMK,SIDMUKH
SDN,SHOLAVANDAN
SDNR,SEYDUNGANALL
SDPR,SARDAR PATEL
SDRA,SUDHRANA
SDS,SADULSHAHAR
SDT,SADAT
SDUA,SADURA
SDV,SOMIDEVI PAL
SDVL,SOLDEVANAHAL
SDY,SADHOO GARH
SDZ,SINDHAR
SEB,SON NAGAR JN
SED,SHEDBAL
SEE,SONPUR JN.
SEG,SHEGAON
SEGM,SEWAGRAM
SEH,SEHORE
SEI,SHENDRI
SEJ,SARKHEJ
SEL,SANKRAIL
SELU,SELU
SEM,SERAM
SEN,SENAPURA
SEO,SEOHARA
SEP,SODPUR
SEPN,SEPON
SEPR,SHERPUR
SEQ,SEKHA
SER,SAMAYANALLUR
SET,SETTIHALLI
SEU,SENDRA
SEV,SITHALAVAI H
SEW,SEHAL HALT
SEX,SERONI ROAD
SF,SETTIGUNTA
SFA,SUNEHRA
SFC,SAINTALA
SFDE,SAFIDON
SFE,SANODIYA
SFG,SUBEDARGANJ
SFH,SAFEDABAD
SFK,SIKIR
SFM,SUNAM
SFMU,SUNAM
SFNR,Saifee Nagar
SFPR,SAFIPUR
SFR,SAFRAI
SFW,SARANGPUR
SFX,SAFILGUDA HA
SFY,SHAJAPUR
SFZ,SHINDURIYA K
SG,SHAHGARH
SGA,SHERGARH
SGAM,SARAIGRAM
SGBA,SIR GURUDAS
SGBJ,SURGAON BANJ
SGC,SAONGI
SGD,SONGADH
SGDM,SIGADAM
SGDP,SAGADAPATA
SGE,SANKARIDRUG
SGF,SANGAT
SGG,SULTANGANJ
SGJ,SAFDARGANJ
SGKM,SRUNGAVRUKSH
SGL,SAGAULI JN.
SGLA,SANGOLA
SGLM,SENGULAM
SGM,SOLAGAMPATTI
SGND,SHRIGONDA RO
SGNR,SHRI GANGANA
SGO,SAUGOR
SGP,SOHAGPUR
SGPA,SUGAPAHARI H
SGR,SANGMESHWAR
SGRA,SANGARIYA
SGRD,SARAGAON ROA
SGRE,SALGARE
SGRL,SINGRAULI
SGRM,SINGARAM
SGRP,SINGHIRAMPUR
SGRR,SANGAR
SGS,SHOGHI
SGUJ,SILIGURI JN.
SGUT,SILIGURI TOW
SGV,SARGACHNI
SGW,SINGWAL
SGZ,SHAMGARH
SHAD,SHAHAD
SHAN,SRINIVASANAG
SHBA,SAHEBTALA  H
SHBC,SIBAICHANDI
SHBL,SHIBLUN
SHC,SAHARSA JN.
SHDM,SHAHABAD MAR
SHDR,SHAHDORAGAON
SHE,SEORAPHULI J
SHEO,SHISHO H
SHER,SHER (HALT)
SHF,SHIRUD
SHG,SHAHGANJ JN.
SHGN,SHRI GHASI N
SHH,SHAPUR
SHI,SINGANALLUR
SHIV,SHINDAWANE
SHJP,SAHAJIPUR HA
SHK,SHEIKHPURA
SHKL,SHANKRUL PH
SHLK,SHOLAKA
SHM,SHALIMAR
SHMI,SHIROOR
SHMR,SHYAMSUNDAR
SHN,SUCHAN KOTLI
SHNG,SHIVNAGAR
SHNR,SHADNAGAR
SHNX,SHEOSINGHPUR
SHR,SIHORAROAD
SHRG,SHRI RAMGARH
SHRM,SHARMA HALT
SHSK,SAHASRAKUND
SHTS,SAMBAHAL HAT
SHTT,SILGHAT TOWN
SHU,SHOLINGUR
SHV,SHIVANI
SHW,SAMHON
SHWL,SAHUWALA
SHX,SHUKARULLAHP
SHYP,SAKKARAYA PA
SHZ,SUMMER HILL
SI,SONAILI
SIA,SHIVLAKHA
SIBR,SHRIBAR
SIC,SONIK
SID,SIDHAPUR
SIDP,SIDDAPURA
SIE,SIDDAMPALLI
SIF,SIRLI
SIGA,SHANTIGRAMA
SIHO,SIHO
SII,SITIMANI
SIKD,SIKRODA KWAN
SIKR,SIKAR JN.
SIL,SAKHIGOPAL
SILO,SILAO
SILR,SILARI
SIM,SHRI AMIRGAD
SINA,SRINAGAR
SINI,SINI JN
SIOB,SAMAKHIYALI
SIP,SURAIMANPUR
SIPA,SINGHPOKHARI
SIPR,SIHAPAR (HAL
SIQ,SARKONI
SIR,SIRHIND JN.
SIRA,SIRHI ITARA
SIRD,SIRD
SISN,SISAUNA
SIU,SINGUR
SIW,SHIRAVADE
SIY,SIRRI
SIZ,SHRIKHANDA
SJDA,SANJUJA-DA-A
SJDR,SRI JHADESHW
SJER,SANJARPUR (H
SJF,SAJANVAV ROA
SJGH,SARAI JAGDIS
SJGM,SANJOY GRAM
SJJ,SANJHA H
SJKL,SURJAKAMAL
SJL,SANGAM JAGAR
SJM,SAJUMA
SJMA,SANJAMALA
SJN,SANJAN
SJNP,SUJANPUR
SJP,SHUJALPUR
SJPA,SUJALPUR PH
SJPM,SUJATAPURAM
SJPR,SURJYAPUR
SJQ,SURAJPUR ROA
SJRR,SAJERPAR
SJSM,SALEMGARH MA
SJT,SHUJATPUR
SJV,SAJHAULI HAL
SJVP,SANJIVAIAH P
SK,SAKHUN
SKA,SIKANDRA RAO
SKAP,SKPARA
SKAR,SAKARIYA
SKB,SHIKOHABAD J
SKBR,SHANKARPUR B
SKF,SAKHOTI TAND
SKG,SAKTI GARH J
SKGH,SAKTESGARH
SKI,SAKRI JN.
SKIP,SHIKARIPARA
SKJ,SAHIBPUR KAM
SKJS,KRISHAN JANM
SKK,SIKKAL
SKKE,SEKERKOTE
SKL,SINGAPERUMAL
SKLI,SUKLI
SKLP,SHANKERPUR
SKLR,SAKLESHPUR
SKM,SINGARAYAKON
SKN,SRI KRISHNA
SKND,SUKINDA ROAD
SKNP,SARKANPUR
SKNR,SHAKARNAGAR
SKP,SHANKARPALLI
SKPA,SRI KALYAN P
SKPI,SIKRIPAI
SKPT,SOMANAYAKKAN
SKQ,SIKANDARPUR
SKR,SAKHPUR
SKRI,SIKARIA HALT
SKS,SALEKASA
SKSO,SIKOSA
SKT,SAKTI
SKTN,SHAKTINAGAR
SKU,SIKRODA
SKVL,SANKAVAL
SKW,SHEIKHUPUR
SKX,SARKARA
SKY,SHIKARA
SKZR,SIRPURKAGHAZ
SL,SURATHKAL
SLB,SALBONI
SLBN,SALAI BANWA
SLD,SAKALDIHA
SLF,SILLI
SLG,SIMLAGARH
SLGE,SULERJAVALGE
SLGH,SHELGAON HAL
SLGR,SIMALUGURI J
SLH,SILYARI
SLHA,SALHANA
SLHI,SILHAUDI
SLHP,SULAH HIMACH
SLI,SANGLI
SLJ,SAKRIGALI
SLJR,SALGAJHARI
SLKN,SANDAL KALAN
SLKR,SALKA ROAD
SLKX,SALAKATI
SLM,SOMALAPURAM
SLN,SULTANPUR JN
SLNA,SALAUNA
SLO,SAMALKOT JN.
SLON,SALONA
SLOR,SELOO ROAD
SLP,SALPA
SLPM,SHIVALINGAPU
SLR,SALOGRA
SLRA,SARLA
SLRD,SURLA ROAD
SLRP,SALARPUR
SLS,SALANPUR
SLT,SILAUT
SLTH,SILLAKKUDI
SLTP,SULTANPUR
SLU,SASALU
SLV,SANDALPUR
SLW,SOHWAL
SLWR,SILAWAR
SLX,SELENGHAT
SLY,SAMALPATTI
SLZ,SOLARI
SM,SAMSI
SMAE,SAMUDRA GARH
SMBH,SALIMPUR BIH
SMBJ,SHRI MAHABIR
SMBL,SIMBHOOLI
SMBX,SAMBA
SMCK,SHYAM CHAK
SMCP,SIMEN CHAPAR
SMD,CHERANMAHADE
SMDM,SAMUDRAM
SMDP,SHAHABAD MUH
SMDT,SEMMANDAPATT
SME,SHIMOGA
SMET,SHIMOGA TOWN
SMF,SAMAR GOPALP
SMGR,SAMAGURI
SMH,SIMRAHA
SMI,SITAMARHI
SMK,SAMALKHA
SMKR,SHAM KAURIA
SMKT,SOMAN KATTI
SML,SHIMLA
SMLA,SAMLAYA JN.
SMLG,SHIMILI GUDA
SMLT,SAMLOTI
SMM,SALIYAMANGAL
SMND,SARMATANR
SMNE,SOMTANE
SMNH,SOMNATH
SMNN,SHRI MAKRI N
SMO,SEMAPUR
SMP,SAMBHUPURA
SMPA,SHYAMPURA
SMPR,SHRI MADHOPU
SMQL,SHAMLI
SMR,SAMDARI
SMRL,SAMARALA
SMRR,SUMRERI
SMT,SALAMATPUR
SMTA,SAMUKTALA RO
SMTG,SAHID MATANG
SMTL,SIMARIATAL
SMU,SAMBHU
SMV,SUMAOLI
SMWA,SOMESHWARA
SMX,SIMURALI
SMZ,SARAIMIR
SN,SUKNA
SNA,SADANAPURA
SNAP,SONA ARJUNPU
SNAR,SRINAGAR
SNB,SATNAUR BADE
SNBD,SUNDERABAD
SNBR,SONUABARI
SNC,SWAMI NARAYA
SNCA,SINGRA
SND,SONDIMRA
SNDD,SINDHU DURG
SNDI,SENDURAI
SNDT,SINDRI TOWN
SNDY,SANDAI (HALT
SNE,SHENOLI
SNF,SANAT NAGAR
SNGN,SANGANER
SNGP,SINGHPUR
SNGR,SANGANNAPUR
SNH,SAUNSHI
SNHR,SANKHARI
SNHT,SANHATI
SNI,SINDI
SNIE,SATH NARAINI
SNK,SINDKHEDA
SNKB,SONKHAMB
SNKE,SUNEHTI KHAR
SNKG,SANKARA GUMM
SNKL,SANKARANKOVI
SNKR,SANKA
SNKX,SANKRA   HAL
SNL,SANAHWAL
SNLR,SANTALPUR
SNM,SITANAGARAM
SNMY,SINDRI MARSH
SNN,SONEGAON
SNO,SOMANUR
SNP,SONIPAT
SNPH,SHANKAPUR HA
SNPR,SINGARPUR
SNQ,SANKARPUR
SNR,SHYAM NAGAR
SNRA,SANWARA HALT
SNRD,MUMBAI SANDH
SNRR,SANSARPUR
SNS,SASNI
SNSI,SAI NAGAR SH
SNSL,SHONSELU
SNT,SAINTHIA JN.
SNTD,SANTALDIH
SNU,SANGRAMPUR
SNV,SONDAD
SNVR,SANVATSAR
SNX,SANEH ROAD
SNYN,SONIYANA
SNZ,SHERGANJ (HA
SOA,SANOSARA
SOAE,SOMRA BAZAR
SOB,SILANIBARI
SOD,SOJAT ROAD
SOE,SHEOPUR KALA
SOF,SAOTA
SOG,SURATGARH JN
SOGR,SOGORA
SOH,SIROHI ROAD
SOHL,SOHAL
SOJ,SAROJINI NAG
SOJN,SIHOR JN(GUJ
SOL,SOLAN
SOLA,SOVABAZAR-AH
SOLR,SOLUR
SOM,SOMNA
SONA,SONAMUKHI PH
SONI,SONI
SOP,SHIUPUR
SOQ,SOMPUR ROAD
SOR,SONAGIR
SORI,SORAI
SORO,SORO
SOS,SOMESAR
SOT,SHOHRATGARH
SOY,SUKRIMANGELA
SP,SAIDAPET
SPAM,SENJIPANAMBA
SPB,SONEKHPUR HA
SPC,SITAPUR CITY
SPD,SUPEDI
SPDM,SINGHPURDUMR
SPDR,SHEOPRASAD N
SPE,SULLURUPETTA
SPF,STUARTPURAM
SPGL,SARAI GOPAL
SPGR,SAMPIGE ROAD
SPHL,SHAMPURHALLI
SPHT,SHIVPURI HAL
SPJ,SAMASTIPUR J
SPJB,SAIDPUR JALA
SPK,SAPEKHATI
SPL,SUNDARAPERUM
SPLE,SUJNIPARA
SPN,SHAHJAHANPUR
SPO,SURPURA
SPP,SHAHPUR PATO
SPPR,SHUDNIPUR
SPQ,SORUPETA
SPR,SONARPUR JN.
SPRA,SILLIPUR
SPRD,SINGAPUR ROA
SPRM,SITAPURAM PH
SPRN,SALEMPUR HAL
SPS,SHRIPAT SHRI
SPSR,SARPESWAR P.
SPT,SOMPETA
SPTR,SILAPATHAR
SPV,SIVAPUR
SPX,SAPATGRAM
SPY,SARSONPURI
SPYA,SIPAYA (HALT
SPZ,SAMPLA
SQB,SINGHABAD
SQD,SATTIRAKKUDI
SQE,SAMARALA HAL
SQF,SUKRITIPUR
SQJ,SAILA KHURD
SQL,SONTALAI
SQN,SARAI KANSRA
SQQ,SALAGAON
SQR,SULTANPUR LO
SQS,SIGSIGI
SQW,SIDHWALIA
SR,SABLIROAD
SRA,SEMRA
SRAS,SIRAS
SRBA,SARAGBUNDIA
SRBG,SAROBAG
SRBZ,SEHARA BAZAR
SRC,SANTRAGACHI
SRDR,SARDARSAHAR
SRDW,SHRIMAD DWAR
SRE,SAHARANPUR J
SRF,SAGARAJAMBAG
SRGH,SURAJGARH
SRGM,SRIRANGAM
SRGP,SARGIPALI
SRGT,SURENDRANAGA
SRI,SALMARI
SRID,SRIDHAM
SRJ,SHANKARGARH
SRJK,SURAJKUNDA
SRJM,SIRJAM
SRJN,SIRAJNAGAR
SRK,SAMRAU
SRKI,SEMER KHEDI
SRKN,SHEREKAN
SRKR,SALAR KHURD
SRL,SAROLA
SRM,SARNA
SRMN,SEMRAON
SRMP,SIRSI MUKHDU
SRMR,SRIRAMPURAM
SRMT,SIRMUTTRA
SRNK,SORON SHUKAR
SRNR,SRI RAMNAGAR
SRNT,SARNATH
SRO,SIRATHU
SRP,SHRIRAMPUR
SRPB,SRIRAMPUR (A
SRPJ,SWARUPGANJ
SRPM,SIRIPURAM
SRPN,SRIPANI
SRPR,SARUPSAR JN.
SRPU,SRIPUR HALT
SRR,SHORANUR JN.
SRRG,SURER
SRSI,SARSI
SRSL,SIRSALA  HAL
SRT,SATUR
SRTE,SOOROTHEE
SRTL,SHERTALAI
SRTN,SIBSAGAR TOW
SRU,SALEMPUR JN.
SRUR,SIRPUR TOWN
SRVN,SRAVANUR
SRVT,SIRUVATTUR H
SRVX,SURAVALI (H)
SRW,SHRI KARANPU
SRWN,SARASWATI NA
SRX,SURA NUSSI
SRY,SIRARI
SRZ,SARDARGARH
SS,SHIRSOLI
SSA,SIRSA
SSB,SHAKUR BASTI
SSC,SHAHI
SSCR,SONACHARA  S
SSD,SHAMSABAD
SSDT,SHAMSHABAD T
SSF,SIRSUPHAL
SSG,SHIU SAGAR R
SSGJ,SURASARAIGHA
SSGR,SISAI GULAB
SSI,SHIRSAI
SSIA,SUISA
SSKA,SISARKA
SSKL,SUSKAL
SSL,SIRSAUL
SSM,SASARAM
SSN,SASON
SSNH,SHRISARADANA
SSNR,SATSANG NAGA
SSNS,SAHEED SURAJ
SSP,SANTOSH PUR
SSPD,SADASHIVAPET
SSPH,SATISH SAMAN
SSPN,SRI SATYA SA
SSPR,SADASHIBAPUR
SSR,SARERI
SSRD,SHASAN ROAD
SSU,SASAMUSA
SSV,SASVAD ROAD
SSW,SARSAWA
SSZ,SADDA SINGHW
ST,SURAT
STA,SATNA
STB,SHANTIPUR JN
STBB,SATBERIAHALT
STBD,SULTANABAD H
STBJ,SITABANJ
STD,SATROD
STDB,SITAFALMANDI
STDR,SATADHAR
STE,SAGARAKATTE
STH,SAITHAL (HAL
STJT,SATHAJAGAT
STKT,SASTHANKOTTA
STKW,SULTANPUR KA
STL,SIMULTALA
STLB,SITALPUR (BE
STLI,SITHOULI
STLR,SITALPUR
STM,ST. THOMAS M
STN,SITARAMPUR J
STNL,SATNALI
STNR,SITALNAGAR
STPD,SITAFALMANDI
STPT,SITAMPET HAL
STR,SATARA
STRK,SITAPUR KUTC
STSN,SHAITAN SING
STUR,SATULUR
STVA,SATYAVADA HA
STW,SAHATWAR
STZ,SATRAON F
SUA,SARDIHA
SUAL,saundal
SUBL,HUBLI SOUTH
SUBR,SUBHAGPUR
SUD,SUDHANI
SUDV,SUMMA DEVI
SUH,SULEHALLI
SUI,SUI
SUJ,SARJU
SUJH,SUJANGARH
SUJR,SUJRA
SUKU,SUKU
SUL,SULDHAL
SULH,SULHANI
SUM,SUMMIT
SUMR,SUMER
SUNM,SUNMAI HALT
SUNR,SURENDRANAGA
SUP,SRUNGAVARAPU
SUPP,SUPPALAPADU
SUR,SOLAPUR
SURI,SIURI
SURL,SURELI
SURP,SURATPURA JN
SURR,SURERA
SUT,SATLANA
SUU,SULUR ROAD
SUW,SUKHI SEWANI
SUX,SUDIYUR
SUZ,SUBANSIRI
SV,SIWAN JN.
SVA,SUWASRA
SVB,SAVNI
SVC,SIWAN KACHER
SVD,SARWARI
SVDK,SHRI MATA VA
SVF,SRIVENKATAPE
SVG,SAWALGI
SVGA,SIVAGANGA
SVH,SONADANGA
SVHE,SISVINHALLI
SVI,SAGARPALI
SVJR,SHIVAJINAGAR
SVKD,SAVAR KUNDLA
SVKS,SIVAKASI
SVL,SEVALIYA
SVM,SANVORDEM CU
SVN,SIVUNGAON
SVNR,SAVANUR
SVO,SANVRAD
SVPI,SHIVPURI
SVPM,SRIVENKATESW
SVPR,SRIVILLIPUTT
SVQ,SIVOK
SVR,SEVVAPET ROA
SVRP,SHIVNARAYANP
SVS,SRINIVASPUR
SVT,SHIVPURA
SVTN,SHIVATHAN
SVUR,SEVUR
SVV,SRIVAIKUNTAM
SVW,SHIVNISHIVAP
SVX,SAVARDA
SVZ,SARAI HARKHU
SW,SEHRAMAU
SWA,SAHJANWA
SWAR,SEWAR
SWC,SHIVRAMPUR
SWD,SANAWAD
SWDE,SIWAHA
SWE,SIWAITH
SWF,SATHIN ROAD
SWG,SIDHWAN
SWI,SWAMI MALAI
SWJ,SIAJULI
SWM,SAWAI MADHOP
SWNI,SIWANI
SWNR,SEWA NAGAR
SWO,SONWARA
SWPR,SEWAPURI
SWR,SONUA
SWRT,SAHAWAR TOWN
SWS,SUWANSA
SWT,SHIWALA TEHU
SWV,SAWANTWADI R
SWW,SHAHANAGAR T
SWX,SAIDANWALA
SXA,SAGPHATA
SXB,SAMBRE
SXC,SONDALIA
SXD,SIDULI (FLAG
SXE,SILA KHERI
SXF,SOBHAPUR
SXK,SHAHJAHANPUR
SXN,SONAKHAN
SXP,SANKOPARA H
SXQ,SUAHERI HALT
SXR,SERNDANUR
SXT,SALEM TOWN
SXX,SALBARI
SXZM,SOPORE
SY,SIRKAZHI
SYA,SALAIA
SYC,SARAI CHANDI
SYE,SINDEWAHI
SYF,SEMAI
SYH,SAIYEDPUR BH
SYJ,SAIDRAJA
SYK,SAIDKHANPUR
SYL,SALPURA
SYM,SAVALYAPURAM
SYN,SAYAN
SYQ,SINHAN
SYU,SARAYAN
SYW,SINDURWA
SYWN,SAIYID SARAW
SYZ,SONAI
SZ,SALAWAS
SZA,SAROTRA ROAD
SZB,SARONA
SZE,SONARDIH
SZF,SATBAHINI
SZM,SUBZI MANDI
SZN,SHAHBAZNAGAR
SZP,SHAHJAHANPUR
SZR,SARUPATHAR
SZV,SIVADI
SZY,SILAK JHORI
SZZ,SABIRA
TA,TANUR
TAA,TADLAPUSAPAL
TABU,TALABURU
TAC,TATI CHERLA
TADA,TADA
TAE,TADALI JN.
TAK,TARAKESHWAR
TAKU,TAKU
TALA,TALLA
TALL,TALL JN.
TAN,TARANA ROAD
TAO,TAMNA
TAP,TAPANG
TAPA,TAPA
TAR,THARSA
TAS,THASRA
TASA,TIPPESANDRA
TAT,TUMMANAM GUT
TATA,TATANAGAR JN
TATI,TATI
TAV,TALALA JN
TAY,TALAIYUTHU
TAZ,TARGAON
TBA,TIMBA ROAD J
TBAE,TRIBENI
TBB,TILBHITA
TBH,TATIBAHAR
TBL,TARCHHERA BA
TBM,TAMBARAM
TBMS,TAMBARAM SAN
TBN,TIMARNI
TBR,TAIABPUR
TBT,TALBAHAT
TBTN,THANA BHAWAN
TBU,THERBAN HALT
TBV,TIMBARVA
TBX,TILBHUM
TCH,TIRUCHCHULI
TCL,TYAKAL
TCN,TIRUCHENDUR
TCNR,TIRUCHANUR
TCR,TRICHUR
TDD,TADEPALLI GU
TDH,TINDHARIA
TDK,TADUKU
TDL,TUNDLA JN
TDLE,TILDANGA
TDN,TIRUPARANKUN
TDO,TANDA-URMAR
TDP,TODARPUR
TDPM,TODIYAPPULAM
TDPR,TIRUPPADIRIP
TDR,TIRUVIDAIMAR
TDU,TANDUR
TDV,THONDE BHAVI
TDW,TANDWAL
TEA,TAREGNA
TEG,TRIBEDIGANJ
TEK,TEKKALI
TEL,TENALI JN.
TELO,TELO
TELY,TELIA
TEN,TIRUNELVELI
TEO,TEEGAON
TEP,TEMPA
TERH,TERHA HALT
TET,TETULMARI
TETA,TELTA
TFGN,TUFANGANJ
TGA,TEGHRA
TGB,TANGRABASULI
TGDE,THANGUNDI
TGE,THEKERAGURI
TGH,TITA GARH
TGL,TUGGALI
TGM,TANGARMUNDA
TGN,TALEGAON
TGP,TULJAPUR
TGQ,TENGANMADA
TGRL,TANGIRIAPAL
TGT,TINAIGHAT
TGU,TARI GOPPULA
TH,TINICH
THA,TEHTA
THAN,THAN
THB,THANA BIHPUR
THBN,THANA BHAWAN
THDR,THANDLA ROAD
THE,THAWE JN.
THEA,THALERA
THED,TAUHEED
THJ,TALHERI BAZU
THK,THAKURLI
THKU,THALAKU
THL,TIRUVALAM
THM,THAIYAT HAMI
THMA,THAM
THMR,THATHANA MIT
THN,TOLAHUNSE
THO,TULIN
THP,TAHERPUR
THPR,TIPPAPUR HAL
THR,THARA
THS,THANSIT
THUR,THURIA
THV,THERUBALI
THVM,THIVIM
THW,THARWAI
THX,TOVALAI H.
THY,THADI
TI,TIRUNINRAVUR
TIA,TILAIYA
TIBI,TIBI
TIC,TIMMACHIPURA
TID,TAGDI
TIG,TITLA GARH J
TIHU,TIHU
TII,TINGRAI
TIK,TIK
TIL,TILRATH
TILA,TILA
TIM,TIMMANACHERL
TIP,TATAPPARAI
TIR,TIRUR
TIS,TATISILWAI
TISI,TISI
TIT,TALIT
TIU,TILARU
TIW,TIVARI
TJ,THANJAVUR JN
TJD,TAJPUR DEHMA
TJH,TEJGADH
TJM,TURINJAPURAM
TJP,TAJPUR
TJW,TEJPURWA (HA
TK,TUMKUR
TKA,TEHARKA
TKB,TUPKADIH
TKBG,TEKA BIGHA
TKBN,T.SAKIBANDA
TKC,THAKURKUCHI
TKD,TUGALAKABAD
TKE,TARIKERE
TKF,TAKI ROAD
TKG,THAKURGANJ
TKH,THAKURTOLA P
TKHA,TAKHA
TKHE,TAKARKHEDE
TKI,TAKLI
TKJ,TILAK BRIDGE
TKLE,TIKANI
TKLN,TARRA KALAN
TKMG,TIKAMGARH
TKMY,TAKLIMIYA HA
TKN,TANKUPPA
TKND,TRIVIKARAMDE
TKNR,THAKURNAGAR
TKOT,TOKKUTTU
TKP,TAKIPUR
TKPH,TAKIPUR HALT
TKPL,TIKIRAPAL PH
TKPY,TURKAPALLI
TKQ,TRIKARPUR
TKR,TAKARI
TKRA,TIKRA PH
TKRI,TIKIRI
TKRP,TIKAULI RAWA
TKRU,TAKHRAU HALT
TKS,TOKISUD
TKT,TIKKOTTI
TKTB,THAKURBARI
TKU,TANAKALLU
TKUR,TAPPA KHAJUR
TKVR,TEK NEWAS
TKWD,TIKEKARWADI
TKYR,TIKARIYA
TL,TILONIYA
TLA,TITVALA
TLAM,TULSI ASHRAR
TLC,TALCHHAPAR
TLD,TILDA
TLE,TALGARIA
TLG,TOLLY GANJ
TLGP,TALGUPPA
TLGR,TULSI NAGAR
TLH,TILHAR
TLHD,TALCHER ROAD
TLHR,TALCHER
TLI,TALWARA JHIL
TLJ,TALJHARI
TLKH,TALAKHAJURI
TLL,TALAP
TLM,TIRUSULAM
TLMD,TRILOCHAN MA
TLMG,TALAMADUGU H
TLMR,TELIAMURA
TLN,TALNI
TLNH,TILAUNCHI
TLNR,TALANALLUR
TLO,TALANDU
TLPH,TALPUR
TLR,TULSIPUR
TLRA,TALARA
TLS,BETTAHALASUR
TLT,TILATI
TLU,TARLUPADU
TLV,TALVADIYA
TLWA,THALWARA
TLX,TALDI
TLY,THALASSERY
TLZ,TALAVLI
TMB,TEMBURU
TMC,TALAMANCHI
TMD,TALMADLA
TME,TUTIMELUR
TMGN,THAMLA MOGAN
TMH,TIN MILE HAT
TMKA,TOMKA
TMLP,TIRUMALPUR
TMLU,TUMMALACHERU
TMP,TAMARAIPADI
TMPM,TIMMAPURAM H
TMPT,TIRUMALAIRAY
TMPY,TUMBOLI H.
TMQ,TIRUMANGALAM
TMR,TUMSAR RD
TMS,TUMSAR TOWN
TMT,TIMTALA
TMU,TIRUMATHIKKU
TMUR,Tenua Dumari
TMV,TINDIVANAM
TMVL,THIRUMULLAIV
TMX,TIMMAPUR
TMZ,TAMLUK
TN,TUTICORIN
TNA,THANE
TNDE,THANESAR CIT
TNGL,TORANAGALLU
TNGM,TONDALAGOPAV
TNGR,THONGANUR H
TNH,TINKHEDA
TNI,TANDARAI
TNJR,TAJ NAGAR
TNKU,TANUKU
TNL,TANGLA
TNM,TIRUVANNAMAL
TNO,TUNDU
TNP,TONDIARPET
TNPR,TEZNARAYANPU
TNR,TANGUTURU
TNRI,TENERI HALT
TNRU,TENNERU HALT
TNT,TINNAPATTI
TNUE,TINDAULI
TNW,THANPAR NAGA
TNX,TARAK NAGAR
TO,TIRUVALANGAD
TOI,TAMKUHI ROAD
TOK,THOKUR
TOM,TONDAMANPATT
TOP,TAPASI
TOR,TITUR
TORA,TORNIYA
TORI,TORI
TOU,TELAPROLU
TP,TIRUCHIRAPPA
TPB,TRILOKPUR (H
TPC,TIRUPPACHETT
TPE,TIRUCHIRAPPA
TPF,TARAPITH ROA
TPG,TIPLING
TPH,TINPAHAR JN.
TPJ,TIRUCHIRAPPA
TPK,TIPKAI
TPKR,TIKIAPARA
TPM,TOTIYAPALAIY
TPND,TALAJA PANCH
TPO,TANTPUR
TPP,TOPPUR
TPPI,THIPPARTHI
TPQ,TOKOPAL
TPT,TIRUPATTUR
TPTN,TIRUCHIRAPPA
TPTY,TIRUPATI
TPV,TINPHERIA (H
TPW,TIRUPATI WES
TPY,TADAKAL PUDI
TPZ,TAPRI JN.
TQA,TAKIA
TQL,THEH QALANDA
TQM,TELAM
TQN,TIKUNIA
TQR,TEKTAR F
TR,TARUR
TRA,TANGRA
TRAN,TORANG
TRB,TIRUVERUMBUR
TRBE,TARABARI
TRDI,TIRODI
TRE,TIKRI HALT
TRF,TAROPA
TRG,TARIGHAT
TRJ,TARIASUJAN
TRK,TIRUKKOVILUR
TRKR,TUREKALA ROA
TRL,TIRUVALLUR
TRM,TIRUNAGESVAR
TRN,TARAON
TRO,TIRORA
TRP,TARAPUR
TRPL,TRIPAL
TRR,TARAORI
TRS,TARSARAI
TRSR,TARSAI
TRT,TIRUTTANI
TRTR,TRIPUNITTURA
TRVL,TIRUVALLA
TRVZ,TIRUVIZHA
TRWT,TARWATA
TRZ,TOLRA
TSA,TISUA
TSAH,TATASIGUA
TSD,TAHSIL BHADR
TSF,TAHSIL FATEH
TSI,TENKASI
TSK,TINSUKIA JN.
TSL,TAKSAL
TSR,TSUNDURU
TSS,TALLI SAIDA
TT,TITTE
TTB,TITABAR
TTI,TURTIPAR F
TTL,TIRUTTANGAL
TTLA,TETELIA
TTO,TARN TARAN
TTQ,THATHANKULAM
TTR,TIPTUR
TTU,TETTU
TU,TADIPATRI
TUA,TIRUNNAVAYA
TUD,TALODI
TUG,THALANGAI
TUJ,TANIJAN
TUL,TIRALDIH
TUN,TOHANA
TUNG,TUNG
TUNI,TUNI
TUP,TIRUPPUR
TUR,TURKI
TUV,TUVVUR HALT
TUVR,THURAVUR
TUWA,TUWA
TUX,TUNIA
TUY,THIRUTHURAIY
TVC,TRIVANDRUM C
TVG,TAVARGATTI
TVI,TARADEVI
TVL,TADWAL
TVN,TIRUPPUVANAM
TVNL,TIRUVENNAMAL
TVP,TRIVANDRAM P
TVR,THIRUVARUR J
TVS,TALAIVASAL
TVT,TIRUVOTTIYUR
TWB,TALWANDI
TWG,TWINING GANJ
TWI,TOTEWAHI HAL
TWL,TILWARA
TWV,THUWAVI
TXD,TYADA
TXM,TANDAVAPURA
TY,TULUKAPATTI
TYAE,TENYA
TYM,TIRUMAIYAM
TYT,TIRUNELVELI
TZD,TOZHUPPEDU
TZH,TAKAZHI
TZR,TURKI
UA,UPLETA
UAA,UPPALA
UAM,UDHAGAMANDAL
UB,USKA BAZAR
UBC,AMBALA CITY
UBL,HUBLI JN.
UBN,UBARNI
UBR,UMBERGAON RO
UCA,UCHANA
UCB,UNCHI BASSI
UCH,UNCHAULIA
UCP,UCHIPPULI
UCR,UNCHAHAR JN.
UD,UDUPI
UDGR,UDGIR
UDK,UDYANKHERI
UDKN,UDAYPUR KHUR
UDL,ANDAL JN.
UDM,UNDASA MADHA
UDMR,UDI MOR
UDN,UDHNA JN.
UDPR,UDAIPURA
UDPU,UDAIPUR
UDR,AMDARA
UDS,UDASAR
UDT,UDUMALAIPPET
UDZ,UDAIPUR CITY
UGD,UPPU GUNDURU
UGN,UGAON
UGNA,UGNA
UGP,UGARPUR
UGR,UGAR KHURD
UGU,UGU
UHL,UNA HIMACHAL
UHP,UDHAMPUR
UHR,UNCHEHARA
UJ,UJALVAV
UJA,UNJHA
UJH,UJHANI
UJN,UJJAIN JN
UJP,UJIARPUR
UKA,UKHRA
UKC,UKSI
UKD,ULINDAKONDA
UKE,UTTARKATHANI
UKH,UKHALI HALT
UKL,UTTUKULI
UKN,UKLANA
UKR,UDALKACHHAR
UKV,UTTAMARKOVIL
ULB,ULUBARIA
ULD,ACHALDA
ULG,UDALGURI
ULL,ULLAL
ULM,URLAM
ULN,ULNA BHARI
ULNR,ULHASNAGAR
ULT,KULTI
ULU,ULUNDURPET
UM,UMERDASHI
UMB,AMBALA CANTT
UMD,USMANABAD
UMED,UMED
UMG,UTTANGAL MAN
UMH,UMRETH
UML,UMALLA
UMM,UMRAM
UMN,AMBLIYASAN J
UMNF,AMBLIYASAN J
UMNR,UMESHNAGAR
UMR,UMARIA
UMRI,UMRI
UMS,UDRAMSAR
UNA,UNA
UND,UNCHDIH
UNDI,UNDI
UNK,UNKAL
UNL,UNHEL
UNLA,UNAULA
UOI,UMROLI
UPA,UTTARPARA
UPD,ULAVAPADU
UPL,UPPALUR
UPR,USMANPUR
UPW,UPPALAVAI
UR,UMDANAGAR
URD,UNTARI ROAD
UREN,UREN
URGA,URGA
URI,URULI
URK,URKURA
URL,UNJALUR
URMA,URMA
URML,UPARMAL
URN,UTRAN
URP,UDAIRAMPUR
URPR,UGRASENPUR
URR,UMRED
USD,UKAI SONGHAD
USK,USIAKHAS HAL
USL,USALAPUR
USRA,USRA
UTA,UMAR TALI
UTD,UTARSANDA
UTL,UTARLAI
UTN,UTTAR RADHAN
UTP,UTRI PURA
UTR,UTRAITIA JN
UVD,UDVADA
UWAN,URWAN
UWNR,UDWANT NAGAR
VAA,BHAGA JN
VADR,VARUD
VAK,VARKALA
VAL,VADAL
VAN,VADHVANA
VAPI,VAPI
VAPM,VALAPATTANAM
VAR,VIDYA NAGAR
VARD,VAIKAM ROAD
VAT,VATLUR
VAY,VAYALAR
VB,Villiambakka
VBH,VISHNUPUR BA
VBL,BOBBILI JN.
VBR,VAMBORI
VBW,VAIBHAVWADI
VCN,VIROCHANNAGA
VD,VADADIYA
VDA,VASAD JN.
VDD,VENDODU
VDE,VEDAYAPALEM
VDH,VEDCHHA
VDI,VELDURTI
VDK,VADAKANNIKAP
VDKS,VADANAM KURU
VDL,VAITHISVARAN
VDLR,MUMBAI VADAL
VDM,VADAMADURA
VDN,VADGAON
VDP,VADIPPATTI
VDR,VANDALUR
VDS,VIDYASAGAR
VDV,VADIYA DEVLI
VEER,VEER
VEI,VELLIYANAI
VEK,VELLARAKKAD
VEL,VELLANUR
VELI,VELI H.
VEN,VERNA
VER,VELLUR HALT
VEU,VEPPAMPATTU
VG,VIRAMGAM JN
VGA,VEPAGUNTA
VGE,VALAPPADI GA
VGH,VELANGI HALT
VGI,VANGANI
VGL,VAGHLI
VGM,VINNAMANGALA
VGN,VANGAON
VGRA,VAGRA
VGT,UNGUTURU
VH,VAKADA HALT
VHGN,WIHIRGAON
VI,VILLIANUR HA
VID,VILAVADE
VINH,VINHERE
VJA,VEJANDLA
VJD,VIJAPADI ROA
VJF,VIJAPUR
VJK,VEJALAKA
VJP,VIJAYPUR
VJPJ,VIJAYPUR JAM
VJR,VIJAYA NAGAR
VK,VIKHROLI
VKA,VERKA JN.
VKB,VIKRABAD JN.
VKD,BAKHRABAD
VKG,VAVADI KHURD
VKH,VIKHRAN ROAD
VKI,VENKATAGIRI
VKM,VENKATESHAPU
VKN,VINUKONDA
VKNR,VALMIKINAGAR
VKP,VARAKALPATTU
VKR,VENKATNAGAR
VKT,VENKATACHALE
VKZ,VENKATANARAS
VL,VILAD
VLA,BAVLA
VLCY,VELACHEERY
VLD,VAYALPADU
VLDE,VALADI
VLDI,VITHALWADI
VLDR,VALADAR
VLE,VELLALCHERUV
VLG,VALI GONDA
VLI,VALLIUKUNNU
VLK,VILLIVAKKAM
VLL,VELLAYIL HAL
VLNK,VELANKANNI
VLR,VELLORE CANT
VLT,VALATHOOR
VLTR,VADALI LUTER
VLU,VADALUR
VLV,VALLIVEDU
VLY,VALLIYUR
VLYN,VALLABH VIDH
VM,VILLUPURAM J
VMA,VIKRAMGARH A
VMD,VADLAMANNADU
VML,VEMULAPADU
VMP,VALLAMPADUGA
VMU,VEMURU HALT
VN,VANIYAMBADI
VNA,VARANGAON
VNB,VANIYAMBALAM
VND,VENDRA HALT
VNE,VISHWANATH C
VNGL,LADDIVADI
VNGP,VANGAICHUNGP
VNJ,VANJIPALAIYA
VNK,BINAIKI
VNM,ONTIMITTA
VNN,BHANAUR
VNR,DEVANUR
VNRD,VANIROAD
VNUP,VISHNUPURAM
VONB,VONDH
VP,VIRAPUR
VPDA,VIDYAPATINAG
VPG,VENTRAPRAGAD
VPJ,VAIYAMPATTI
VPL,VENKATAM PAL
VPO,BHUPIA MAU
VPR,VISAPUR
VPT,VIRUDUNAGAR
VPU,VELPURU HALT
VPY,VEYSARPADI
VPZ,VALAPUZHA HA
VR,VIRAR
VRA,VALAVANUR HA
VRB,VISHRAMBAG
VRBD,VRINDABAN RO
VRDP,VARADAPUR
VRE,VAREDIA
VRG,VIKRAM NAGAR
VRH,VIRBHADRA
VRI,VRIDHA CHALA
VRL,VERAVAL
VRLF,VERAVAL MG
VRLI,veravali
VRLR,VIRANI ALUR
VRM,VARNAMA
VRN,VANGANUR
VRPD,VIRAPANDY RO
VRQ,VIRARAKKIYAM
VRR,VIRPUR
VRT,VRIDDHACHALA
VRVL,VIRA VALLI H
VRX,VARAHI
VS,VISHWAMITRI
VSD,VASIND
VSG,VASCO-DA-GAM
VSH,VASHI
VSKP,VISAKHAPATNA
VSPR,BISNUPRIYA H
VST,VIJAYSOTA
VSU,BISHNUPUR
VSW,VISAVADAR
VT,VELLORE TOWN
VTA,VATVA
VTE,VENKATAGIRIK
VTG,BHETAGURI
VTJ,VARTREJ
VTK,VALLATTOLNAG
VTL,VADTAL SWAMI
VTM,VETAPALEM
VTN,VAITARNA
VTP,VASTRAPUR
VTV,VALANTARAVAI
VU,VAGHPURA
VV,VALIVADE
VVA,VARVALA
VVB,VIVEK VIHAR
VVD,VAVDI
VVH,VIDYAVIHAR
VVKN,VIVEKANANDA
VVKP,VIVEKANANDPU
VVM,VIRAVASARAM
VVN,VIKRAVANDI
VVR,VIRAVANALLUR
VVV,VAVERA
VWA,VIDURASWATTH
VXD,VADOD
VXM,VELIPPALAIYA
VYA,VYARA
VYK,VILAYAT KALA
VYN,VYASANAGAR
VZ,VIJAYAMANGAL
VZM,VIZIANAGARAM
VZPH,VAZEER PUR
VZR,BHANJPUR
WAB,BALWA
WADI,WADI JN.
WADO,WADODA
WAIR,WAIR
WANI,WANI
WC,WADHWAN CITY
WCN,WIMCO NAGAR
WDA,WADRENGDISA
WDG,WADEGAON
WDJ,WANDER JATAN
WDL,WANDAL
WDLN,WADWALNAGNAT
WDM,WYNDHAMGANJ
WDN,VADGAON NILA
WDR,WADIARAM
WDS,WADSINGE
WEL,WELLINGTON
WENA,WENA
WFD,WHITE FIELD
WG,WAGHOLI
WGA,WAGHODA
WGJ,WARISGANJ HA
WH,WEST HILL
WHM,WASHIM
WIRR,WIRUR
WJ,WALAJABAD
WJR,WALAJAH ROAD
WKA,VAKAV
WKI,WADAKANCHERI
WKR,WANKANER
WKRC,WANKANER CIT
WL,WARANGAL
WLGN,WALGAON
WLH,VALHA
WNG,WANEGAON HAL
WOC,WARUD ORANGE
WP,WANGAPALLI
WPR,WANPARTI ROA
WR,WARDHA JN.
WRA,WALAYAR
WRC,WRS COLONY
WRGN,WARIGAON NEW
WRI,WARASEONI
WRR,WARORA
WRS,WARISALIGANJ
WSA,WADSA
WSB,WASHIMBE
WSC,WEST CABIN T
WSD,WASUD
WSJ,WANSJALIYA J
WST,WASHERMANPET
WTJ,JAMWANTHALI
WTR,WATHAR
WW,WANABAR HALT
WWA,VAVANIYA
WZJ,WAZERGANJ
XBKJ,BIKRAM GANJ
Y,YELIYUR
YA,YERRA GUNTLA
YAD,YEULKHED
YADA,SATYAVALLI
YAG,YAQUTGANJ (H
YDD,YADUDIH
YDLP,YADALAPUR
YDM,YEDAMANGALA
YDP,YEDAPALLI  H
YDV,YADVENDRANAG
YFP,YUSUFPUR
YG,YADGIR
YGA,YARAGOPPA H
YGD,YERRAGUDIPAD
YGL,YELGUR
YGM,YADUGRAM BH
YJUD,YAMUNANAGER
YKA,YAKUT PURA
YL,YEOLA
YLG,YALVIGI
YLK,YELLAKARU
YLM,ELAMANCHILI
YNG,YENUGONDA HA
YNK,YELAHANKA JN
YP,ERRUPALEM
YPD,YERPEDU
YPR,YESVANTPUR J
YPRA,YESVANTPUR B
YS,YERMARAS
YSI,YEDSI
YT,YEVAT
YVP,YAWARPURA
YY,YEDIYYURU
ZARP,ZARAP
ZB,ZAHIRABAD
ZBD,ZAFARABAD JN
ZN,JANGAON
ZNA,ZAMANIA
ZNP,ZINDPURA (HA
ZP,ZERPUR PALI
ZPI,ZAMPANI HALT
ZPL,ZANGALAPALLE
ZPR,ZORAWARPURA
ZRDE,JIRADEI
